Date,AAL,AAPL,AMD,AMSC,AMZN,APO,APP,ARKX,AVGO,BA,BOTZ,BOXX,BTC,CASHHH,CAT,CCI,CG,COIN,COST,CRCL,DAL,DIS,ETHA,FLQM,FTNT,GBTC,GLDM,GME,GOOG,GOOGL,HOOD,IBIT,ICSH,INCO,INTC,IONQ,IP,JNJ,KMB,LUNR,LUV,MAMA,META,MSFT,MSTR,NVDA,NVO,NXPI,NYCB,ON,PG,PRFX,QQQ,QQQM,RCAT,RGR,RKLB,ROKT,SCHA,SCHW,SN,SNAP,SNDK,SOFI,SOUN,SPHQ,SPY,SQQQ,TGB,TQQQ,UBER,UFO,URA,VB,VGT,VOO,VOOG,VTI,VUG,VXUS,WMT,XLK

2022-01-03,18.75,182.01,150.24,11.02,3408.09,71.53,94.38,18.95,663.32,207.86,36.09,NaN,NaN,NaN,207.0,207.74,54.21,251.05,566.71,NaN,40.29,156.76,NaN,47.8366,333.12,NaN,17.9,152.84,2901.49,2899.83,18.44,NaN,50.39,54.3538,53.21,17.47,46.79,171.54,142.43,NaN,44.0,NaN,15.25,334.75,558.26,301.21,108.79,231.22,12.42,70.17,162.9,1.44,401.68,165.24,2.19,68.87,12.2,40.0627,103.46,85.76,NaN,46.59,NaN,15.68,NaN,53.41,477.71,5.74,2.11,171.13,43.95,27.22,24.17,227.46,462.0,439.25,304.02,242.97,323.09,63.98,144.65,175.52
2022-01-04,19.02,179.7,144.42,10.99,3350.44,73.56,88.61,18.83,670.92,213.63,35.87,NaN,NaN,NaN,218.08,202.15,55.57,250.15,564.23,NaN,40.59,155.73,NaN,48.0102,322.14,NaN,18.04,148.91,2888.33,2887.99,17.4,NaN,50.38,54.2797,53.14,16.44,48.47,171.08,143.2,NaN,44.66,NaN,14.91,329.01,551.07,292.9,106.14,232.87,12.59,70.95,163.47,1.56,396.47,163.07,2.13,69.62,11.65,40.6475,103.39,89.96,NaN,44.03,NaN,15.05,NaN,53.72,477.55,5.97,2.16,164.48,44.42,27.06,24.6,227.97,456.16,439.07,301.09,242.51,319.19,64.06,142.0,173.66
2022-01-05,18.68,174.92,136.15,10.48,3287.14,69.6,82.03,18.19,643.0,213.07,34.8,NaN,NaN,NaN,219.75,188.46,51.4,234.23,549.92,NaN,40.28,155.19,NaN,47.1098,303.49,NaN,17.98,129.37,2753.07,2755.5,15.98,NaN,50.37,54.22,53.87,15.38,48.69,172.22,144.06,NaN,43.99,NaN,14.24,316.38,509.1,276.04,102.54,224.57,12.62,67.42,164.21,1.42,384.29,158.15,2.16,68.73,10.7,39.79,100.27,89.31,NaN,41.33,NaN,14.1,NaN,52.84,468.38,6.53,2.16,149.35,43.24,26.21,24.75,221.57,441.02,430.66,291.91,237.25,308.23,63.42,143.92,168.32
2022-01-06,18.57,172.0,136.23,10.34,3265.08,69.57,82.15,18.09,637.03,211.34,34.47,NaN,NaN,NaN,221.99,192.5,51.46,234.0,549.8,NaN,40.11,156.9,NaN,47.22,314.0,NaN,17.77,131.03,2751.02,2754.95,15.58,NaN,50.37,54.9031,54.01,14.84,48.34,171.63,143.12,NaN,43.89,NaN,14.28,313.88,498.62,281.78,102.86,226.96,13.01,67.25,162.83,1.39,384.02,157.96,2.02,68.73,10.65,39.9702,100.82,90.74,NaN,41.68,NaN,13.78,NaN,53.0,467.94,6.54,2.05,148.94,42.03,26.22,23.39,222.64,439.35,430.08,291.16,237.19,307.56,63.24,143.52,167.47
2022-01-07,19.28,172.17,132.0,10.23,3251.08,68.96,80.45,17.97,619.15,215.5,33.9,NaN,NaN,NaN,224.19,194.73,51.02,232.33,536.18,NaN,41.51,157.83,NaN,46.7262,314.66,NaN,17.84,140.62,2740.09,2740.34,15.89,NaN,50.38,55.397,53.44,14.37,48.87,173.95,143.74,NaN,45.35,NaN,14.13,314.04,482.95,272.47,101.49,221.33,13.13,64.56,162.74,1.33,379.86,156.27,2.05,68.02,10.86,40.1639,99.74,91.74,NaN,41.36,NaN,13.74,NaN,52.92,466.09,6.74,2.06,144.07,41.51,26.5,24.21,220.93,434.86,428.59,288.37,236.11,304.21,63.52,144.89,165.93
2022-01-10,18.79,172.19,132.0,9.89,3229.72,68.35,82.94,17.77,621.16,209.31,33.43,NaN,NaN,NaN,221.64,190.67,50.14,225.01,518.8,NaN,40.63,156.6,NaN,46.5553,324.71,NaN,17.9,131.15,2771.48,2773.39,15.61,NaN,50.38,55.4392,55.21,13.71,48.57,173.09,144.59,NaN,45.24,NaN,14.13,314.27,481.95,274.0,101.79,221.83,13.12,65.12,160.52,1.36,380.11,156.42,1.93,68.36,10.46,39.8509,99.43,91.65,NaN,41.71,NaN,13.37,NaN,52.91,465.51,6.71,2.02,144.6,42.6,26.1,23.78,220.09,435.32,428.03,288.55,235.7,303.59,63.05,144.61,165.96
2022-01-11,19.02,175.08,137.31,9.96,3307.24,70.58,84.0,18.09,622.05,216.02,33.63,NaN,NaN,NaN,219.95,187.59,52.18,237.23,522.03,NaN,41.23,157.89,NaN,46.7977,323.56,NaN,18.12,130.3,2800.35,2794.72,16.41,NaN,50.37,56.23,55.91,14.69,48.52,171.25,143.14,NaN,45.83,NaN,14.46,314.98,506.56,278.17,101.22,227.54,13.2,65.93,158.66,1.39,385.82,158.61,2.05,67.85,10.86,40.2644,100.61,93.91,NaN,43.31,NaN,13.94,NaN,53.35,469.75,6.43,2.1,150.96,43.62,26.54,24.08,222.67,441.07,431.78,291.7,238.05,307.52,63.95,144.2,167.95
2022-01-12,18.5,175.53,137.47,9.65,3304.14,70.76,84.33,17.92,622.0,217.45,33.98,NaN,NaN,NaN,222.4,189.42,52.75,234.7,525.8,NaN,40.61,157.8,NaN,46.9,320.79,NaN,18.16,128.06,2832.96,2828.61,16.25,NaN,50.38,56.19,55.74,14.09,48.49,169.79,143.09,NaN,45.21,NaN,14.53,318.27,514.64,279.99,100.75,229.02,13.28,66.49,159.01,1.38,387.35,159.36,2.01,67.19,11.45,40.1085,99.99,94.82,NaN,42.73,NaN,13.86,NaN,53.48,471.02,6.34,2.18,152.68,43.04,26.52,24.18,221.9,442.51,433.07,292.97,238.42,308.62,64.7,143.44,168.74
2022-01-13,19.34,172.19,132.74,9.33,3224.28,69.55,79.55,17.52,597.19,223.9,32.74,NaN,NaN,NaN,227.0,187.38,51.87,228.23,516.88,NaN,41.47,155.44,NaN,46.392,307.88,NaN,18.11,122.48,2782.62,2771.74,15.3,NaN,50.375,55.9181,54.94,12.98,49.3,168.76,142.89,NaN,45.79,NaN,13.9,304.8,489.59,265.75,99.56,221.86,13.3,64.64,158.29,1.39,377.66,155.47,1.95,68.16,10.64,39.7953,99.21,93.38,NaN,38.38,NaN,13.09,NaN,52.98,464.53,34.06,2.05,70.8,42.87,25.86,23.2,220.13,430.0,427.1,285.6,234.93,300.48,64.14,145.47,164.37
2022-01-14,18.49,173.07,136.88,9.6,3242.76,68.83,79.01,17.55,596.37,225.96,32.18,NaN,NaN,NaN,228.94,184.15,51.19,230.03,502.99,NaN,40.31,151.94,NaN,46.2312,312.54,NaN,18.06,116.65,2795.73,2789.61,15.17,NaN,50.36,55.28,55.7,12.93,49.5,167.84,143.2,NaN,45.82,NaN,13.97,310.2,499.56,269.42,96.32,225.29,13.26,66.2,159.81,1.39,380.01,156.28,1.96,67.07,10.42,39.98,99.15,95.53,NaN,38.04,NaN,13.2,NaN,52.89,464.72,33.5,2.01,71.87,41.51,26.0,23.04,219.76,433.47,427.23,286.43,235.02,301.14,64.08,145.06,165.76
2022-01-18,17.9,169.8,131.93,9.09,3178.35,67.65,72.44,17.14,577.79,225.01,31.23,NaN,NaN,NaN,229.87,184.0,51.13,222.0,488.07,NaN,39.54,152.27,NaN,45.41,308.47,NaN,18.03,108.91,2725.81,2719.96,14.4,NaN,50.36,54.655,54.76,12.2,49.31,167.1,140.88,NaN,45.43,NaN,13.55,302.65,468.28,259.03,96.39,217.42,13.1,63.03,156.73,1.37,370.55,152.62,1.88,65.97,10.09,39.314,96.37,92.16,NaN,35.7,NaN,12.06,NaN,51.76,456.49,35.9,2.03,66.69,38.41,25.41,22.03,214.28,422.41,419.74,279.66,230.45,293.96,63.13,142.52,161.78
2022-01-19,17.31,166.23,128.27,8.74,3125.98,67.05,70.12,17.02,563.97,217.08,30.8,NaN,NaN,NaN,221.66,183.19,50.59,219.5,490.16,NaN,38.82,150.11,NaN,45.09,307.16,NaN,18.32,106.57,2713.04,2702.33,13.89,NaN,50.37,54.7831,53.62,11.79,49.35,166.58,142.68,NaN,44.43,NaN,13.41,303.33,460.42,250.67,97.29,210.95,12.72,59.01,162.0,1.31,366.48,150.78,1.93,66.48,9.85,38.95,94.88,91.51,NaN,35.05,NaN,13.71,NaN,51.03,451.75,37.15,2.11,64.37,37.86,25.23,22.56,211.27,416.52,415.33,276.52,228.03,291.19,63.18,143.94,159.52
2022-01-20,16.76,164.51,121.89,8.53,3033.35,67.0,70.9,16.89,547.72,214.19,30.55,NaN,NaN,NaN,216.63,181.65,50.7,221.62,482.82,NaN,38.84,147.62,NaN,44.398,304.99,NaN,18.26,102.67,2670.13,2666.15,13.69,NaN,50.36,54.2324,52.04,11.72,48.17,165.25,141.57,NaN,44.34,NaN,13.3,301.6,457.53,241.5,95.46,199.61,12.46,55.54,162.0,1.23,361.72,148.81,1.81,65.7,9.73,38.65,93.23,91.43,NaN,34.99,NaN,15.0,NaN,50.41,446.75,38.61,2.03,61.88,37.82,25.14,22.13,207.91,411.34,410.76,272.89,225.37,287.38,63.0,141.22,157.46
2022-01-21,16.3,162.41,118.81,7.98,2852.86,65.9,68.49,16.47,533.23,205.44,29.49,NaN,NaN,NaN,214.09,182.25,49.09,191.97,481.61,NaN,37.86,137.38,NaN,43.9697,288.65,NaN,18.21,106.36,2601.84,2607.03,12.98,NaN,50.36,53.44,52.04,10.88,47.29,164.87,143.32,NaN,43.37,NaN,12.77,296.03,375.89,233.74,95.36,199.95,12.1,54.73,162.62,1.19,351.69,144.64,1.68,66.27,9.0,38.05,91.44,89.2,NaN,32.12,NaN,13.89,NaN,49.45,437.98,41.79,1.95,56.67,35.94,24.57,20.75,203.75,402.43,402.69,265.96,220.91,279.57,62.09,140.19,154.33
2022-01-24,16.41,161.62,116.53,8.25,2890.88,65.35,69.54,16.49,541.58,204.2,29.3,NaN,NaN,NaN,214.33,183.61,48.04,191.48,488.9,NaN,37.91,137.46,NaN,44.5093,290.37,NaN,18.29,100.15,2607.44,2616.08,13.12,NaN,50.36,51.6204,51.94,10.89,48.23,162.97,141.8,NaN,43.87,NaN,12.84,296.37,370.45,233.72,95.44,203.07,12.25,55.34,161.3,1.18,353.3,145.25,1.7,67.92,8.72,38.3465,93.49,88.71,NaN,31.8,NaN,13.3,NaN,49.71,439.84,41.27,1.92,57.49,36.28,24.45,20.77,207.83,405.03,404.37,267.47,222.33,281.6,61.37,140.2,155.13
2022-01-25,16.46,159.78,111.13,8.1,2799.72,64.15,64.58,16.25,534.14,204.1,28.81,NaN,NaN,NaN,214.31,182.18,47.09,185.63,477.32,NaN,38.72,136.51,NaN,43.6917,272.95,NaN,18.37,99.79,2534.71,2538.7,13.05,NaN,50.35,52.6404,51.0,10.44,47.74,167.63,139.63,NaN,43.85,NaN,12.43,288.49,365.05,223.24,95.16,194.77,12.19,53.32,159.54,1.18,345.11,141.82,1.68,67.41,8.49,37.7019,91.87,88.53,NaN,30.66,NaN,12.76,NaN,49.33,434.47,44.08,1.96,53.25,34.82,24.31,20.81,204.56,395.08,399.46,261.82,219.22,274.81,61.14,137.15,151.54
2022-01-26,16.24,159.69,110.71,7.84,2777.45,63.55,63.03,15.99,557.12,194.27,28.75,NaN,NaN,NaN,214.29,176.9,46.5,178.64,483.47,NaN,38.76,133.6,NaN,43.22,271.15,NaN,18.07,103.26,2584.8,2584.66,12.41,NaN,50.32,52.01,51.69,10.71,47.31,168.38,134.84,NaN,43.71,NaN,12.28,296.71,353.65,227.72,93.1,196.96,12.01,55.76,158.15,1.14,344.57,141.81,1.57,65.33,8.48,37.3046,90.85,90.01,NaN,28.63,NaN,12.58,NaN,49.33,433.38,44.15,1.93,53.15,34.8,24.11,19.97,202.22,396.45,398.56,262.43,218.37,274.47,60.75,135.75,152.43
2022-01-27,15.78,159.22,102.6,7.38,2792.75,66.23,59.78,15.59,542.31,189.75,28.08,NaN,NaN,NaN,212.17,171.57,46.95,170.2,482.52,NaN,38.34,135.42,NaN,42.81,269.72,NaN,17.84,93.52,2582.42,2580.1,11.61,NaN,50.33,51.8477,48.05,9.51,46.39,170.59,137.48,NaN,42.82,NaN,11.95,299.84,319.45,219.44,95.44,187.96,11.7,53.67,159.13,1.09,341.1,140.36,1.58,64.96,8.1,36.5837,88.84,89.7,NaN,28.3,NaN,11.36,NaN,48.93,431.24,45.6,1.88,51.56,34.09,23.6,19.23,198.93,393.09,396.54,260.34,216.75,271.87,60.32,135.84,151.38
2022-01-28,15.64,170.33,105.24,7.37,2879.56,68.16,60.89,15.82,560.1,190.57,28.39,NaN,NaN,NaN,201.16,180.68,48.5,177.58,492.43,NaN,38.28,138.63,NaN,43.6,282.16,NaN,17.78,97.91,2665.79,2667.02,12.73,NaN,50.33,52.38,47.73,10.09,47.18,171.79,138.92,NaN,42.93,NaN,12.31,308.26,338.95,228.4,96.76,189.45,11.74,53.76,160.5,1.1,351.8,144.68,1.59,66.8,8.24,36.8185,90.53,88.91,NaN,30.42,NaN,11.1,NaN,50.32,441.95,41.32,1.85,56.37,35.21,23.86,19.97,202.75,409.84,406.26,269.06,222.09,281.86,60.61,137.52,158.0
2022-01-31,16.47,174.78,114.25,8.2,2991.47,70.0,64.42,16.4,585.88,200.24,29.7,NaN,NaN,NaN,201.56,182.51,51.05,190.15,505.13,NaN,39.69,142.97,NaN,44.3717,297.24,NaN,17.88,108.93,2713.97,2706.07,14.15,NaN,50.36,53.819,48.82,11.44,48.25,172.29,137.65,NaN,44.76,NaN,0.0,310.98,368.01,244.86,99.87,205.44,11.66,59.0,160.45,1.14,363.05,149.31,1.7,67.23,9.04,37.532,93.27,87.7,NaN,32.54,NaN,12.48,NaN,50.98,449.91,37.38,1.91,61.83,37.4,24.49,20.66,208.21,422.26,413.69,276.39,226.81,290.69,61.77,139.81,161.97
2022-02-01,16.83,174.61,116.78,8.65,3023.87,70.65,67.69,16.53,592.72,208.34,30.15,NaN,NaN,NaN,205.35,180.57,52.7,197.73,508.41,NaN,40.49,144.49,NaN,44.53,302.18,NaN,17.89,112.6,2757.57,2752.88,14.65,NaN,50.325,53.9233,48.95,12.2,48.05,170.88,137.26,NaN,45.18,NaN,NaN,308.76,373.0,246.38,102.6,208.2,11.76,59.65,159.74,1.17,365.52,150.34,1.8,66.34,9.49,37.8611,94.31,90.06,NaN,33.66,NaN,13.27,NaN,51.66,452.95,36.58,1.96,63.01,38.61,24.85,21.23,210.76,424.01,416.39,278.52,228.54,293.21,62.3,140.91,162.39
2022-02-02,16.96,175.84,122.76,8.18,3012.25,71.03,65.22,16.35,603.43,207.52,30.32,NaN,NaN,NaN,204.94,184.0,53.83,187.37,522.02,NaN,40.52,142.62,NaN,45.0138,309.88,NaN,17.97,100.04,2960.73,2960.0,14.02,NaN,50.35,53.9127,49.51,11.49,47.71,172.77,135.62,NaN,44.29,NaN,NaN,313.46,348.84,252.42,106.59,210.35,11.53,61.08,162.6,1.1,368.49,151.56,1.75,66.54,9.42,37.874,93.58,90.36,NaN,32.07,NaN,12.16,NaN,52.11,457.35,35.71,1.92,64.5,37.17,24.62,20.89,209.93,426.21,420.36,281.53,230.05,294.84,62.62,140.85,163.71
2022-02-03,16.57,172.9,120.08,7.88,2776.91,68.98,61.31,15.88,580.85,206.39,28.97,NaN,NaN,NaN,200.59,181.68,49.65,181.31,521.77,NaN,39.73,140.03,NaN,44.38,297.0,NaN,17.94,99.23,2853.01,2861.8,14.15,NaN,50.34,53.701,48.28,11.39,47.56,172.76,136.48,NaN,43.44,NaN,NaN,301.25,340.09,239.48,104.63,198.34,11.46,56.21,164.14,1.08,353.55,145.48,1.75,65.9,9.03,37.14,91.86,88.89,NaN,24.5,NaN,11.57,NaN,51.19,446.6,39.96,1.86,56.74,34.54,24.21,19.92,206.05,412.93,410.59,271.21,224.58,283.7,61.78,140.99,158.96
2022-02-04,16.45,172.39,123.6,8.05,3152.79,70.33,68.9,16.225,590.16,206.45,29.16,NaN,NaN,NaN,198.41,180.3,49.82,194.44,519.77,NaN,39.85,142.02,NaN,44.08,314.33,NaN,17.97,102.34,2860.32,2865.86,15.18,NaN,50.315,53.23,48.01,12.9,46.79,171.63,132.66,NaN,43.66,NaN,NaN,305.94,391.64,243.19,99.67,198.12,11.43,57.42,161.53,1.11,358.01,147.15,1.89,65.71,9.49,37.122,92.38,91.9,NaN,38.91,NaN,11.89,NaN,51.26,448.7,38.55,1.88,58.7,37.05,24.27,20.51,206.89,416.08,412.52,274.51,226.07,287.67,61.88,139.33,159.6
2022-02-07,17.28,171.66,123.67,7.87,3158.71,70.88,68.42,16.34,587.63,211.92,29.16,NaN,NaN,NaN,199.82,180.89,50.17,205.74,515.89,NaN,40.94,142.51,NaN,44.0049,307.22,NaN,18.11,102.34,2778.76,2784.02,13.91,NaN,50.31,52.562,48.18,13.19,46.66,171.06,133.27,NaN,44.6,NaN,NaN,300.95,413.47,247.28,101.76,196.92,11.5,62.26,160.32,1.13,355.13,146.1,1.87,66.0,9.57,37.224,92.73,93.14,NaN,37.88,NaN,11.72,NaN,51.16,447.26,39.36,1.87,57.37,37.54,24.3,20.98,207.31,414.04,411.16,272.27,225.5,285.42,61.97,137.96,158.54
2022-02-08,18.26,174.83,128.23,7.98,3228.27,67.6,70.81,16.65,600.22,213.27,29.47,NaN,NaN,NaN,201.5,177.49,49.48,208.73,521.15,NaN,42.61,142.48,NaN,44.59,314.86,NaN,18.15,115.6,2784.26,2787.98,13.38,NaN,50.3,52.5905,48.81,12.96,47.14,171.51,133.23,NaN,46.07,NaN,NaN,304.56,425.43,251.08,101.55,202.53,11.6,65.97,159.96,1.11,359.12,147.74,1.97,67.16,10.01,37.7163,94.36,94.96,NaN,37.56,NaN,12.13,NaN,51.59,450.94,38.08,1.93,59.32,38.34,24.76,21.05,210.6,419.38,414.49,274.9,227.57,288.18,62.33,137.99,160.5
2022-02-09,18.76,176.28,132.85,8.36,3223.79,69.87,74.75,17.02,611.34,215.86,30.48,NaN,NaN,NaN,203.6,179.64,50.64,214.5,528.83,NaN,43.88,147.23,NaN,45.37,329.84,NaN,18.22,124.29,2829.06,2831.84,13.91,NaN,50.305,53.4197,49.91,14.27,47.16,171.49,131.89,NaN,47.02,NaN,NaN,311.21,446.6,267.05,105.92,209.76,11.7,67.08,159.6,1.16,366.73,150.8,2.01,67.56,10.64,38.21,96.14,94.52,NaN,40.28,NaN,12.86,NaN,52.34,457.54,35.66,2.01,63.0,40.19,25.19,22.56,214.77,429.68,420.57,279.98,231.27,294.12,63.35,137.69,164.06
2022-02-10,18.71,172.12,125.77,7.98,3180.07,69.67,72.23,16.72,591.36,218.75,29.81,NaN,NaN,NaN,203.07,173.05,49.34,204.77,518.48,NaN,43.9,152.16,NaN,44.491,325.36,NaN,18.16,122.47,2772.05,2772.4,13.52,NaN,50.25,52.6689,48.86,14.76,46.61,169.42,130.95,NaN,46.53,NaN,NaN,302.38,431.48,258.24,104.06,199.05,11.5,63.42,157.17,1.16,358.43,147.52,1.96,67.09,10.28,37.4008,94.84,92.85,NaN,40.62,NaN,12.39,NaN,51.4,449.32,38.03,1.98,58.82,37.75,24.73,22.1,211.76,419.19,413.18,273.76,227.35,288.43,62.63,136.08,159.77
2022-02-11,17.61,168.64,113.18,7.71,3065.87,65.67,70.31,16.48,573.42,212.3,28.94,NaN,NaN,NaN,201.24,168.88,47.21,194.53,509.67,NaN,42.33,149.47,NaN,43.98,310.27,NaN,18.5,124.25,2682.6,2685.65,13.32,NaN,50.26,51.4846,47.63,16.82,46.56,167.71,132.33,NaN,45.53,NaN,NaN,295.04,411.01,239.49,98.91,186.74,11.6,58.97,156.29,1.1,347.06,142.81,1.91,68.79,9.63,37.3127,93.55,89.11,NaN,39.49,NaN,12.4,NaN,50.59,440.46,41.62,1.97,53.28,35.29,24.35,21.84,209.15,405.96,404.94,265.94,222.94,279.49,61.77,135.33,154.89
2022-02-14,17.43,168.88,114.27,7.8,3103.34,65.63,70.96,16.38,578.58,210.04,28.86,NaN,NaN,NaN,199.89,167.58,46.77,195.25,506.56,NaN,41.97,150.85,NaN,43.685,310.35,NaN,18.59,117.09,2706.0,2710.52,13.35,NaN,50.24,50.61,47.58,16.54,46.23,165.6,132.37,NaN,45.38,NaN,NaN,295.0,409.49,242.67,98.14,185.88,11.46,58.66,156.74,1.1,347.49,142.99,1.81,68.86,9.48,36.9353,93.25,87.74,NaN,39.62,NaN,12.0,NaN,50.19,439.02,41.52,1.95,53.43,34.59,24.13,21.33,208.07,405.89,403.62,265.84,222.12,279.86,61.4,133.95,154.84
2022-02-15,18.84,172.79,121.47,8.43,3130.21,67.58,75.51,16.9,602.77,217.73,30.02,NaN,NaN,NaN,203.41,165.6,48.29,208.95,513.92,NaN,44.49,154.72,NaN,44.3182,322.42,NaN,18.42,126.16,2728.51,2732.17,13.67,NaN,50.26,52.4117,48.44,16.58,46.73,167.31,131.5,NaN,47.3,NaN,NaN,300.47,437.24,264.95,101.36,196.62,11.74,62.24,156.82,1.14,356.13,146.44,1.93,68.35,10.16,37.7842,95.79,89.64,NaN,41.43,NaN,12.58,NaN,50.98,446.1,38.45,1.97,57.3,37.09,24.99,21.77,212.93,417.58,410.1,271.41,226.07,286.24,62.52,134.37,158.91
2022-02-16,18.82,172.55,117.69,8.33,3162.01,67.96,68.71,16.94,597.21,218.93,30.47,NaN,NaN,NaN,203.64,164.67,47.89,207.96,512.4,NaN,44.41,156.35,NaN,44.3074,320.36,NaN,18.61,128.33,2749.75,2754.76,13.51,NaN,50.28,52.63,48.23,15.82,46.57,167.21,131.02,NaN,47.42,NaN,NaN,299.5,434.98,265.11,103.17,199.66,11.84,63.11,158.01,1.13,356.04,146.44,2.02,67.38,9.94,38.0919,95.85,89.33,NaN,40.01,NaN,13.08,NaN,51.06,446.6,38.48,1.98,57.29,36.58,25.0,21.62,213.4,416.84,410.59,271.39,226.28,285.94,62.8,133.53,158.75
2022-02-17,18.22,168.88,112.37,7.95,3093.05,65.23,64.13,16.52,579.0,213.58,29.46,NaN,NaN,NaN,194.74,163.37,45.58,191.92,515.01,NaN,43.31,152.95,NaN,43.5561,310.54,NaN,18.86,123.41,2646.17,2650.78,12.25,NaN,50.27,52.1143,47.57,15.48,46.12,166.19,131.63,NaN,46.38,NaN,NaN,290.73,404.6,245.07,102.45,187.61,11.6,60.19,159.82,1.12,345.45,142.11,2.07,66.4,9.06,37.5964,93.47,86.02,NaN,39.45,NaN,12.18,NaN,49.97,437.06,41.89,1.92,52.21,35.71,24.18,21.19,208.25,403.13,401.86,263.8,221.14,277.55,61.93,138.88,154.0
2022-02-18,17.87,167.3,113.83,7.68,3052.03,64.17,63.77,16.36,579.99,209.03,28.71,NaN,NaN,NaN,191.95,162.34,45.71,189.16,512.67,NaN,42.84,151.36,NaN,43.51,304.85,NaN,18.84,121.53,2609.35,2608.06,11.81,NaN,50.275,51.86,45.04,14.68,46.74,163.36,133.15,NaN,45.98,NaN,NaN,287.93,395.97,236.42,100.81,187.09,11.58,60.2,159.9,1.06,341.51,140.51,1.97,67.06,8.94,37.23,92.65,85.61,NaN,38.01,NaN,11.39,NaN,49.67,434.23,43.29,1.91,50.44,34.68,24.01,20.84,206.68,398.09,399.29,261.14,219.37,274.41,61.54,137.99,152.44
2022-02-22,17.43,164.32,115.65,7.61,3003.95,63.2,57.33,16.11,577.46,198.74,28.45,NaN,NaN,NaN,191.21,163.15,44.83,176.76,502.18,NaN,41.89,148.09,NaN,42.8732,297.4,NaN,18.88,118.06,2588.05,2596.27,11.31,NaN,50.27,51.7568,44.69,14.53,46.91,161.14,132.85,NaN,45.62,NaN,NaN,287.72,377.7,233.9,99.24,187.24,11.47,58.44,157.93,1.06,338.08,139.1,1.83,64.34,8.73,36.9883,91.31,84.57,NaN,36.87,NaN,10.26,NaN,49.21,429.57,44.6,1.87,48.88,33.68,23.63,20.91,203.81,394.18,394.92,257.74,216.85,270.44,60.81,136.45,151.03
2022-02-23,16.64,160.07,109.76,7.48,2896.54,62.1,56.28,15.68,565.19,196.42,27.69,NaN,NaN,NaN,186.67,159.93,44.5,172.74,495.26,NaN,40.19,145.87,NaN,42.1366,284.51,NaN,37.95,114.87,2551.7,2551.76,10.86,NaN,50.26,51.41,44.65,13.72,45.11,161.22,131.94,NaN,44.01,NaN,NaN,280.27,365.03,223.87,97.68,185.15,11.3,57.75,155.96,1.03,329.42,135.47,1.77,65.13,8.63,36.4309,89.45,82.55,NaN,36.98,NaN,9.82,NaN,48.29,421.95,48.01,1.84,45.14,32.39,23.17,21.03,199.99,384.21,387.81,251.74,212.86,263.65,60.21,135.05,147.25
2022-02-24,16.96,162.74,116.61,8.13,3027.16,62.16,57.11,16.48,580.0,198.43,28.4,NaN,NaN,NaN,184.69,165.0,45.34,179.56,505.58,NaN,40.33,149.4,NaN,42.79,316.45,NaN,37.72,124.58,2653.47,2653.82,11.51,NaN,50.27,50.45,46.72,15.6,44.19,158.14,128.57,NaN,44.34,NaN,NaN,294.59,396.96,237.48,98.95,191.42,11.2,61.08,151.76,0.9123,340.49,139.97,1.71,67.33,9.89,37.6886,91.5,82.27,NaN,38.83,NaN,10.33,NaN,48.85,428.3,43.32,1.85,49.56,34.87,23.86,21.83,204.2,398.09,393.77,259.27,216.59,272.66,59.44,134.53,152.28
2022-02-25,17.46,164.85,121.06,8.18,3075.77,65.67,57.2,16.77,588.01,201.48,29.3,NaN,NaN,NaN,187.06,167.58,47.14,176.83,517.49,NaN,41.54,149.53,NaN,43.9,324.97,NaN,37.57,118.58,2690.39,2689.19,11.61,NaN,50.27,51.87,47.71,15.1,45.42,166.0,131.81,NaN,45.14,NaN,NaN,297.31,405.0,241.57,102.75,194.2,11.55,63.5,158.24,0.995,345.77,142.24,1.78,69.81,9.45,38.5925,93.75,85.75,NaN,39.15,NaN,10.67,NaN,49.89,437.75,41.17,1.9,51.91,34.98,24.49,22.71,209.59,403.82,402.37,263.81,221.41,276.85,60.79,136.38,154.35
2022-02-28,17.25,165.12,123.34,8.49,3071.26,65.26,58.08,17.34,587.44,205.34,29.57,NaN,NaN,NaN,187.58,166.59,46.87,190.77,519.25,NaN,39.92,148.46,NaN,43.6901,344.52,NaN,37.96,123.34,2697.82,2701.14,12.01,NaN,50.29,51.61,47.7,15.98,43.53,164.57,130.15,NaN,43.8,NaN,NaN,298.79,443.0,243.85,102.95,190.12,11.54,62.61,155.89,1.05,346.8,142.79,1.74,72.41,9.54,39.8392,94.11,84.46,NaN,39.94,NaN,11.45,NaN,49.65,436.63,40.73,1.89,52.46,36.03,24.98,24.11,210.01,403.91,401.36,264.08,221.17,277.36,60.01,135.16,154.07
2022-03-01,16.29,163.2,113.83,8.54,3022.84,62.4,60.34,17.11,570.12,194.91,29.02,NaN,NaN,NaN,182.83,168.01,45.05,196.17,522.93,NaN,37.64,145.7,NaN,43.1575,337.83,NaN,38.67,119.02,2683.36,2681.23,11.77,NaN,50.28,49.8201,46.82,14.5,41.27,164.0,128.67,NaN,41.95,NaN,NaN,294.95,464.73,234.77,103.6,181.18,11.16,59.65,153.31,1.03,341.49,140.42,1.72,72.87,9.1,39.65,92.31,77.86,NaN,37.84,NaN,11.2,NaN,48.49,429.98,42.65,1.93,50.04,33.89,24.74,24.07,206.14,396.14,395.34,260.02,217.72,273.25,58.89,135.99,150.99
2022-03-02,16.37,166.56,118.28,8.53,3041.05,64.93,57.85,17.11,585.78,197.81,29.74,NaN,NaN,NaN,192.61,173.2,47.42,194.5,528.0,NaN,38.04,147.34,NaN,44.137,344.81,NaN,38.25,121.97,2695.03,2691.43,11.49,NaN,50.23,50.2095,48.87,14.66,42.01,166.04,129.82,NaN,42.32,NaN,NaN,300.19,459.29,242.2,104.67,188.35,11.65,62.87,153.79,1.05,347.22,142.84,1.74,74.3,9.05,40.336,94.54,81.81,NaN,37.37,NaN,11.58,NaN,49.46,437.89,40.58,1.98,52.43,34.04,25.05,24.68,210.98,404.39,402.6,264.55,221.85,277.54,59.51,136.16,154.26
2022-03-03,15.71,166.23,111.98,8.06,2957.97,64.57,55.14,16.72,578.6,188.85,29.14,NaN,NaN,NaN,194.85,175.84,46.16,178.03,533.05,NaN,36.56,145.57,NaN,44.2007,336.35,NaN,38.48,118.41,2686.16,2677.99,11.38,NaN,50.24,48.8,47.93,13.28,42.23,168.48,129.55,NaN,41.67,NaN,NaN,295.92,428.7,237.14,104.27,184.7,11.63,61.51,154.36,0.99,342.26,140.82,1.79,74.37,8.48,39.9469,93.34,80.71,NaN,35.66,NaN,10.69,NaN,49.2,435.71,42.27,2.09,50.24,31.72,24.63,24.23,208.91,398.1,400.58,261.73,220.16,273.17,58.6,139.29,152.42
2022-03-04,14.59,163.17,108.41,7.93,2912.82,63.48,50.26,16.57,595.99,180.84,28.09,NaN,NaN,NaN,195.66,179.1,43.64,165.75,525.5,NaN,34.52,140.72,NaN,44.0202,335.46,NaN,39.1,111.66,2642.44,2638.13,10.96,NaN,50.24,47.06,48.07,12.39,42.21,169.48,129.13,NaN,40.68,NaN,NaN,289.86,410.36,229.36,104.11,176.45,11.33,58.33,155.14,1.01,337.3,138.78,1.84,69.69,8.4,39.9432,91.63,79.23,NaN,33.09,NaN,10.0,NaN,48.53,432.17,44.11,2.12,48.09,29.83,24.17,23.27,205.36,390.16,397.34,258.46,217.96,268.63,57.24,142.82,149.75
2022-03-07,12.84,159.3,102.95,8.63,2749.06,58.29,47.33,16.45,570.7,169.17,26.62,NaN,NaN,NaN,196.7,176.78,40.59,161.14,528.52,NaN,30.11,133.5,NaN,42.8326,291.37,NaN,39.68,99.35,2529.29,2527.57,11.42,NaN,50.23,44.95,47.68,11.89,40.98,172.21,127.94,NaN,37.19,NaN,NaN,278.91,388.91,213.52,100.85,169.72,11.13,53.52,152.84,0.98,324.86,133.65,1.76,69.2,8.37,39.7442,89.01,76.36,NaN,30.22,NaN,9.62,NaN,46.66,419.43,49.01,2.03,42.72,28.57,23.93,23.76,198.73,375.53,385.61,248.72,211.24,257.86,55.42,141.67,144.27
2022-03-08,13.51,157.44,105.53,9.9,2720.29,60.02,45.74,16.35,575.95,173.8,26.71,NaN,NaN,NaN,210.0,173.85,41.01,161.99,523.36,NaN,31.22,131.75,NaN,42.36,276.83,NaN,40.77,103.01,2545.57,2542.09,11.75,NaN,50.2,45.89,47.5,11.77,41.61,168.72,123.19,NaN,39.16,NaN,NaN,275.85,410.36,215.14,102.31,176.9,11.18,55.79,146.79,0.915,323.35,133.04,1.74,67.92,8.51,39.1632,89.54,75.69,NaN,31.22,NaN,9.72,NaN,46.47,416.25,49.67,2.06,42.13,30.74,24.31,24.66,199.42,373.68,382.7,247.1,210.05,256.61,55.74,138.74,143.57
2022-03-09,14.3,162.95,111.05,9.72,2785.58,63.29,48.54,16.62,597.02,178.56,27.81,NaN,NaN,NaN,209.78,173.96,43.47,178.97,527.65,NaN,32.76,133.65,NaN,43.2682,287.43,NaN,39.56,105.21,2677.32,2668.4,12.42,NaN,50.2,48.0868,47.63,12.5,42.17,169.36,123.56,NaN,40.66,NaN,NaN,288.5,436.75,230.14,105.06,183.35,11.31,58.43,148.77,0.917,334.99,137.71,1.89,69.72,8.83,39.6529,92.05,79.39,NaN,33.68,NaN,9.87,NaN,48.02,427.41,44.36,2.17,46.64,31.5,24.88,26.04,205.08,389.61,392.9,256.36,215.88,266.66,57.66,139.46,149.25
2022-03-10,14.2,158.52,106.46,9.18,2936.35,62.07,46.43,16.48,587.73,178.39,27.33,NaN,NaN,NaN,211.79,176.17,42.74,172.97,532.72,NaN,32.55,133.64,NaN,42.9927,286.76,NaN,39.68,100.56,2653.64,2648.59,12.05,NaN,50.18,47.9643,46.66,12.75,42.04,169.66,119.79,NaN,41.03,NaN,NaN,285.59,421.13,226.58,104.46,180.5,11.08,57.63,144.94,0.8938,331.27,136.28,1.86,70.48,8.74,39.6044,91.97,79.65,NaN,31.74,NaN,9.41,NaN,47.71,425.48,45.77,2.15,45.14,30.41,24.59,26.39,204.96,382.88,391.15,254.49,214.91,264.15,56.94,142.63,146.64
2022-03-11,14.02,154.73,104.29,8.31,2910.49,63.05,44.55,16.11,577.85,176.23,26.53,NaN,NaN,NaN,214.83,173.63,42.47,160.07,527.42,NaN,32.07,131.75,NaN,42.4996,279.13,NaN,39.39,92.69,2609.51,2597.41,11.02,NaN,50.17,47.59,45.83,12.33,42.43,169.35,117.53,NaN,40.24,NaN,NaN,280.07,390.82,221.0,101.26,178.56,11.09,55.89,143.22,1.0,324.4,133.48,1.84,70.64,8.39,39.08,45.35,80.24,NaN,30.05,NaN,8.55,NaN,47.04,420.07,48.54,2.09,42.34,30.76,24.09,25.64,201.95,374.92,386.16,249.87,211.99,258.8,56.26,142.07,144.06
2022-03-14,14.25,150.62,102.25,7.4,2837.06,59.41,44.05,15.73,567.8,175.52,26.13,NaN,NaN,NaN,215.44,172.77,41.77,153.19,525.95,NaN,32.07,129.03,NaN,42.3084,275.44,NaN,38.81,78.11,2534.82,2519.02,10.65,NaN,50.14,47.8151,44.4,11.41,42.54,171.69,119.12,NaN,40.1,NaN,NaN,276.44,369.93,213.3,101.74,171.71,10.97,53.91,145.05,1.01,318.17,130.92,2.73,71.65,8.53,38.6588,44.51,83.26,NaN,28.0,NaN,7.93,NaN,47.18,417.0,51.39,1.95,39.86,29.27,23.84,23.94,199.01,366.81,383.34,246.31,209.9,254.37,56.18,144.05,141.39
2022-03-15,15.57,155.09,109.33,7.94,2947.33,59.55,45.96,16.17,592.76,179.89,26.54,NaN,NaN,NaN,216.46,172.76,43.09,155.98,542.32,NaN,34.86,134.2,NaN,43.0838,283.32,NaN,38.08,82.64,2593.21,2583.96,11.04,NaN,50.15,49.55,44.81,12.49,43.19,176.14,121.05,NaN,42.06,NaN,NaN,287.15,396.14,229.73,102.45,178.44,11.04,56.66,150.27,1.11,328.15,135.02,2.23,70.57,7.92,39.2378,45.19,83.17,NaN,29.58,NaN,8.2,NaN,47.98,426.17,46.64,1.94,43.55,29.8,24.23,23.67,202.23,379.14,391.75,253.86,214.28,262.34,56.57,145.78,146.14
2022-03-16,16.47,159.59,115.37,8.34,3062.08,62.28,49.99,16.895,607.12,188.99,27.86,NaN,NaN,NaN,216.08,173.4,45.47,172.53,543.39,NaN,36.93,138.14,NaN,43.8006,297.54,NaN,38.33,86.86,2673.81,2665.61,12.78,NaN,50.15,50.47,46.63,13.07,44.16,174.52,121.42,NaN,43.12,NaN,NaN,294.39,428.78,244.96,106.24,188.32,11.33,60.11,149.76,1.27,340.32,139.92,2.2,72.5,8.6,39.3443,46.71,88.94,NaN,32.56,NaN,8.57,NaN,49.2,435.62,41.38,2.02,48.44,32.61,24.77,23.95,208.26,393.02,400.51,261.65,219.64,271.6,59.02,145.35,150.89
2022-03-17,16.55,160.62,111.69,8.78,3144.78,61.58,52.51,17.42,602.67,190.19,28.75,NaN,NaN,NaN,221.7,176.92,47.16,177.22,552.79,NaN,37.15,139.47,NaN,44.3626,303.48,NaN,38.5,87.7,2692.01,2676.78,13.39,NaN,50.13,50.48,47.14,13.83,44.97,176.8,121.34,NaN,42.78,NaN,NaN,295.22,434.09,247.66,109.85,189.77,11.09,60.76,150.23,1.09,344.44,141.65,2.2,73.28,8.65,40.1466,47.4,89.78,NaN,33.97,NaN,8.91,NaN,49.78,441.07,39.92,2.09,50.06,32.85,25.27,25.61,211.3,397.29,405.41,265.11,222.58,275.59,59.32,145.01,151.96
2022-03-18,16.75,163.98,113.46,8.99,3225.01,62.58,54.45,17.88,610.41,192.83,29.56,NaN,NaN,NaN,220.91,174.88,47.3,185.94,561.35,NaN,37.68,140.3,NaN,44.9714,319.97,NaN,38.15,90.79,2736.03,2722.51,13.44,NaN,50.14,50.7151,47.45,14.36,45.01,174.84,120.85,NaN,43.24,NaN,NaN,300.43,454.28,264.53,111.47,192.42,11.13,61.93,150.15,1.11,351.49,144.58,2.1,74.06,9.07,40.5863,47.9,90.0,NaN,36.0,NaN,9.87,NaN,50.28,444.52,37.49,2.16,53.17,33.36,25.72,25.65,213.48,406.39,409.89,270.18,225.18,281.16,60.01,145.44,155.07
2022-03-21,16.09,165.38,115.92,8.76,3229.83,62.5,53.4,17.76,601.29,185.9,29.39,NaN,NaN,NaN,223.71,175.1,46.44,176.81,555.53,NaN,36.09,138.62,NaN,44.6361,314.53,NaN,38.46,94.2,2729.57,2722.03,13.05,NaN,50.11,49.45,47.39,14.64,44.76,175.83,120.73,NaN,42.78,NaN,NaN,299.16,436.48,267.34,110.19,190.51,10.89,61.93,150.72,1.55,350.08,144.03,1.95,71.88,8.83,40.8864,47.55,89.01,NaN,35.17,NaN,9.57,NaN,49.97,444.39,37.74,2.23,52.79,31.98,25.48,26.49,212.68,405.36,409.91,269.79,224.97,280.03,59.47,144.23,154.49
2022-03-22,16.56,168.82,114.78,8.9,3297.78,64.68,55.25,18.08,611.34,191.04,29.46,NaN,NaN,NaN,222.71,174.02,46.92,186.08,559.42,NaN,36.98,140.11,NaN,44.99,325.69,NaN,38.18,123.14,2805.55,2797.36,13.42,NaN,50.1,49.432,48.39,14.81,45.09,175.0,122.39,NaN,43.06,NaN,NaN,304.06,459.95,265.24,109.61,187.75,11.02,62.18,151.88,1.31,356.96,146.82,1.98,73.1,9.0,41.2354,47.99,92.2,NaN,36.24,NaN,9.72,NaN,50.61,449.59,35.53,2.22,55.91,33.35,25.86,26.77,214.57,411.85,414.67,274.32,227.73,285.16,60.11,143.8,156.71
2022-03-23,16.21,170.21,113.92,8.51,3268.16,62.78,54.9,17.84,599.38,186.04,28.75,NaN,NaN,NaN,222.17,173.42,46.17,183.11,554.02,NaN,36.22,137.64,NaN,44.264,321.43,NaN,38.69,141.0,2770.07,2765.51,13.08,NaN,50.13,48.5172,48.27,14.2,44.63,174.34,120.61,NaN,42.87,NaN,NaN,299.49,450.69,256.34,109.37,183.59,10.82,60.39,150.82,1.26,351.83,144.73,2.11,71.64,8.76,40.8452,47.1,89.75,NaN,35.88,NaN,9.37,NaN,49.63,443.8,37.03,2.26,53.55,33.06,25.59,26.38,210.54,405.58,409.33,270.44,223.93,280.61,59.49,141.95,154.3
2022-03-24,16.72,174.07,120.53,8.76,3272.99,63.89,55.2,18.18,626.43,189.05,29.41,NaN,NaN,NaN,222.21,175.31,46.6,190.19,558.11,NaN,37.26,138.96,NaN,44.7052,335.71,NaN,38.99,142.39,2826.24,2831.44,12.96,NaN,50.12,49.01,51.62,13.95,45.24,175.24,120.09,NaN,43.92,NaN,NaN,304.1,483.92,281.5,108.98,191.08,10.83,63.58,151.08,1.27,359.65,147.88,2.2,71.33,8.64,41.5039,47.6,90.93,NaN,37.05,NaN,9.47,NaN,50.25,450.49,34.59,2.33,57.02,34.7,25.78,26.72,212.8,415.49,414.02,274.83,227.12,285.83,59.9,142.83,158.31
2022-03-25,17.01,174.72,119.67,8.47,3295.47,62.5,53.44,18.23,628.87,188.95,29.0,NaN,NaN,NaN,223.36,177.58,46.28,186.71,555.71,NaN,37.91,139.14,NaN,44.9307,332.73,NaN,38.84,151.95,2830.43,2833.46,12.39,NaN,50.11,48.63,51.83,13.18,46.32,176.92,120.28,NaN,44.38,NaN,NaN,303.68,472.42,276.92,106.51,190.46,10.97,63.81,152.83,1.28,359.35,147.82,2.17,72.28,7.96,41.7759,47.67,91.36,NaN,35.4,NaN,9.01,NaN,50.51,452.69,34.65,2.27,56.93,34.06,25.85,26.25,213.49,414.52,416.12,274.97,228.09,285.59,59.86,143.45,158.22
2022-03-28,17.3,175.6,120.24,8.0,3379.81,63.21,53.43,18.075,632.88,188.16,29.08,NaN,NaN,NaN,221.85,180.83,46.54,201.41,565.21,NaN,38.34,138.72,NaN,45.1283,338.53,NaN,38.14,189.59,2839.0,2829.11,12.81,NaN,50.1,48.9657,51.51,13.14,46.12,177.83,122.43,NaN,44.42,NaN,NaN,310.7,510.0,282.19,107.91,189.42,10.93,65.32,153.88,1.25,364.91,150.03,2.06,70.71,7.64,41.3808,47.62,91.8,NaN,36.23,NaN,9.25,NaN,50.63,455.91,33.06,2.23,59.52,34.77,25.77,25.52,213.58,419.64,418.99,278.88,229.57,290.01,59.75,146.0,160.1
2022-03-29,18.16,178.96,123.23,8.17,3386.3,65.71,55.98,18.46,641.47,193.8,29.96,NaN,NaN,NaN,221.04,183.87,48.07,204.53,569.98,NaN,39.52,142.38,NaN,45.9331,347.48,NaN,38.14,179.9,2865.0,2850.11,15.91,NaN,50.11,49.9487,52.25,12.39,46.69,177.74,124.06,NaN,45.33,NaN,NaN,315.41,520.0,286.56,110.2,194.74,11.14,67.36,155.46,1.31,371.19,152.67,2.06,71.64,8.29,41.6947,48.83,91.22,NaN,37.87,NaN,10.14,NaN,51.41,461.55,31.37,2.22,62.57,37.19,26.18,25.59,219.03,428.92,424.29,283.23,233.05,295.89,60.92,147.23,163.5
2022-03-30,18.05,177.77,119.22,7.73,3326.02,63.04,55.31,18.32,631.09,194.91,29.5,NaN,NaN,NaN,223.08,184.56,46.69,196.7,576.47,NaN,39.33,140.96,NaN,45.5379,341.93,NaN,38.43,166.85,2852.89,2838.77,14.56,NaN,50.11,49.69,51.43,12.37,46.39,179.59,123.85,NaN,45.57,NaN,NaN,313.86,500.69,276.9,112.54,187.33,10.97,64.43,154.39,1.24,367.09,151.05,2.07,70.31,8.1,41.6988,48.04,88.76,NaN,36.84,NaN,9.77,NaN,50.85,458.7,32.32,2.24,60.69,36.58,26.09,25.69,215.54,422.42,421.65,280.33,231.16,292.37,60.71,149.87,161.32
2022-03-31,18.25,174.61,109.34,7.61,3259.95,61.99,55.07,17.93,629.68,191.5,29.01,NaN,NaN,NaN,222.82,184.6,48.91,189.86,575.85,NaN,39.57,137.16,NaN,44.9854,341.74,NaN,38.47,166.58,2792.99,2781.35,13.51,NaN,50.15,49.56,49.56,12.76,46.15,177.23,123.16,NaN,45.8,NaN,NaN,308.31,486.32,272.86,111.05,185.08,10.72,62.61,152.8,1.24,362.54,148.97,2.02,69.62,8.05,41.24,47.36,84.31,NaN,35.99,NaN,9.45,NaN,49.91,451.64,33.67,2.29,58.18,35.68,25.7,26.16,212.52,416.48,415.17,275.65,227.67,287.6,59.74,148.92,158.93
2022-04-01,18.24,174.31,108.19,7.64,3271.2,62.33,53.27,18.03,626.98,190.76,29.11,NaN,NaN,NaN,219.77,189.04,49.42,186.96,575.57,NaN,39.31,137.0,NaN,45.0217,339.01,NaN,38.2,165.0,2814.0,2803.01,13.5,NaN,50.115,50.4351,48.11,13.0,46.3,178.19,125.03,NaN,45.91,NaN,NaN,309.42,490.98,267.12,112.91,182.02,10.59,59.63,155.09,1.18,361.85,148.84,1.95,70.45,7.92,41.6002,47.86,83.54,NaN,37.39,NaN,9.33,NaN,49.96,452.92,33.78,2.36,57.93,35.98,25.93,26.07,214.33,415.26,416.32,275.84,228.58,288.48,60.39,151.01,158.46
2022-04-04,18.23,178.44,110.53,8.24,3366.93,63.36,57.78,18.33,634.85,191.18,29.37,NaN,NaN,NaN,220.81,189.09,49.26,191.65,575.13,NaN,39.4,138.58,NaN,45.12,346.69,NaN,38.41,170.73,2872.85,2859.43,13.83,NaN,50.115,51.74,49.2,13.58,45.9,176.47,125.02,NaN,45.93,NaN,NaN,314.97,501.26,273.6,113.81,182.61,10.62,59.59,154.08,1.19,369.3,151.87,2.36,70.0,8.3,41.5532,48.01,82.3,NaN,39.34,NaN,9.77,NaN,50.23,456.8,31.71,2.39,61.55,36.51,26.18,25.84,214.67,423.43,419.85,280.55,230.52,293.87,60.88,151.04,161.47
2022-04-05,17.84,175.06,106.82,8.14,3281.1,61.13,54.98,17.93,614.12,182.65,28.51,NaN,NaN,NaN,216.02,193.11,46.84,177.17,575.32,NaN,39.03,135.62,NaN,44.695,341.89,NaN,38.17,153.59,2821.26,2811.82,13.03,NaN,50.1,51.64,48.13,12.53,45.78,177.61,125.13,NaN,45.21,NaN,NaN,310.88,487.28,259.31,114.81,175.07,10.43,55.7,154.62,1.15,361.1,148.52,2.31,68.68,8.2,41.0143,46.92,81.86,NaN,38.25,NaN,9.12,NaN,49.59,451.03,33.77,2.3,57.48,34.96,25.62,25.68,210.44,413.42,414.66,275.51,227.15,288.18,60.05,151.47,158.07
2022-04-06,17.38,171.83,103.67,7.51,3175.12,59.03,52.44,17.41,602.0,178.72,27.66,NaN,NaN,NaN,216.21,197.57,44.95,166.84,584.79,NaN,37.59,132.57,NaN,44.5745,332.07,NaN,38.25,156.64,2743.52,2730.96,12.51,NaN,50.11,51.1729,47.54,12.3,45.69,182.23,125.97,NaN,43.73,NaN,NaN,299.5,455.11,244.07,117.13,174.02,10.25,53.7,156.83,1.13,353.26,145.24,2.34,68.44,8.06,40.8011,46.22,80.87,NaN,36.47,NaN,8.75,NaN,49.06,446.52,35.98,2.19,53.7,33.41,25.25,25.75,207.74,402.32,410.46,269.78,224.54,281.25,59.3,154.99,154.33
2022-04-07,16.95,172.14,103.72,7.33,3155.69,57.67,51.88,17.4,603.05,177.97,27.62,NaN,NaN,NaN,215.9,196.52,44.11,166.19,608.05,NaN,37.13,131.87,NaN,44.93,338.12,NaN,38.39,150.0,2729.3,2717.77,12.07,NaN,50.11,51.23,47.56,12.44,45.38,181.76,126.69,NaN,42.39,NaN,NaN,301.37,463.61,242.08,121.81,172.92,10.16,54.09,158.86,1.14,354.1,145.62,2.22,70.71,7.93,41.0491,46.06,80.03,NaN,36.25,NaN,8.12,NaN,49.42,448.77,35.74,2.2,54.05,32.27,25.13,27.26,207.31,403.57,412.53,271.13,225.39,282.28,59.26,156.54,154.57
2022-04-08,16.59,170.09,101.0,7.04,3089.21,57.56,51.27,17.11,587.0,175.2,27.23,NaN,NaN,NaN,217.03,198.02,44.26,160.94,600.04,NaN,36.74,131.87,NaN,44.8391,335.83,NaN,38.64,146.19,2680.21,2665.75,11.24,NaN,50.11,51.787,47.02,12.32,46.7,182.12,126.08,NaN,41.24,NaN,NaN,296.97,453.24,231.19,120.56,167.5,10.0,52.73,160.1,1.18,349.15,143.66,2.07,71.55,7.8,40.544,45.76,81.69,NaN,35.67,NaN,7.87,NaN,49.52,447.57,37.2,2.21,51.84,32.05,24.83,27.5,206.53,397.65,411.53,268.46,224.69,278.92,59.28,157.41,152.41
2022-04-11,16.97,165.75,97.37,7.11,3022.44,56.87,49.9,17.01,580.61,175.03,26.32,NaN,NaN,NaN,216.05,196.06,43.07,153.87,584.67,NaN,38.21,130.65,NaN,44.3658,328.07,NaN,38.81,146.93,2595.93,2576.47,11.35,NaN,50.11,51.34,46.57,10.79,46.67,179.84,126.53,NaN,42.62,NaN,NaN,285.26,436.39,219.17,120.95,165.52,10.03,52.33,159.49,1.27,340.89,140.34,2.05,70.85,7.83,40.3655,45.51,81.58,NaN,34.4,NaN,7.72,NaN,48.78,439.92,39.84,2.13,48.16,32.04,24.79,27.29,205.54,388.23,404.4,261.6,221.18,272.39,58.58,154.29,148.57
2022-04-12,17.13,167.66,95.1,7.05,3015.75,55.51,49.53,16.94,585.07,176.28,25.91,NaN,NaN,NaN,216.7,194.09,42.68,149.85,581.36,NaN,38.62,130.84,NaN,44.2594,330.1,NaN,39.12,144.87,2567.49,2554.29,11.43,NaN,50.125,50.7391,46.5,10.99,46.64,179.9,125.94,NaN,42.82,NaN,NaN,282.06,443.45,215.04,117.4,166.23,9.9,53.14,159.01,1.21,339.45,139.63,2.02,71.05,8.2,40.54,45.64,80.07,NaN,33.57,NaN,7.48,NaN,48.51,438.29,40.39,2.14,47.54,31.99,24.89,27.39,205.71,387.17,402.92,260.42,220.5,271.01,58.26,153.23,147.91
2022-04-13,18.95,170.4,97.74,7.13,3110.82,57.75,51.96,17.2,592.54,182.87,26.57,NaN,NaN,NaN,218.27,193.46,44.06,154.79,591.09,NaN,41.02,132.35,NaN,44.6791,340.86,NaN,39.31,150.7,2605.72,2597.88,11.89,NaN,50.14,50.78,47.01,11.37,47.05,180.66,126.39,NaN,46.05,NaN,NaN,287.62,463.58,222.03,118.88,171.03,10.09,54.25,159.46,1.24,346.35,142.47,2.02,71.89,8.38,40.994,46.52,83.83,NaN,34.68,NaN,7.61,NaN,49.05,443.31,37.96,2.23,50.39,32.63,25.34,28.34,209.45,393.92,407.47,264.42,223.39,276.14,58.95,157.22,150.29
2022-04-14,19.0,165.29,93.06,6.86,3034.13,57.49,48.96,17.02,573.85,181.94,26.07,NaN,NaN,NaN,227.81,192.68,42.72,147.29,590.39,NaN,42.36,130.47,NaN,44.3034,331.76,NaN,39.18,150.77,2545.06,2534.6,11.38,NaN,50.11,50.75,45.67,10.66,47.43,179.9,126.42,NaN,46.76,NaN,NaN,279.83,449.19,212.58,118.2,170.0,10.04,53.26,158.57,1.2,338.43,139.21,2.01,71.73,8.42,41.1181,46.11,82.75,NaN,33.19,NaN,7.26,NaN,48.48,437.79,40.54,2.24,47.0,32.68,25.23,28.05,207.73,384.18,402.52,258.95,220.67,270.22,58.56,157.08,146.64
2022-04-18,18.54,165.07,93.89,6.7,3055.7,56.76,46.74,16.9,586.5,179.85,25.8,NaN,NaN,NaN,229.92,190.95,42.07,145.16,582.12,NaN,42.13,127.77,NaN,44.093,330.42,NaN,39.31,141.46,2559.22,2553.53,10.99,NaN,50.11,51.23,46.64,10.6,47.46,177.66,124.96,NaN,46.26,NaN,NaN,280.52,445.89,217.83,116.37,173.25,10.07,54.57,157.06,1.22,338.69,139.39,1.91,72.08,7.98,40.9641,45.82,74.94,NaN,32.64,NaN,7.13,NaN,48.63,437.97,40.38,2.31,47.13,31.79,24.58,27.17,206.57,384.63,402.59,259.31,220.29,269.79,58.34,155.88,147.12
2022-04-19,19.59,167.4,96.93,6.82,3162.31,58.59,49.59,17.15,597.62,185.98,26.33,NaN,NaN,NaN,232.16,193.87,43.95,151.27,594.3,NaN,43.04,131.9,NaN,44.9979,335.19,NaN,38.71,152.47,2610.62,2600.18,11.56,NaN,50.12,50.2388,47.93,10.92,48.65,183.08,126.87,NaN,47.35,NaN,NaN,285.3,471.14,221.98,114.41,178.65,10.33,56.38,159.41,1.28,346.26,142.41,2.01,73.0,8.44,41.4717,46.79,76.9,NaN,33.63,NaN,7.41,NaN,49.29,445.04,37.77,2.25,50.16,33.8,25.12,26.86,211.12,392.38,409.02,264.37,224.17,276.02,58.46,157.65,149.88
2022-04-20,19.48,167.23,94.02,6.4,3079.96,59.16,46.34,16.96,597.72,183.55,26.17,NaN,NaN,NaN,235.08,197.93,44.9,147.13,603.53,NaN,43.54,124.57,NaN,45.4243,340.58,NaN,38.91,148.85,2564.91,2560.8,10.71,NaN,50.11,50.9856,48.11,9.8,49.41,183.89,127.6,NaN,47.33,NaN,NaN,286.36,449.03,214.82,115.54,178.79,10.6,55.4,163.65,1.29,341.21,140.36,2.0,72.88,8.46,41.503,46.98,76.45,NaN,30.76,NaN,6.95,NaN,49.56,444.71,39.44,2.27,47.9,33.21,24.83,27.77,212.08,390.76,408.71,262.15,223.88,272.9,58.67,159.63,149.74
2022-04-21,20.22,166.42,89.85,6.11,2965.92,56.16,43.12,16.32,592.73,181.02,25.73,NaN,NaN,NaN,232.57,196.4,41.46,137.32,591.74,NaN,44.73,121.66,NaN,44.8599,321.26,NaN,38.77,141.56,2498.75,2496.29,10.44,NaN,50.1,51.22,47.5,9.5,49.69,183.36,128.1,NaN,48.38,NaN,NaN,280.81,427.86,201.83,110.75,174.85,10.34,53.26,162.61,1.29,334.15,137.51,2.26,72.32,7.87,40.37,45.91,73.27,NaN,29.42,NaN,6.6,NaN,48.8,438.06,41.8,2.12,45.09,31.68,24.05,25.44,207.56,383.24,402.65,257.15,220.22,267.23,57.91,159.87,147.2
2022-04-22,20.18,161.79,88.14,6.07,2887.0,53.93,41.21,15.93,586.95,176.92,24.79,NaN,NaN,NaN,216.3,194.14,39.83,131.52,571.7,NaN,43.69,118.27,NaN,43.72,304.29,NaN,38.39,138.22,2392.28,2392.71,10.26,NaN,50.095,50.9705,46.54,9.18,47.72,181.54,138.51,NaN,46.85,NaN,NaN,274.03,409.08,195.15,110.7,170.75,10.06,51.78,161.25,1.24,325.4,133.85,2.12,71.24,7.71,39.73,44.73,70.32,NaN,29.76,NaN,6.39,NaN,47.46,426.04,45.14,2.01,41.51,30.83,23.69,24.45,202.14,372.65,391.66,249.53,214.22,259.56,57.01,156.86,143.08
2022-04-25,19.98,162.88,90.69,6.07,2921.48,54.39,41.14,16.09,587.88,175.91,24.92,NaN,NaN,NaN,216.7,192.87,40.65,135.14,568.21,NaN,43.27,119.95,NaN,43.8952,323.49,NaN,37.71,135.95,2465.0,2461.48,10.39,NaN,50.1,50.64,47.06,9.14,47.49,186.01,143.48,NaN,46.43,NaN,NaN,280.72,428.0,199.02,113.72,172.84,10.07,53.48,162.55,1.26,329.58,135.6,2.22,72.3,7.83,39.59,45.08,70.31,NaN,29.91,NaN,6.55,NaN,47.75,428.51,43.38,1.99,43.05,32.44,23.91,23.81,203.45,378.73,393.8,252.26,215.39,262.9,56.62,156.94,145.23
2022-04-26,18.77,156.8,85.16,5.63,2787.82,51.15,38.6,15.51,560.07,167.04,23.83,NaN,NaN,NaN,210.3,188.62,38.22,127.15,553.76,NaN,41.9,115.77,NaN,42.9581,306.5,NaN,37.78,127.6,2390.12,2373.0,10.0,NaN,50.13,50.43,45.52,8.1,47.02,184.68,139.18,NaN,45.02,NaN,NaN,270.22,391.01,187.88,109.78,167.75,9.75,51.36,159.79,1.21,317.14,130.49,2.09,69.93,7.24,38.85,43.65,68.54,NaN,28.69,NaN,6.29,NaN,46.52,416.1,48.2,1.87,38.21,31.33,23.21,23.39,197.3,364.31,382.54,242.87,209.25,252.56,55.17,155.3,139.82
2022-04-27,18.97,156.57,84.91,5.45,2763.34,50.92,37.68,15.35,559.54,154.46,23.71,NaN,NaN,NaN,213.96,188.74,38.57,122.55,554.08,NaN,43.11,115.21,NaN,42.83,300.32,NaN,37.48,129.84,2300.41,2285.89,9.51,NaN,50.11,50.87,45.22,8.2,47.36,182.1,140.48,NaN,45.94,NaN,NaN,283.22,385.78,184.15,111.56,170.76,9.8,51.21,159.36,1.04,316.76,130.36,2.15,69.08,7.32,38.6935,43.53,68.58,NaN,27.09,NaN,6.15,NaN,46.87,417.27,48.46,1.92,38.04,30.68,23.02,23.55,197.06,368.23,383.53,243.31,209.66,253.14,55.54,154.24,141.89
2022-04-28,19.43,163.64,89.64,5.55,2891.93,52.31,39.16,15.77,578.94,154.22,24.35,NaN,NaN,NaN,212.44,192.07,38.48,122.69,562.0,NaN,44.33,115.29,NaN,43.4503,308.65,NaN,37.67,129.31,2388.23,2370.45,10.09,NaN,50.12,51.44,46.84,8.31,47.48,183.46,141.99,NaN,46.9,NaN,NaN,289.63,400.49,197.82,110.19,177.25,9.59,54.48,163.41,0.9899,328.01,134.95,2.13,69.46,7.51,39.0,44.36,69.12,NaN,28.81,NaN,6.45,NaN,47.99,427.81,43.35,1.99,42.06,32.82,23.34,23.71,200.9,383.13,393.14,251.95,214.77,262.09,56.36,156.21,147.57
2022-04-29,18.77,157.65,85.52,5.33,2485.63,49.76,38.15,15.31,554.39,148.84,23.85,NaN,NaN,NaN,210.54,185.21,36.29,112.71,531.72,NaN,43.03,111.63,NaN,41.9396,289.01,NaN,37.67,125.07,2299.33,2282.19,9.805,NaN,50.09,50.3133,43.59,7.87,46.28,180.46,138.83,NaN,46.72,NaN,NaN,277.52,354.17,185.47,114.0,170.9,9.24,52.11,160.55,0.945,313.25,128.94,2.03,68.15,7.38,37.9257,43.08,66.33,NaN,28.46,NaN,6.12,6.5,46.36,412.0,49.03,1.93,36.53,31.48,22.68,23.19,195.05,367.2,378.7,240.87,206.88,250.57,55.86,152.99,141.42
2022-05-02,18.56,157.96,89.84,5.6,2490.0,51.92,39.6,15.51,576.35,148.61,24.12,NaN,NaN,NaN,212.07,180.82,37.05,121.34,528.95,NaN,42.67,113.5,NaN,42.0476,292.02,NaN,36.98,119.57,2343.14,2331.66,10.48,NaN,50.07,50.3,44.96,7.86,46.55,178.64,136.02,NaN,46.53,NaN,NaN,284.47,365.91,195.33,113.84,177.0,9.44,55.62,158.38,0.99,318.48,131.06,2.06,69.47,7.46,38.07,43.53,67.89,NaN,29.52,NaN,6.33,10.95,46.58,414.48,46.64,1.85,38.25,30.39,22.9,22.9,196.66,373.27,381.08,243.86,208.44,253.86,55.69,151.98,143.57
2022-05-03,19.13,159.48,91.13,5.57,2485.07,51.73,39.77,15.57,581.17,153.58,24.1,NaN,NaN,NaN,213.62,183.71,38.61,123.56,528.08,NaN,43.35,113.55,NaN,42.4078,286.53,NaN,37.07,120.43,2362.59,2346.68,10.1,NaN,50.06,50.33,45.06,7.15,46.82,178.29,137.3,NaN,47.25,NaN,NaN,281.78,343.4,196.02,113.18,178.07,9.47,56.51,156.21,0.9457,318.82,131.24,2.06,69.31,7.11,38.4001,43.89,69.46,NaN,28.93,NaN,6.4,12.62,46.96,416.38,46.53,1.85,38.34,29.47,23.18,23.32,198.46,373.51,382.73,244.66,209.43,253.64,56.17,152.51,143.82
2022-05-04,19.62,166.02,99.42,5.94,2518.57,53.66,40.31,15.91,603.66,156.97,24.96,NaN,NaN,NaN,222.59,184.44,40.54,130.15,544.43,NaN,43.85,116.19,NaN,43.46,287.37,NaN,37.44,127.08,2451.5,2445.22,10.9,NaN,50.08,50.31,46.54,7.5,48.49,180.2,139.14,NaN,48.07,NaN,NaN,289.98,366.44,203.34,113.91,185.92,9.6,58.92,157.36,0.9455,329.6,135.64,2.04,70.4,7.06,39.5571,45.04,71.36,NaN,30.16,NaN,7.14,14.51,48.41,429.06,41.79,1.89,42.14,28.1,23.67,23.94,203.72,386.46,394.34,252.96,215.57,261.89,56.98,154.62,148.87
2022-05-05,18.54,156.77,93.87,5.62,2328.14,53.37,36.48,15.11,579.99,150.47,23.79,NaN,NaN,NaN,215.93,181.59,38.39,114.25,517.32,NaN,42.13,112.61,NaN,42.0271,284.52,NaN,37.3,119.13,2334.93,2330.11,10.61,NaN,50.05,48.4727,44.6,6.23,48.11,176.76,136.68,NaN,47.0,NaN,NaN,277.35,314.52,188.44,112.79,178.37,9.48,55.23,154.46,0.9291,313.0,128.99,2.01,66.71,6.78,38.5094,43.25,69.85,NaN,27.27,NaN,6.83,14.98,46.72,413.81,47.95,1.8,35.86,26.83,22.84,22.38,196.01,366.73,380.49,240.78,207.62,248.81,55.16,152.74,141.71
2022-05-06,17.84,157.28,95.34,5.33,2295.45,52.9,33.5,14.84,580.1,148.9,23.22,NaN,NaN,NaN,214.65,182.6,37.69,103.74,503.36,NaN,41.0,110.29,NaN,41.6372,266.37,NaN,37.37,114.7,2313.2,2314.93,10.12,NaN,50.07,48.09,44.3,5.92,48.16,176.37,137.6,NaN,46.12,NaN,NaN,274.73,294.24,186.75,111.35,177.58,9.25,55.13,156.0,0.84,309.25,127.27,1.94,65.78,6.52,38.1479,42.51,67.42,NaN,24.92,NaN,6.44,13.47,46.32,411.34,49.81,1.72,34.61,26.07,22.2,21.97,193.0,362.75,378.1,238.65,205.95,245.4,54.59,149.56,140.57
2022-05-09,16.32,152.06,86.36,4.87,2175.78,49.55,30.2,14.01,562.92,133.31,21.97,NaN,NaN,NaN,206.29,175.38,35.52,83.51,498.83,NaN,38.25,106.98,NaN,40.7832,245.22,NaN,36.83,98.79,2261.68,2250.22,9.5,NaN,50.095,46.96,43.07,5.08,47.81,177.33,140.34,NaN,43.83,NaN,NaN,264.58,219.05,169.5,106.25,172.9,9.1,50.82,155.61,0.78,297.15,122.38,1.68,65.95,5.67,36.57,40.7,64.13,NaN,23.39,NaN,5.97,10.35,44.96,398.17,55.61,1.55,30.52,23.05,21.14,20.13,184.79,347.13,365.9,229.24,198.65,234.59,52.92,151.31,135.13
2022-05-10,16.57,154.51,88.73,4.96,2177.18,50.44,28.99,13.95,581.39,132.95,21.69,NaN,NaN,NaN,202.99,170.29,36.46,72.99,501.46,NaN,38.68,107.68,NaN,40.6575,261.79,NaN,36.48,93.5,2291.69,2287.9,9.27,NaN,50.08,46.77,44.01,4.88,47.85,177.09,138.95,NaN,44.59,NaN,NaN,269.5,225.52,175.95,107.44,178.44,8.97,53.87,154.79,0.7816,300.76,123.81,1.65,65.0,5.51,36.6189,40.59,64.58,NaN,22.89,NaN,5.25,8.94,44.89,399.09,53.65,1.46,31.57,23.67,20.94,20.11,183.99,352.17,366.84,231.4,199.05,236.56,53.19,149.18,137.19
2022-05-11,15.97,146.5,87.92,4.66,2107.44,51.01,27.28,13.5,567.11,129.39,21.22,NaN,NaN,NaN,205.21,170.7,35.43,53.72,489.08,NaN,37.89,105.21,NaN,40.0941,260.96,NaN,36.82,81.33,2279.22,2272.05,8.15,NaN,50.09,46.11,42.83,4.34,47.67,176.13,138.91,NaN,43.01,NaN,NaN,260.55,168.2,166.3,103.81,170.87,8.91,51.77,152.61,0.738,291.84,120.11,1.5,64.6,5.17,36.0909,39.67,65.12,NaN,21.84,NaN,5.49,7.19,44.23,392.75,58.43,1.43,28.76,22.57,21.15,19.47,180.06,340.11,360.93,224.93,195.45,229.56,52.9,147.62,132.86
2022-05-12,15.49,142.56,87.06,4.79,2138.61,51.57,36.74,13.71,571.57,123.14,21.29,NaN,NaN,NaN,203.03,172.05,35.55,58.5,486.18,NaN,36.67,104.31,NaN,40.4483,266.66,NaN,36.23,89.57,2263.22,2256.88,8.56,NaN,50.1,46.2,42.84,4.76,47.58,177.87,139.61,NaN,42.33,NaN,NaN,255.35,171.18,161.75,104.35,173.66,9.17,52.98,151.99,0.725,291.15,119.83,1.6,65.66,5.19,35.9977,40.21,64.95,NaN,22.77,NaN,5.66,6.62,44.24,392.34,58.76,1.32,28.53,23.29,20.69,18.97,182.18,337.61,360.65,224.03,195.66,229.19,52.7,147.48,131.49
2022-05-13,16.58,147.11,95.12,5.15,2261.1,54.2,39.46,14.36,588.24,127.2,22.46,NaN,NaN,NaN,204.33,176.49,37.67,67.87,497.27,NaN,38.33,107.33,NaN,41.3472,281.55,NaN,35.96,98.39,2330.31,2321.01,10.69,NaN,50.11,47.1161,43.6,5.2,47.79,176.85,139.16,NaN,42.99,NaN,NaN,261.12,204.57,177.06,106.04,181.99,9.12,56.18,153.62,0.7832,301.94,124.09,1.74,65.55,5.86,36.8202,41.53,65.61,NaN,24.75,NaN,6.75,6.79,45.14,401.72,52.44,1.43,31.63,24.39,21.57,20.27,188.08,350.38,369.16,231.43,200.9,237.81,54.12,148.05,135.86
2022-05-16,16.55,145.54,94.24,4.97,2216.21,53.51,37.37,14.19,582.67,124.05,22.29,NaN,NaN,NaN,207.19,175.69,37.56,61.7,494.53,NaN,38.17,105.18,NaN,41.1852,275.57,NaN,36.29,91.8,2295.85,2288.9,10.11,NaN,50.095,47.38,43.08,4.86,47.89,178.08,138.93,NaN,43.18,NaN,NaN,261.5,201.51,172.64,103.24,176.99,9.13,55.15,155.12,0.7736,298.44,122.86,1.69,65.45,5.41,36.8333,41.27,64.04,NaN,23.42,NaN,6.91,6.1,45.0,400.09,54.05,1.48,30.65,23.59,21.44,20.48,187.0,346.2,367.84,229.23,199.91,234.7,54.11,148.21,134.66
2022-05-17,17.82,149.24,102.47,5.37,2307.37,54.8,38.1,14.73,608.15,132.05,23.0,NaN,NaN,NaN,213.09,176.8,38.42,70.0,490.47,NaN,40.72,108.64,NaN,41.9139,282.81,NaN,36.06,100.38,2334.03,2329.46,10.06,NaN,50.08,48.5229,44.4,5.71,49.18,178.82,138.66,NaN,45.11,NaN,NaN,266.82,224.87,181.77,106.34,185.64,9.57,58.5,154.68,0.8684,306.17,125.99,1.78,66.54,5.66,37.6911,42.54,65.2,NaN,24.54,NaN,7.05,6.22,45.99,408.32,49.95,1.59,32.96,24.2,22.06,21.38,192.45,356.0,375.2,234.91,204.18,240.32,55.22,131.35,138.56
2022-05-18,16.89,140.82,96.28,5.17,2142.25,54.34,36.5,14.325,570.57,125.52,22.37,NaN,NaN,NaN,207.94,175.46,36.25,63.03,429.4,NaN,39.31,104.3,NaN,40.009,270.58,NaN,36.09,91.48,2248.02,2237.99,9.73,NaN,50.08,47.7,42.35,5.45,48.33,175.5,132.51,NaN,44.23,NaN,NaN,254.08,197.44,169.38,103.5,175.39,9.59,55.83,145.04,0.7962,291.14,119.88,1.68,63.56,4.7,36.7233,41.05,63.27,NaN,22.73,NaN,7.23,5.19,44.32,391.86,57.21,1.53,28.15,22.46,21.47,20.39,185.53,339.59,360.34,223.76,196.19,229.21,53.95,122.43,132.22
2022-05-19,16.75,137.35,96.67,5.27,2146.38,53.95,39.41,14.54,546.21,127.14,22.8,NaN,NaN,NaN,206.76,178.38,35.23,67.42,422.93,NaN,39.24,103.14,NaN,40.0392,275.16,NaN,36.61,99.19,2214.91,2207.68,10.21,NaN,50.1,48.2366,42.01,5.83,47.82,173.94,129.05,NaN,43.57,NaN,NaN,253.14,210.77,171.24,104.05,175.79,9.76,56.07,141.7,0.75,289.58,119.1,1.77,62.98,4.75,36.58,41.09,62.66,NaN,23.2,NaN,7.75,4.86,44.01,389.46,58.26,1.59,27.58,23.24,21.61,20.74,185.83,337.22,357.93,222.51,195.32,229.0,54.54,119.07,130.77
2022-05-20,16.26,137.59,93.5,5.21,2151.82,54.48,40.03,14.32,543.19,120.7,22.58,NaN,NaN,NaN,197.82,182.2,36.74,66.15,416.43,NaN,38.64,102.42,NaN,39.9761,285.28,NaN,36.63,95.66,2186.26,2178.16,10.08,NaN,50.1,48.0394,41.65,5.63,47.48,176.98,128.34,NaN,42.65,NaN,NaN,252.56,202.75,166.94,107.75,180.11,9.45,56.46,141.79,0.844,288.68,118.78,1.84,63.94,4.73,36.2375,40.97,63.28,NaN,23.26,NaN,7.49,4.79,44.05,389.63,58.73,1.56,27.34,23.35,21.5,20.87,185.4,337.77,358.02,222.37,195.32,228.65,54.85,119.2,131.06
2022-05-23,16.75,143.11,95.07,5.27,2151.14,55.22,37.98,14.5,526.36,124.07,22.85,NaN,NaN,NaN,204.15,185.21,36.68,66.1,429.48,NaN,39.52,105.83,NaN,40.3716,286.37,NaN,36.82,96.13,2233.33,2229.76,10.06,NaN,50.105,49.17,42.0,5.76,48.14,179.44,129.41,NaN,43.38,NaN,NaN,260.65,204.37,168.98,107.84,180.69,9.5,55.89,145.05,0.86,293.48,120.69,1.95,63.7,4.58,36.86,41.44,65.27,NaN,22.47,NaN,7.27,5.14,45.25,396.92,55.81,1.6,28.69,23.78,21.71,21.47,187.51,344.92,364.81,226.68,198.66,232.81,55.64,122.6,134.07
2022-05-24,15.5,140.36,91.16,5.0,2082.0,53.58,33.12,14.11,524.2,119.4,22.45,NaN,NaN,NaN,205.65,191.61,35.83,61.36,437.71,NaN,37.22,101.59,NaN,40.1783,285.84,NaN,37.1,89.15,2118.52,2119.4,9.11,NaN,50.12,49.009,41.67,5.39,47.19,181.4,132.15,NaN,41.73,NaN,NaN,259.62,193.01,161.54,107.98,179.12,9.7,54.5,147.63,0.84,287.24,118.17,1.92,63.64,4.37,36.7951,40.77,63.94,NaN,12.79,NaN,6.72,5.45,44.89,393.89,59.34,1.59,26.9,21.55,21.33,21.05,184.76,338.25,362.18,222.52,196.67,227.56,55.2,124.13,132.08
2022-05-25,16.13,140.52,92.65,5.05,2135.5,55.78,35.69,14.25,531.63,122.06,22.73,NaN,NaN,NaN,209.31,190.18,36.51,67.17,440.11,NaN,38.6,103.26,NaN,40.6685,287.32,NaN,36.86,115.17,2116.79,2116.1,9.23,NaN,50.12,48.7631,42.2,5.72,47.89,179.62,131.37,NaN,42.45,NaN,NaN,262.52,198.12,169.75,105.25,184.63,9.68,56.24,145.21,0.822,291.26,119.81,1.95,66.26,4.58,37.2254,41.56,65.8,NaN,14.16,NaN,7.01,5.95,45.36,397.37,56.9,1.6,27.98,22.04,22.03,21.21,188.32,343.1,365.2,225.22,198.86,230.49,55.29,123.37,133.62
2022-05-26,17.24,143.78,98.75,5.42,2221.55,58.11,36.43,14.59,550.66,127.73,23.18,NaN,NaN,NaN,212.99,187.53,38.58,69.87,464.99,NaN,40.83,105.61,NaN,41.535,294.3,NaN,36.8,128.46,2165.92,2155.85,9.28,NaN,50.13,49.1137,43.48,5.76,48.68,179.46,132.41,NaN,45.0,NaN,NaN,265.9,216.1,178.51,106.6,192.63,9.91,59.33,146.48,0.8685,299.33,123.14,2.03,67.27,4.66,37.6904,42.5,68.82,NaN,14.81,NaN,7.14,6.52,46.37,405.31,52.16,1.63,30.32,23.1,22.19,21.77,192.64,351.8,372.46,230.92,202.93,236.79,55.95,126.0,136.83
2022-05-27,18.13,149.64,102.26,5.5,2302.93,60.32,40.29,15.1,583.28,132.23,23.78,NaN,NaN,NaN,217.14,193.39,39.6,75.32,470.76,NaN,42.23,109.32,NaN,42.452,297.87,NaN,36.83,137.21,2255.98,2246.33,10.38,NaN,50.17,49.623,44.55,5.93,49.31,181.09,133.43,NaN,45.8,NaN,NaN,273.24,219.39,188.11,107.74,195.93,9.91,61.14,148.72,0.8251,309.1,127.19,2.06,67.17,5.0,38.5836,43.58,70.59,NaN,15.58,NaN,7.55,7.91,47.42,415.26,47.01,1.66,33.29,23.67,22.84,22.19,197.41,364.06,381.8,238.53,208.07,245.0,56.66,128.48,141.46
2022-05-31,17.87,148.84,101.86,5.34,2404.19,57.64,38.11,14.89,580.13,131.4,23.85,NaN,NaN,NaN,215.85,189.65,38.53,78.1,466.22,NaN,41.69,110.44,NaN,42.0425,294.14,NaN,36.46,124.74,2280.78,2275.24,10.06,NaN,50.14,50.53,44.42,5.75,48.45,179.53,133.02,NaN,45.86,NaN,NaN,271.87,264.69,186.72,110.4,189.76,9.98,60.68,147.88,0.8024,308.28,126.94,2.07,67.89,4.76,38.1908,43.05,70.1,NaN,14.11,NaN,7.48,7.68,47.11,412.93,47.31,1.59,33.05,23.2,22.81,21.94,194.97,361.1,379.68,237.65,206.36,243.83,56.71,128.63,140.45
2022-06-01,17.29,148.71,101.22,5.28,2433.68,57.77,38.31,14.8,573.62,130.65,23.44,NaN,NaN,NaN,217.57,188.09,38.47,68.63,456.99,NaN,39.54,109.19,NaN,41.6934,289.06,NaN,36.7,121.4,2282.74,2277.84,9.37,NaN,50.13,50.2591,44.11,5.29,47.45,177.71,131.4,NaN,44.15,NaN,NaN,272.42,238.14,183.2,110.33,184.57,9.9,59.27,145.64,0.95,306.0,125.87,1.93,67.67,4.71,38.0864,42.82,69.57,NaN,13.93,NaN,7.05,8.57,46.55,409.59,48.5,1.64,32.28,22.94,22.47,21.54,193.65,359.71,376.5,236.02,205.0,241.92,56.16,125.45,140.03
2022-06-02,17.46,151.21,108.59,6.32,2510.22,58.53,40.95,15.41,576.74,140.5,24.41,NaN,NaN,NaN,220.0,187.21,39.65,73.82,487.61,NaN,39.99,110.87,NaN,42.3983,303.22,NaN,37.14,134.0,2354.92,2352.45,9.7,NaN,50.11,50.82,44.84,5.8,47.5,177.15,131.79,NaN,44.57,NaN,NaN,274.58,244.46,195.92,112.65,187.94,10.14,63.59,147.21,0.9256,314.38,129.36,1.95,69.62,4.92,38.7474,43.8,71.67,NaN,14.9,NaN,7.42,7.95,47.35,417.39,44.5,1.73,34.9,24.74,22.98,22.69,198.21,369.6,383.65,242.16,209.18,249.42,57.28,127.51,143.42
2022-06-03,16.22,145.38,106.3,6.03,2447.0,57.78,39.43,15.14,563.32,139.25,23.74,NaN,NaN,NaN,222.9,183.04,39.73,66.69,476.25,NaN,38.54,108.67,NaN,41.9741,296.64,NaN,36.75,133.7,2291.28,2290.82,9.17,NaN,50.09,49.16,43.39,5.53,47.09,176.42,131.44,NaN,43.84,NaN,NaN,270.02,227.22,187.2,112.41,182.37,9.65,62.94,145.89,0.9124,306.2,125.91,2.06,67.77,4.9,38.6233,43.44,70.07,NaN,14.49,NaN,6.98,7.94,46.74,410.54,47.96,1.65,32.14,24.15,22.66,22.14,196.23,360.21,377.44,236.33,205.84,243.23,56.41,125.32,139.99
2022-06-06,16.3,146.14,105.65,6.03,124.79,59.17,42.56,15.02,561.23,139.24,23.79,NaN,NaN,NaN,223.63,184.78,39.86,70.67,472.47,NaN,39.0,107.83,NaN,42.078,296.97,NaN,36.6,128.1,2340.21,2336.41,9.11,NaN,50.105,48.9578,43.34,5.64,47.26,176.4,131.88,NaN,44.42,NaN,NaN,268.75,235.44,187.86,112.15,180.01,9.79,66.01,145.32,1.03,307.22,126.5,2.02,66.5,4.98,38.8093,43.62,68.06,NaN,15.15,NaN,6.86,4.1,46.86,411.79,47.45,1.67,32.54,24.73,22.63,22.23,197.23,360.42,378.47,237.23,206.45,244.14,56.66,124.87,140.0
2022-06-07,16.69,148.71,105.28,6.33,123.0,59.08,43.5,15.16,572.99,140.82,23.98,NaN,NaN,NaN,227.1,185.96,39.5,69.57,471.78,NaN,39.74,107.79,NaN,42.4413,305.38,NaN,36.83,146.5,2344.59,2342.99,8.72,NaN,50.1063,49.1366,43.53,5.52,47.93,178.34,132.1,NaN,44.88,NaN,NaN,272.5,240.0,189.26,115.87,181.83,9.77,65.48,146.94,1.02,309.87,127.47,2.15,66.73,4.84,39.2939,44.2,67.49,NaN,15.28,NaN,6.86,4.0,47.3,415.74,46.25,1.62,33.33,25.3,22.67,23.56,199.66,365.21,382.17,239.45,208.69,246.36,56.83,123.37,141.67
2022-06-08,16.15,147.96,101.9,6.25,121.18,57.32,43.75,15.08,565.36,139.63,23.7,NaN,NaN,NaN,229.8,184.45,38.58,69.2,467.99,NaN,38.22,107.34,NaN,41.7689,300.53,NaN,36.8,138.73,2344.76,2343.88,8.38,NaN,50.105,48.6804,41.23,5.84,47.28,177.28,130.81,NaN,43.37,NaN,NaN,270.41,232.89,186.48,115.96,177.07,9.62,63.81,145.11,1.09,307.64,126.54,2.06,66.04,4.85,38.6347,43.56,65.73,NaN,15.17,NaN,6.66,4.18,46.75,411.22,47.2,1.62,32.65,25.83,22.33,23.5,196.49,361.28,377.99,237.25,206.35,244.42,56.37,122.3,140.07
2022-06-09,15.47,142.64,98.8,6.32,116.15,56.66,40.3,14.61,556.22,133.73,23.11,NaN,NaN,NaN,223.67,179.63,37.77,63.76,472.05,NaN,36.75,103.3,NaN,41.0565,303.5,NaN,36.68,128.98,2298.36,2296.71,8.03,NaN,50.08,48.36,40.01,5.32,46.28,173.71,127.46,NaN,42.04,NaN,184.0,264.79,217.76,180.48,112.81,184.22,9.37,62.66,142.49,1.03,299.4,123.21,2.02,66.38,4.44,37.82,42.61,64.25,NaN,14.1,NaN,6.11,4.2,45.5,401.44,51.03,1.55,29.99,25.44,21.73,22.39,192.1,351.12,369.1,231.12,201.41,237.8,55.19,121.02,136.33
2022-06-10,14.71,137.13,94.82,5.92,109.65,54.45,36.11,14.24,541.27,127.0,22.31,NaN,NaN,NaN,215.18,172.65,35.96,58.71,463.31,NaN,35.12,99.4,NaN,40.0875,288.31,NaN,37.19,129.09,2228.55,2223.23,7.81,NaN,50.07,48.3966,39.18,4.91,45.0,172.55,127.76,NaN,40.14,NaN,175.57,252.99,203.36,169.74,111.49,178.57,9.22,60.14,141.95,1.06,288.84,118.81,2.05,66.31,4.22,37.0096,41.37,62.22,NaN,13.28,NaN,5.94,3.62,43.93,389.8,56.52,1.51,26.79,23.72,21.19,21.95,186.57,337.34,358.27,222.51,195.43,228.79,54.09,121.7,131.09
2022-06-13,13.32,131.88,86.99,6.07,103.67,50.08,33.83,13.52,517.62,115.86,21.03,NaN,NaN,NaN,206.88,166.04,33.41,52.01,452.25,NaN,32.21,95.71,NaN,38.5439,266.49,NaN,36.2,118.25,2137.53,2127.85,7.23,NaN,49.99,47.98,37.77,4.52,43.14,170.81,126.91,NaN,37.62,NaN,164.26,242.26,152.15,156.47,107.58,168.52,9.04,56.07,138.15,1.02,275.41,113.42,1.85,64.7,4.09,35.6097,39.31,60.24,NaN,12.02,NaN,5.61,3.2,42.25,375.0,64.21,1.4,23.08,21.57,20.11,20.22,177.49,321.47,344.46,212.9,187.45,218.32,52.27,119.41,125.28
2022-06-14,12.95,132.76,86.99,5.09,102.31,49.36,32.35,13.41,520.17,122.16,20.9,NaN,NaN,NaN,206.69,157.92,33.19,51.58,454.8,NaN,31.38,94.22,NaN,38.3491,269.23,NaN,35.93,126.17,2143.88,2134.31,7.23,NaN,49.98,48.06,37.93,4.61,43.62,168.19,123.31,NaN,37.22,NaN,163.73,244.49,156.87,158.36,106.13,168.29,9.1,56.65,133.84,0.9152,275.91,113.59,1.9,64.74,4.0,35.3,39.21,61.11,NaN,11.91,NaN,5.925,2.93,42.14,373.87,63.83,1.39,23.23,21.09,20.1,19.47,176.83,323.26,343.6,213.34,186.92,218.42,52.15,119.46,126.07
2022-06-15,13.31,135.43,89.3,5.3,107.67,50.55,34.07,13.8,526.71,133.72,21.29,NaN,NaN,NaN,206.0,160.25,34.41,55.01,458.79,NaN,31.96,95.88,NaN,38.7715,277.52,NaN,36.38,129.29,2207.81,2195.29,7.05,NaN,49.95,48.72,38.65,5.0,44.05,169.99,122.41,NaN,37.23,NaN,169.35,251.76,171.34,165.27,106.33,168.94,9.09,58.04,132.51,1.0,282.8,116.4,1.87,65.08,4.33,35.7,39.76,61.51,NaN,13.2,NaN,5.94,2.84,42.59,379.2,59.17,1.39,24.9,22.03,20.47,19.9,179.21,330.41,348.52,218.12,189.64,223.85,52.96,119.38,128.73
2022-06-16,12.16,130.06,82.05,4.89,103.66,46.78,30.63,13.21,497.18,133.36,20.54,NaN,NaN,NaN,194.79,154.99,31.64,51.05,451.76,NaN,29.58,94.28,NaN,37.4134,263.73,NaN,36.8,125.73,2132.72,2120.67,6.89,NaN,49.98,47.5714,37.34,4.76,42.71,170.08,121.65,NaN,34.98,NaN,160.87,244.97,161.34,156.01,105.69,158.32,8.71,53.46,133.32,0.9996,271.39,111.72,1.84,62.72,4.14,34.1657,37.88,60.86,NaN,12.22,NaN,5.47,2.67,41.15,366.65,66.09,1.31,21.86,20.47,19.68,18.99,170.7,315.97,337.07,209.99,183.02,214.97,51.59,120.62,123.49
2022-06-17,12.94,131.56,81.57,4.73,106.22,48.25,33.5,13.51,498.65,136.8,20.72,NaN,NaN,NaN,192.64,156.15,32.36,51.22,446.69,NaN,30.26,94.34,NaN,37.5322,268.99,NaN,36.5,135.14,2157.31,2142.87,7.19,NaN,50.0,46.9602,36.97,5.04,42.35,169.46,121.79,NaN,35.63,NaN,163.74,247.65,167.6,158.8,105.58,157.83,8.65,52.46,132.36,1.0,274.69,113.0,1.9,62.41,4.18,34.47,38.26,59.99,NaN,12.42,NaN,5.7,4.0,41.21,365.86,63.96,1.27,22.67,21.81,20.21,18.86,172.36,319.81,337.95,211.48,183.71,217.31,51.43,118.29,124.62
2022-06-21,13.04,135.87,83.79,4.52,108.68,49.85,35.04,13.73,503.77,136.75,20.96,NaN,NaN,NaN,196.37,161.96,32.51,57.49,463.11,NaN,30.05,93.29,NaN,38.1433,281.01,NaN,36.37,140.28,2240.3,2230.88,7.55,NaN,49.98,48.0364,37.73,5.14,41.88,173.01,125.08,NaN,35.32,NaN,157.05,253.74,178.96,165.66,107.89,159.09,8.66,51.95,136.37,0.9776,281.08,115.62,2.02,62.37,4.15,35.02,38.88,62.38,NaN,12.85,NaN,5.72,3.75,42.0,375.07,59.18,1.3,24.38,21.76,20.36,19.37,175.07,327.89,346.23,217.22,188.16,222.84,51.71,122.17,127.46
2022-06-22,13.1,135.35,83.75,4.74,108.95,50.19,35.96,13.66,496.1,137.16,20.91,NaN,NaN,NaN,187.83,168.07,32.28,51.91,459.96,NaN,30.0,93.5,NaN,38.2284,278.44,NaN,36.51,138.46,2240.68,2229.75,7.49,NaN,50.0,47.7,37.38,4.99,41.24,175.74,127.57,NaN,35.69,NaN,155.85,253.13,170.91,163.6,107.34,156.95,8.67,51.01,138.5,1.0,280.67,115.48,2.01,61.66,4.09,34.84,38.62,62.44,NaN,13.08,NaN,5.6,3.59,41.67,374.39,59.39,1.19,24.29,21.5,20.28,18.58,174.67,326.76,345.5,217.13,188.13,222.84,51.14,120.69,126.92
2022-06-23,12.98,138.27,82.43,5.32,112.44,49.94,38.14,13.85,496.58,133.97,20.9,NaN,NaN,NaN,178.67,171.58,32.9,58.88,475.0,NaN,29.56,94.3,NaN,38.7639,56.8,NaN,36.29,142.02,2253.69,2244.84,7.98,NaN,50.02,48.751,37.41,5.12,41.12,179.66,132.08,NaN,35.94,NaN,158.75,258.86,188.31,162.25,108.43,153.51,8.74,50.47,142.3,0.9648,284.85,117.17,1.98,64.31,4.07,34.7372,39.06,62.03,NaN,13.94,NaN,5.78,3.45,41.77,378.06,56.85,1.1,25.33,22.37,20.52,18.25,176.2,331.8,349.13,220.28,189.08,226.76,51.07,123.62,128.82
2022-06-24,13.9,141.66,87.08,5.35,116.46,52.0,39.63,14.07,509.09,141.53,21.59,NaN,NaN,NaN,185.49,174.99,34.11,62.71,484.37,NaN,31.2,97.78,NaN,39.9093,59.13,NaN,36.22,135.21,2370.76,2359.5,8.0,NaN,50.02,49.7063,38.61,5.11,42.84,182.29,134.46,NaN,37.73,NaN,170.16,267.7,205.44,171.26,112.12,159.32,9.12,52.97,144.35,1.0,294.61,121.41,2.06,66.06,4.1,35.6771,40.32,64.43,NaN,14.7,NaN,6.13,3.2,43.13,390.08,51.01,1.18,27.98,23.03,20.86,19.53,182.31,344.03,360.0,228.01,195.19,235.25,52.46,123.72,133.45
2022-06-27,13.56,141.66,86.16,5.38,113.22,52.38,38.34,13.93,505.71,138.72,21.47,NaN,NaN,NaN,187.59,173.46,33.77,55.96,481.75,NaN,30.44,96.61,NaN,39.8766,58.85,NaN,36.19,129.69,2332.45,2316.67,9.12,NaN,50.01,49.1228,38.63,4.83,42.81,182.12,133.59,NaN,36.99,NaN,169.49,264.89,196.73,168.69,112.89,158.86,9.1,54.17,143.25,1.03,292.45,120.3,2.115,64.6,4.09,35.7535,40.41,64.15,NaN,14.56,NaN,5.93,2.94,43.08,388.59,52.0,1.21,27.32,22.86,20.74,19.84,182.59,341.54,358.65,226.38,194.59,232.76,52.4,124.12,132.55
2022-06-28,13.5,137.44,80.78,5.01,107.4,51.27,36.25,13.63,498.45,138.7,20.99,NaN,NaN,NaN,187.44,168.59,32.95,51.18,468.61,NaN,30.33,95.92,NaN,39.19,57.29,NaN,36.15,124.38,2251.43,2240.15,8.865,NaN,50.02,48.3916,37.78,4.69,42.34,176.94,132.54,NaN,36.65,NaN,160.68,256.48,186.12,159.82,108.3,154.22,9.04,52.81,140.92,1.0,283.54,116.67,2.03,64.05,3.96,35.2896,39.78,64.17,NaN,13.73,NaN,5.56,2.95,42.46,380.65,56.77,1.19,24.83,22.08,20.16,19.5,179.69,330.98,350.9,219.59,190.58,225.3,52.13,122.37,128.58
2022-06-29,13.03,139.23,77.99,4.85,108.92,49.68,35.55,13.4,490.41,138.45,20.6,NaN,NaN,NaN,183.48,167.31,32.45,49.75,469.84,NaN,29.64,95.65,NaN,39.135,57.17,NaN,36.12,122.86,2245.13,2234.03,8.47,NaN,50.02,48.4432,37.29,4.46,42.44,176.99,134.25,NaN,36.18,NaN,163.94,260.26,179.69,155.42,110.08,150.02,9.06,51.12,142.2,0.9941,283.8,116.78,2.05,63.37,3.72,34.9404,39.37,63.62,NaN,13.96,NaN,5.54,2.715,42.33,380.34,56.65,1.15,24.88,21.47,19.95,18.84,177.89,331.24,349.64,220.08,190.26,225.75,51.8,121.92,128.84
2022-06-30,12.68,136.72,76.47,5.18,106.21,48.48,34.44,13.43,485.81,136.72,20.32,NaN,NaN,NaN,178.76,168.38,31.66,47.02,479.28,NaN,28.97,94.4,NaN,38.7631,56.58,NaN,35.88,122.3,2187.45,2179.26,8.22,NaN,50.04,48.26,37.41,4.38,41.83,177.51,135.15,NaN,36.12,NaN,161.25,256.83,164.3,151.59,111.43,148.03,9.13,50.31,143.79,0.9335,280.28,115.2,2.04,63.65,3.79,35.2441,38.99,63.18,NaN,13.13,NaN,5.27,2.68,42.0,377.25,58.84,1.08,24.0,20.46,19.94,18.56,176.11,326.55,346.88,217.64,188.62,222.89,51.61,121.58,127.12
2022-07-01,13.13,138.93,73.67,4.86,109.56,49.26,34.98,13.51,477.84,139.84,20.57,NaN,NaN,NaN,178.29,172.36,32.09,49.04,485.76,NaN,29.52,96.14,NaN,39.3157,57.37,NaN,35.87,123.42,2181.62,2174.75,8.18,NaN,50.0075,48.988,36.34,4.39,41.98,179.52,136.76,NaN,36.73,NaN,160.03,259.58,166.77,145.23,111.64,146.09,9.29,46.84,146.11,0.9,282.13,116.06,2.03,64.31,3.8,35.5595,39.48,63.92,NaN,13.17,NaN,5.41,2.59,42.29,381.24,57.62,1.03,24.39,21.34,20.16,19.02,178.6,327.53,350.44,219.29,190.61,225.06,51.59,122.63,127.41
2022-07-05,13.88,141.56,75.2,4.9,113.5,51.07,35.36,13.54,476.3,137.7,20.71,NaN,NaN,NaN,173.76,171.53,32.5,55.41,488.26,NaN,29.82,97.18,NaN,39.3503,59.0,NaN,35.11,120.23,2277.74,2265.26,8.4,NaN,50.0,49.48,36.69,4.55,41.61,178.14,136.09,NaN,36.51,NaN,168.19,262.85,187.68,149.64,111.24,145.91,9.46,47.3,144.7,0.9,286.96,118.01,2.11,66.1,3.97,34.9303,39.66,63.39,NaN,14.38,NaN,5.84,3.07,42.14,381.96,54.66,0.98,25.65,22.52,20.02,18.21,179.24,332.54,351.06,222.33,191.29,228.97,50.64,124.25,129.01
2022-07-06,13.89,142.92,75.35,4.84,114.33,50.24,35.88,13.48,482.61,136.31,20.69,NaN,NaN,NaN,172.31,171.77,31.69,51.71,492.65,NaN,29.53,96.08,NaN,39.4961,59.87,NaN,34.55,117.43,2304.27,2291.44,8.63,NaN,50.01,50.97,36.99,4.61,41.87,178.3,136.98,NaN,36.31,NaN,169.77,266.21,188.3,151.3,110.49,145.75,9.24,47.61,146.05,0.9,288.8,118.76,2.02,63.51,3.95,35.1177,39.33,63.44,NaN,14.28,NaN,5.9,3.03,42.32,383.25,53.65,0.9727,26.14,21.5,19.95,18.04,178.02,334.85,352.33,223.82,191.67,230.16,50.55,125.13,130.12
2022-07-07,14.1,146.35,79.3,5.1,116.33,52.31,37.64,13.87,498.54,139.97,21.32,NaN,NaN,NaN,180.28,171.64,32.68,57.46,494.95,NaN,29.91,97.43,NaN,40.1169,61.62,NaN,34.58,135.12,2386.12,2375.66,9.02,NaN,50.0,51.15,38.14,5.05,43.06,178.5,135.7,NaN,36.72,NaN,172.19,268.4,219.51,158.58,109.94,152.02,9.39,52.01,146.0,0.89,294.98,121.33,2.1,64.16,4.16,35.8113,40.27,64.24,NaN,15.1,NaN,6.26,3.14,42.92,388.99,50.28,1.07,27.76,22.74,20.5,19.12,182.18,342.3,357.5,228.4,194.83,234.82,51.43,125.32,132.81
2022-07-08,13.97,147.04,79.35,5.09,115.54,51.56,37.39,13.82,498.69,139.07,21.25,NaN,NaN,NaN,179.1,171.4,31.99,60.29,501.54,NaN,29.72,95.86,NaN,39.95,62.7,NaN,34.59,128.54,2403.37,2387.07,9.0,NaN,49.99,50.9661,37.99,5.07,42.71,178.28,134.2,NaN,36.7,NaN,170.88,267.66,221.28,158.38,109.03,154.28,9.27,53.47,145.02,0.8799,295.35,121.46,2.2,63.53,4.25,35.8387,40.24,64.36,NaN,14.96,NaN,6.19,3.1,42.9,388.67,50.04,1.07,27.89,22.34,20.51,19.31,181.53,342.54,357.29,228.63,194.63,234.74,51.47,125.4,132.87
2022-07-11,13.43,144.87,76.95,4.76,111.75,50.7,34.93,13.46,482.86,136.99,20.66,NaN,NaN,NaN,175.02,172.26,31.6,53.88,498.9,NaN,29.29,93.64,NaN,39.6901,62.28,NaN,34.4,130.09,2330.45,2313.53,8.34,NaN,49.995,50.9126,37.2,4.61,42.23,178.35,134.72,NaN,36.83,NaN,162.88,264.51,200.9,151.52,109.54,151.96,9.15,52.6,146.04,0.8396,289.04,118.87,2.03,63.71,3.97,35.0875,39.54,62.94,NaN,14.06,NaN,6.01,3.25,42.52,384.23,53.24,1.06,26.11,21.19,19.85,18.64,178.68,337.06,353.25,224.53,192.17,230.44,50.47,125.45,131.04
2022-07-12,14.77,145.86,76.36,4.74,109.22,50.71,34.4,13.39,481.37,147.15,20.23,NaN,NaN,NaN,174.49,170.94,31.6,54.24,490.57,NaN,31.09,93.6,NaN,39.4737,59.62,NaN,34.27,137.12,2296.99,2280.41,8.4,NaN,50.0,50.6512,37.21,4.47,42.77,175.85,135.28,NaN,38.54,NaN,163.27,253.67,192.52,150.82,108.83,152.24,9.28,52.77,144.75,0.8,286.24,117.75,2.04,63.14,3.99,35.1241,39.39,62.25,NaN,14.04,NaN,6.04,3.5,42.17,380.83,54.78,0.99,25.35,21.57,19.96,18.29,178.1,332.44,349.99,221.55,190.51,227.43,50.4,125.07,129.25
2022-07-13,14.31,145.49,77.52,4.84,110.4,50.3,32.94,13.3,481.73,143.95,20.14,NaN,NaN,NaN,173.87,170.91,31.23,53.1,492.22,NaN,29.7,92.94,NaN,39.3786,58.91,NaN,34.44,141.28,2243.74,2227.07,8.36,NaN,49.99,50.36,37.21,4.43,42.14,175.44,136.05,NaN,38.8,NaN,163.49,252.72,195.55,151.64,110.12,155.01,9.13,52.48,145.7,0.8662,285.65,117.56,2.06,63.48,4.01,34.87,39.33,61.55,NaN,13.83,NaN,5.95,3.37,42.02,378.83,55.12,0.9473,25.19,21.5,19.9,18.36,177.73,331.67,348.36,220.72,189.68,226.7,50.34,125.37,128.91
2022-07-14,14.25,148.47,78.6,4.82,110.63,48.67,30.81,13.25,484.64,147.15,20.08,NaN,NaN,NaN,169.94,171.02,30.53,53.42,511.94,NaN,29.77,91.84,NaN,39.117,57.64,NaN,33.95,136.2,2228.8,2207.35,8.24,NaN,50.0,50.64,37.71,4.39,41.78,175.68,135.13,NaN,38.46,NaN,158.05,254.08,204.59,153.72,109.45,159.82,9.1,54.05,145.27,0.75,286.67,117.96,2.04,62.48,3.91,34.6404,38.89,60.57,NaN,13.17,NaN,5.91,3.23,41.92,377.91,54.53,0.91,25.45,20.65,19.71,18.56,175.73,333.9,347.44,221.09,188.84,227.05,49.66,127.82,130.09
2022-07-15,14.47,150.17,81.11,4.74,113.55,50.85,32.62,13.55,494.46,147.74,20.52,NaN,NaN,NaN,173.38,173.4,32.02,53.79,522.95,NaN,30.09,95.2,NaN,39.75,60.22,NaN,33.88,141.64,2255.34,2235.55,8.41,NaN,49.98,51.6746,38.62,4.53,41.92,178.23,134.68,NaN,39.58,NaN,164.7,256.72,213.98,157.62,114.23,163.98,9.36,56.07,145.07,0.8,291.87,120.01,2.11,62.85,3.95,35.1587,39.71,62.18,NaN,13.65,NaN,6.29,3.52,42.72,385.13,51.64,0.9125,26.79,21.67,20.11,18.8,179.17,340.03,354.01,225.36,192.51,231.24,50.28,129.07,132.38
2022-07-18,14.54,147.07,81.43,4.89,113.76,51.3,34.33,13.52,491.06,147.72,20.57,NaN,NaN,NaN,173.49,170.13,32.19,58.67,516.3,NaN,31.14,95.7,NaN,39.41,58.0,NaN,33.92,146.64,109.91,109.03,8.62,NaN,49.98,50.7545,38.71,4.59,41.42,174.23,132.07,NaN,39.95,NaN,167.23,254.25,225.63,161.01,112.98,161.92,9.31,54.95,143.31,0.7981,289.4,119.04,2.12,61.38,4.06,35.1009,39.66,61.24,NaN,13.92,NaN,6.35,3.63,42.45,381.95,52.89,0.96,26.17,22.58,20.06,19.14,178.97,336.96,351.08,223.27,191.18,229.27,50.6,128.77,131.1
2022-07-19,15.16,151.0,85.88,4.76,118.21,53.07,35.2,14.04,509.0,156.13,21.3,NaN,NaN,NaN,179.49,173.53,33.86,65.83,520.23,NaN,32.6,99.61,NaN,40.5705,59.2,NaN,34.01,151.7,114.62,113.81,9.03,NaN,50.0,51.7,40.22,4.73,42.61,171.69,132.24,NaN,41.49,NaN,175.78,259.53,267.17,169.92,115.82,170.43,9.61,58.78,144.04,0.8,298.3,122.64,2.13,62.01,4.09,36.3894,40.99,63.2,NaN,14.15,NaN,6.62,3.68,43.65,392.27,48.15,0.9485,28.46,22.67,20.74,19.94,184.96,347.1,360.61,230.18,196.52,236.59,51.8,129.56,135.1
2022-07-20,15.21,153.04,89.43,5.17,122.77,54.19,37.6,14.31,511.77,158.38,21.95,NaN,NaN,NaN,179.97,170.53,34.49,75.27,524.2,NaN,32.85,103.35,NaN,40.8461,59.64,NaN,33.69,158.75,114.7,113.9,9.41,NaN,50.01,51.3709,40.56,5.12,42.94,170.71,131.35,NaN,41.5,NaN,183.09,262.27,288.77,178.07,113.59,176.48,9.56,60.09,141.55,0.75,303.03,124.66,2.12,62.94,4.37,36.7752,41.64,62.83,NaN,15.51,NaN,6.97,4.25,43.9,394.77,45.76,0.9682,29.89,24.12,21.01,20.27,187.67,353.59,362.92,233.24,198.11,240.34,51.52,130.64,137.21
2022-07-21,14.08,155.35,91.09,5.28,124.63,54.58,38.12,14.5,517.68,161.41,22.37,NaN,NaN,NaN,180.99,173.01,35.07,73.98,529.46,NaN,31.96,104.18,NaN,41.09,61.86,NaN,34.16,153.47,115.04,114.34,9.41,NaN,50.01,52.4,40.61,5.26,43.27,171.31,130.55,NaN,40.89,NaN,183.17,264.84,289.71,180.5,115.36,179.95,9.51,61.17,140.77,0.7552,307.38,126.45,2.14,63.41,4.36,36.9706,41.85,63.13,NaN,16.35,NaN,7.04,4.17,44.18,398.79,43.8,0.96,31.16,24.23,21.13,19.93,188.89,358.73,366.59,237.06,200.07,244.16,52.1,132.55,139.14
2022-07-22,13.68,154.09,88.1,4.96,122.42,53.94,36.16,14.14,512.52,158.16,21.88,NaN,NaN,NaN,178.62,172.86,35.0,70.82,529.72,NaN,31.35,102.72,NaN,40.87,61.23,NaN,34.25,35.78,108.36,107.9,9.08,NaN,50.04,52.103,39.2,4.88,43.19,172.12,132.4,NaN,40.24,NaN,169.27,260.36,281.92,173.19,114.56,175.14,9.42,59.42,143.02,0.7323,301.99,124.27,2.15,63.07,4.05,36.4349,41.28,62.99,NaN,9.96,NaN,6.62,3.73,43.77,395.09,46.08,1.01,29.53,23.3,20.65,19.31,186.54,353.13,363.25,233.27,197.9,239.84,51.84,132.21,137.22
2022-07-25,13.75,152.95,87.54,4.86,121.14,54.04,35.16,14.15,513.11,156.64,21.64,NaN,NaN,NaN,181.81,171.5,35.13,67.07,529.14,NaN,31.41,102.69,NaN,40.9685,61.0,NaN,34.15,33.98,108.21,107.51,8.89,NaN,50.05,51.738,39.16,4.94,43.46,172.46,133.42,NaN,40.62,NaN,166.65,258.83,265.86,170.24,115.93,174.13,9.53,59.34,143.99,0.69,300.27,123.58,2.15,63.46,4.13,36.5716,41.53,63.66,NaN,9.95,NaN,6.46,4.1,43.88,395.57,46.83,1.01,29.09,23.35,20.51,19.72,187.38,350.86,363.61,232.26,198.17,238.54,52.19,132.02,136.35
2022-07-26,13.43,151.6,85.25,4.76,114.81,53.55,33.4,14.01,511.09,155.92,21.14,NaN,NaN,NaN,181.23,174.62,34.89,52.93,511.93,NaN,30.64,99.78,NaN,40.632,56.26,NaN,34.13,32.43,105.44,105.02,8.43,NaN,50.05,50.6431,38.96,4.72,41.78,173.68,133.97,NaN,39.6,NaN,159.15,251.9,237.64,165.33,116.82,174.46,9.39,58.25,144.27,0.6801,294.37,121.14,2.28,63.62,4.1,36.5,41.19,61.17,NaN,9.63,NaN,6.14,3.6,43.46,390.89,49.62,0.97,27.33,22.55,20.24,19.72,185.79,344.25,359.25,227.87,195.72,233.58,51.58,121.98,134.14
2022-07-27,13.97,156.79,89.82,5.27,120.97,54.83,35.33,14.39,527.79,156.09,21.96,NaN,NaN,NaN,185.25,173.54,35.55,58.83,522.31,NaN,31.5,103.5,NaN,41.3,57.93,NaN,34.46,33.78,113.6,113.06,8.9,NaN,50.07,51.5217,40.18,5.1,42.62,173.2,132.05,NaN,40.77,NaN,169.58,268.74,262.4,177.9,116.93,181.42,10.14,62.51,145.64,0.67,306.81,126.25,2.1,64.62,4.28,37.1492,42.08,62.51,NaN,9.55,NaN,6.44,3.79,44.4,401.04,43.47,1.02,30.74,23.09,20.59,21.09,189.72,359.14,368.66,236.89,200.86,243.18,52.68,126.59,139.91
2022-07-28,13.76,157.35,91.67,5.78,122.28,56.51,35.36,14.68,533.61,159.09,22.19,NaN,NaN,NaN,187.84,181.21,37.52,62.25,536.18,NaN,31.7,104.9,NaN,42.0189,59.4,NaN,34.87,33.84,114.59,114.22,9.11,NaN,50.08,52.21,39.71,5.29,43.02,174.2,133.26,NaN,38.15,NaN,160.72,276.41,275.72,179.84,116.39,183.12,10.6,64.56,148.06,0.65,309.81,127.47,2.12,65.69,4.55,38.0437,42.71,67.7,NaN,9.67,NaN,6.3,3.69,44.92,406.07,42.13,1.04,31.62,23.31,20.88,21.43,192.84,364.26,373.32,240.34,203.48,247.03,53.0,129.75,142.04
2022-07-29,13.71,162.51,94.47,6.14,134.95,57.1,35.54,14.935,535.48,159.31,22.52,NaN,NaN,NaN,198.25,180.66,38.91,62.96,541.3,NaN,31.8,106.1,NaN,42.4355,59.65,NaN,34.99,34.01,116.64,116.32,9.05,NaN,50.075,52.73,36.31,5.4,42.77,174.52,131.79,NaN,38.12,NaN,159.1,280.74,286.06,181.63,116.06,183.88,10.62,66.78,138.91,0.71,315.46,129.79,2.17,66.13,4.67,38.771,43.06,69.05,NaN,9.88,NaN,6.31,3.5,45.49,411.99,39.83,1.11,33.36,23.45,21.05,21.58,194.79,370.2,378.79,245.49,206.25,251.96,53.49,132.05,144.22
2022-08-01,14.28,161.51,96.78,5.94,135.39,57.12,34.17,15.05,536.37,169.07,22.77,NaN,NaN,NaN,194.86,179.97,38.49,62.7,546.81,NaN,32.23,106.22,NaN,42.4611,60.06,NaN,35.17,34.78,115.48,114.86,9.04,NaN,50.04,53.4072,36.96,5.25,42.82,173.91,135.37,NaN,38.31,NaN,159.93,278.01,275.74,184.41,116.09,184.5,10.64,63.66,142.9,0.73,315.27,129.73,2.13,66.18,4.73,38.7691,43.08,68.72,NaN,9.54,NaN,6.36,3.65,45.32,410.77,39.89,1.07,33.31,24.6,21.16,21.06,194.67,369.54,377.65,244.55,205.77,251.61,53.34,132.54,143.91
2022-08-02,14.06,160.01,99.29,6.14,134.16,56.41,34.49,15.13,531.21,163.28,22.65,NaN,NaN,NaN,183.51,177.85,37.73,67.23,543.46,NaN,31.82,104.71,NaN,41.97,60.37,NaN,34.97,35.84,115.9,115.13,9.23,NaN,50.03,54.16,36.01,5.51,42.34,172.92,133.0,NaN,37.62,NaN,160.19,274.82,278.26,185.26,114.46,180.47,10.31,65.59,141.95,0.6999,314.33,129.29,2.14,65.71,4.72,38.82,42.93,67.55,NaN,9.87,NaN,6.41,3.93,44.94,408.06,40.28,1.03,33.0,29.25,21.39,21.06,193.61,367.63,375.21,243.17,204.66,250.66,52.68,132.68,142.89
2022-08-03,14.63,166.13,98.09,6.23,139.52,57.23,35.82,15.42,546.74,166.64,23.04,NaN,NaN,NaN,182.87,178.5,38.76,80.81,547.01,NaN,33.25,109.02,NaN,42.5092,62.88,NaN,35.07,37.93,118.78,118.08,10.31,NaN,50.04,53.5137,36.52,5.9,42.61,174.59,134.75,NaN,39.0,NaN,168.8,282.47,313.68,188.93,99.91,185.55,10.31,68.83,144.88,0.6969,322.89,132.73,2.15,66.4,5.15,39.4601,43.49,68.98,NaN,10.32,NaN,8.23,3.8,45.47,414.45,37.06,0.9905,35.64,30.19,21.94,21.05,196.01,378.29,381.07,248.78,207.95,256.94,53.02,130.5,146.69
2022-08-04,14.86,165.81,103.91,5.44,142.57,57.99,36.0,15.47,552.8,166.5,23.23,NaN,NaN,NaN,183.64,178.35,38.38,88.9,543.28,NaN,33.33,108.12,NaN,42.2711,52.61,NaN,35.63,38.36,118.87,118.19,10.88,NaN,50.04,53.3668,35.66,6.2,41.87,171.79,132.76,NaN,38.79,NaN,170.57,283.65,309.31,192.15,104.47,184.26,10.32,68.05,144.65,0.7173,324.4,133.5,2.18,60.57,5.45,39.433,43.37,69.0,NaN,10.25,NaN,8.23,3.7,45.39,414.17,36.5,1.02,36.15,31.85,21.93,21.05,195.27,379.49,380.77,249.75,207.75,258.21,53.3,125.57,147.36
2022-08-05,14.74,165.35,102.31,5.2,140.8,57.53,36.46,15.33,551.44,165.04,23.08,NaN,NaN,NaN,185.39,178.4,37.96,93.05,540.67,NaN,32.94,106.63,NaN,42.47,53.39,NaN,35.22,40.02,118.22,117.47,10.4,NaN,50.02,52.68,35.39,6.42,41.79,171.11,133.38,NaN,38.81,NaN,167.11,282.91,319.15,189.89,103.2,181.66,10.19,67.63,144.72,0.75,321.75,132.4,2.13,58.42,5.34,38.9662,43.64,69.31,NaN,10.18,NaN,7.96,3.77,45.48,413.47,37.38,1.05,35.29,32.01,21.67,21.33,196.65,378.9,379.98,248.46,207.68,256.85,53.04,126.58,147.02
2022-08-08,15.02,164.87,100.07,5.19,139.41,57.42,40.14,15.41,545.53,165.89,22.98,NaN,NaN,NaN,185.81,179.24,35.29,98.02,541.9,NaN,33.75,109.11,NaN,42.6801,53.32,NaN,35.53,43.45,118.14,117.3,10.68,NaN,50.02,52.8505,35.38,6.13,42.48,170.2,134.29,NaN,39.08,NaN,170.25,280.32,330.01,177.93,102.42,179.96,10.31,67.34,145.27,0.7599,320.71,131.95,2.08,58.32,5.45,38.857,44.04,68.45,NaN,10.41,NaN,7.98,3.51,45.41,412.99,37.75,1.13,34.93,31.85,21.75,21.62,198.3,376.27,379.64,247.47,207.87,256.3,53.2,127.61,145.77
2022-08-09,14.62,164.92,95.54,4.99,137.83,57.9,36.01,15.15,532.8,164.85,22.39,NaN,NaN,NaN,186.03,179.86,34.12,87.68,535.82,NaN,33.21,108.13,NaN,42.31,52.19,NaN,35.62,40.37,117.5,116.63,10.1,NaN,50.03,52.7959,34.52,5.72,42.51,170.18,134.42,NaN,38.34,NaN,168.53,282.3,319.38,170.86,104.6,171.04,10.31,63.08,144.93,0.7361,317.08,130.45,2.01,56.93,5.44,38.7454,43.46,69.04,NaN,10.16,NaN,7.39,3.21,45.18,411.35,39.02,1.01,33.73,31.06,21.73,21.06,195.86,371.65,378.14,245.49,206.56,253.51,52.92,128.87,144.31
2022-08-10,15.07,169.24,99.05,5.38,142.69,59.99,40.46,15.77,550.41,169.02,23.39,NaN,NaN,NaN,190.72,181.8,35.35,94.14,539.82,NaN,33.93,112.43,NaN,43.24,53.89,NaN,35.56,40.53,120.65,119.7,10.58,NaN,50.04,53.76,35.37,6.33,43.41,170.67,135.66,NaN,39.28,NaN,178.34,289.16,335.8,180.97,107.51,179.97,10.58,66.2,146.3,0.7681,325.93,134.03,2.03,58.0,5.79,39.5597,44.65,69.94,NaN,10.57,NaN,7.81,3.57,46.09,419.99,35.83,1.16,36.5,32.8,22.27,21.6,201.19,382.99,386.06,252.26,211.27,260.96,54.02,129.14,148.25
2022-08-11,14.99,168.49,98.12,5.66,140.64,60.89,34.46,15.79,545.43,167.88,23.24,NaN,NaN,NaN,194.0,178.88,34.35,84.0,532.2,NaN,33.96,117.69,NaN,43.46,52.52,NaN,35.47,39.45,119.82,118.84,10.51,NaN,50.05,52.9562,35.59,6.07,43.8,167.14,134.63,NaN,38.97,NaN,177.49,287.02,336.99,179.42,108.79,180.38,10.65,66.36,145.26,0.79,324.08,133.38,2.03,58.41,5.86,39.7204,44.86,72.57,NaN,11.11,NaN,7.42,3.57,46.22,419.99,36.34,1.15,35.95,32.24,22.34,21.53,201.96,380.77,386.06,251.23,211.28,259.55,54.1,129.82,147.67
2022-08-12,15.25,172.1,100.83,6.13,143.55,61.0,36.32,16.09,558.23,169.99,23.76,NaN,NaN,NaN,196.84,181.68,35.2,90.49,537.21,NaN,34.5,121.57,NaN,44.05,54.29,NaN,35.78,40.74,122.65,121.68,10.93,NaN,50.06,53.3933,36.11,6.21,44.51,165.3,135.48,NaN,39.46,NaN,180.5,291.91,352.84,187.09,107.5,187.47,10.77,71.16,146.67,0.81,330.39,135.96,2.03,58.97,7.1,40.7821,45.69,75.0,NaN,11.62,NaN,7.65,3.66,46.91,427.1,34.29,1.09,37.98,32.47,22.95,21.6,205.49,388.68,392.67,256.2,214.94,264.64,54.525,132.22,150.61
2022-08-15,15.33,173.19,101.01,6.09,143.18,61.48,33.55,16.07,558.96,170.47,23.8,NaN,NaN,NaN,195.95,184.14,35.62,91.97,545.75,NaN,35.0,124.26,NaN,44.08,54.08,NaN,35.34,39.68,122.88,122.08,11.01,NaN,50.05,53.4167,36.34,6.36,44.49,166.09,136.45,NaN,39.64,NaN,180.89,293.47,349.08,190.32,106.37,187.57,10.8,71.24,148.56,0.83,333.06,137.02,2.03,59.09,6.61,40.6564,45.76,75.86,NaN,12.24,NaN,7.62,3.75,46.98,428.86,33.45,1.19,38.89,32.49,22.96,21.11,205.82,391.03,394.35,257.67,215.78,266.28,54.22,132.6,151.56
2022-08-16,15.5,173.03,100.2,6.05,144.78,60.73,32.63,16.1,551.65,172.08,23.55,NaN,NaN,NaN,197.52,182.31,35.78,90.39,553.02,NaN,35.34,124.96,NaN,44.4,52.94,NaN,35.27,42.19,122.51,121.7,10.9,NaN,50.07,54.31,36.19,8.38,44.98,167.57,137.39,NaN,39.87,NaN,179.47,292.71,342.64,188.79,105.32,185.85,10.95,70.71,149.93,0.8263,332.28,136.78,2.02,58.7,6.61,40.7379,45.9,77.18,NaN,12.61,NaN,7.58,3.68,47.02,429.7,33.69,1.15,38.64,32.38,23.05,21.19,206.62,389.67,395.04,257.42,216.24,266.13,54.25,139.37,151.15
2022-08-17,14.96,174.55,98.27,5.8,142.1,59.24,30.18,15.65,538.59,167.2,23.05,NaN,NaN,NaN,195.93,181.47,34.23,85.44,556.32,NaN,34.54,122.81,NaN,44.17,51.93,NaN,35.04,40.52,120.32,119.55,10.42,NaN,50.07,54.147,35.78,7.86,44.4,167.58,136.83,NaN,38.94,NaN,174.85,291.32,325.2,183.35,104.81,180.22,10.86,68.29,149.24,0.8329,328.49,135.16,2.02,58.75,6.02,40.06,45.17,75.46,NaN,12.09,NaN,6.88,3.42,46.72,426.65,34.88,1.06,37.3,30.72,22.37,20.38,203.41,386.39,392.34,255.51,214.3,263.47,53.87,139.52,150.07
2022-08-18,14.84,174.15,100.44,5.79,142.3,59.55,28.97,15.66,558.45,168.69,23.05,NaN,NaN,NaN,197.35,181.05,34.63,83.47,560.96,NaN,34.49,122.67,NaN,44.285,52.27,NaN,34.96,37.93,120.86,120.17,10.17,NaN,50.08,53.86,36.2,7.63,44.14,166.77,137.1,NaN,38.98,NaN,174.66,290.17,324.38,187.73,102.76,182.76,10.89,73.25,149.77,0.8277,329.28,135.47,2.02,58.79,6.0,40.2487,45.53,75.75,NaN,12.56,NaN,6.68,3.36,47.08,427.89,34.64,1.12,37.55,30.15,22.3,20.51,204.66,388.41,393.55,255.88,214.86,263.7,53.66,139.07,150.85
2022-08-19,14.17,171.52,95.95,5.47,138.23,58.13,26.93,15.23,548.43,162.92,22.32,NaN,NaN,NaN,195.6,180.14,33.56,74.06,554.53,NaN,33.25,120.14,NaN,43.775,51.29,NaN,34.69,36.49,118.12,117.21,9.26,NaN,50.08,52.7892,35.38,6.62,43.59,169.31,136.95,NaN,37.88,NaN,167.96,286.15,283.0,178.49,104.55,180.33,10.74,72.53,149.73,0.8079,322.86,132.82,2.13,58.27,5.74,39.53,44.61,73.86,NaN,11.56,NaN,6.33,3.23,46.47,422.14,36.66,1.1,35.35,29.01,21.75,19.63,200.66,380.93,388.12,251.37,211.79,258.56,52.94,137.02,148.11
2022-08-22,13.71,167.57,92.84,5.21,133.22,57.08,25.55,14.75,528.75,158.98,21.61,NaN,NaN,NaN,191.76,177.0,32.87,71.47,545.47,NaN,32.38,115.94,NaN,42.94,50.32,NaN,34.46,34.5,115.07,114.24,9.04,NaN,50.08,52.0681,33.84,6.42,42.5,167.59,136.21,NaN,37.47,NaN,163.05,277.75,268.09,170.34,107.55,172.52,10.46,68.8,149.33,0.8199,314.36,129.38,2.2,55.84,5.49,38.67,43.68,72.55,NaN,11.01,NaN,6.1,2.855,45.56,413.35,39.54,1.06,32.57,28.0,21.11,19.53,196.5,370.48,379.94,245.04,207.26,251.85,52.18,134.57,143.98
2022-08-23,13.82,167.23,92.49,5.31,133.62,58.09,26.04,14.63,529.78,160.07,21.6,NaN,NaN,NaN,197.21,173.11,33.33,71.18,542.07,NaN,32.87,114.86,NaN,42.8599,50.59,NaN,34.71,33.53,114.77,113.86,9.18,NaN,50.09,53.04,33.95,6.43,42.78,166.13,134.24,NaN,37.47,NaN,161.11,276.44,265.8,171.81,106.57,173.94,10.36,71.25,146.45,0.76,314.1,129.25,2.35,54.89,5.35,38.5884,43.78,72.79,NaN,10.6,NaN,6.17,2.965,45.6,412.35,39.68,1.13,32.46,27.81,21.17,20.15,196.56,369.61,379.04,244.34,206.87,251.35,52.32,134.0,143.6
2022-08-24,13.99,167.53,92.73,5.51,133.8,58.96,26.4,14.88,530.84,163.6,21.77,NaN,NaN,NaN,194.16,174.84,33.49,71.48,543.22,NaN,33.31,116.41,NaN,42.9,50.16,NaN,34.8,32.5,114.7,113.69,9.32,NaN,50.11,53.2666,33.86,6.58,42.61,165.58,133.69,NaN,37.8,NaN,163.26,275.79,274.41,172.22,110.02,173.01,10.34,72.03,145.82,0.74,315.01,129.55,2.31,55.01,5.35,38.9513,44.06,73.32,NaN,10.86,NaN,6.45,3.01,45.7,413.67,39.34,1.15,32.71,28.71,21.49,22.5,197.97,370.21,380.19,244.98,207.74,252.12,52.42,134.97,143.69
2022-08-25,14.42,170.03,97.18,5.74,137.28,60.31,27.07,15.2,550.13,169.38,22.12,NaN,NaN,NaN,198.88,177.42,34.66,71.37,550.77,NaN,33.99,117.46,NaN,43.395,50.87,NaN,34.9,31.96,117.7,116.65,9.81,NaN,50.08,52.9845,34.89,6.84,43.87,167.13,132.89,NaN,38.55,NaN,168.78,278.85,272.81,179.13,111.4,179.02,10.39,76.71,145.7,0.74,320.58,131.9,2.32,54.8,5.51,39.6369,44.78,74.0,NaN,11.21,NaN,6.69,3.15,46.37,419.51,37.3,1.18,34.43,29.62,21.87,22.61,201.18,376.93,385.73,249.18,210.75,256.42,53.11,135.87,146.12
2022-08-26,13.74,163.62,91.18,5.48,130.75,56.37,25.75,14.62,520.86,164.53,21.22,NaN,NaN,NaN,191.92,173.41,33.09,66.74,531.82,NaN,32.68,114.07,NaN,42.116,49.57,NaN,34.5,30.94,111.3,110.34,9.38,NaN,50.11,52.3909,33.36,6.19,42.62,164.27,129.52,NaN,37.53,NaN,161.78,268.09,249.2,162.6,108.69,168.12,10.08,71.58,142.29,0.72,307.44,126.53,2.27,53.86,5.3,38.2997,43.33,71.89,NaN,10.67,NaN,6.18,2.95,44.89,405.31,41.86,1.11,30.24,28.58,21.3,21.78,194.82,360.97,372.51,239.03,203.77,246.05,51.9,131.6,139.88
2022-08-29,13.51,161.38,88.49,5.28,129.79,55.67,24.94,14.41,514.18,165.42,20.92,NaN,NaN,NaN,191.78,173.45,32.85,66.34,531.06,NaN,32.03,113.53,NaN,41.7943,48.69,NaN,34.52,31.55,110.34,109.42,9.38,NaN,50.11,52.9087,32.94,6.19,42.15,163.0,129.58,NaN,37.43,NaN,159.17,265.23,244.96,158.01,107.44,165.88,9.91,69.52,141.69,0.72,304.41,125.23,2.27,53.12,5.13,38.0571,42.94,71.94,NaN,10.27,NaN,6.0,2.86,44.58,402.63,43.12,1.14,29.31,28.74,21.12,23.39,193.47,356.31,370.05,236.65,202.28,243.57,51.75,132.88,138.03
2022-08-30,13.33,158.91,86.94,5.2,128.73,54.95,24.49,14.26,506.39,162.21,20.72,NaN,NaN,NaN,186.94,170.17,32.67,67.03,524.14,NaN,31.72,112.43,NaN,41.31,49.04,NaN,34.23,29.84,109.91,108.94,9.47,NaN,50.11,53.4229,32.26,5.88,42.1,162.43,128.83,NaN,37.2,NaN,157.16,262.97,240.23,154.68,106.04,165.72,9.88,68.97,140.18,0.68,301.02,123.85,2.22,52.36,5.13,37.4406,42.35,72.5,NaN,10.01,NaN,5.91,2.88,44.04,398.21,44.53,1.05,28.33,28.71,20.96,23.42,190.88,352.72,366.03,234.14,200.03,241.1,51.29,132.48,136.59
2022-08-31,12.99,157.22,84.87,5.34,126.77,55.58,24.63,14.19,499.11,160.25,20.6,NaN,NaN,NaN,184.71,170.83,32.53,66.8,522.1,NaN,31.07,112.08,NaN,41.03,48.69,NaN,33.97,28.64,109.15,108.22,9.55,NaN,50.11,53.64,31.92,5.94,41.62,161.34,127.52,NaN,36.7,NaN,162.93,261.47,231.56,150.94,106.1,164.58,9.79,68.77,137.94,0.6648,299.27,123.22,2.385,52.25,5.5,37.3237,42.1,70.95,NaN,10.88,NaN,5.92,2.85,43.77,395.18,45.39,1.04,27.81,28.76,21.06,23.34,189.71,349.28,363.15,232.19,198.56,239.36,51.09,132.55,135.26
2022-09-01,12.93,157.96,82.33,5.13,127.82,54.83,25.05,13.99,492.01,153.66,20.14,NaN,NaN,NaN,182.44,172.0,32.66,65.53,529.17,NaN,31.09,112.53,NaN,41.05,48.55,NaN,33.66,27.63,110.55,109.74,9.63,NaN,50.01,54.2155,31.76,5.79,41.31,165.34,128.52,NaN,36.63,NaN,165.36,260.4,220.92,139.37,104.53,164.4,9.76,68.22,139.64,0.7248,299.4,123.17,2.34,52.47,5.27,36.7503,41.66,71.72,NaN,11.64,NaN,5.85,3.2,43.81,396.42,45.32,1.02,27.84,28.92,20.7,22.27,187.95,346.22,364.27,232.79,198.68,239.4,50.53,134.48,134.6
2022-09-02,12.99,155.81,80.24,5.2,127.51,55.0,24.09,13.84,500.22,151.82,19.94,NaN,NaN,NaN,180.83,167.76,32.26,65.26,519.11,NaN,30.94,111.2,NaN,40.76,48.6,NaN,33.96,27.36,108.68,107.85,9.45,NaN,50.03,53.685,31.22,5.7,40.93,162.74,126.48,NaN,36.74,NaN,160.32,256.06,218.06,136.47,102.24,162.39,9.76,67.51,137.16,0.761,295.17,121.51,2.36,52.09,5.32,36.4325,41.35,70.34,NaN,11.22,NaN,5.74,3.31,43.41,392.24,47.23,1.03,26.68,29.05,20.39,22.18,186.85,342.15,360.45,229.84,196.71,236.28,50.22,133.0,132.85
2022-09-06,13.22,154.53,78.72,5.12,126.11,55.62,24.53,13.88,498.2,152.39,19.84,NaN,NaN,NaN,180.66,169.23,31.66,62.78,518.9,NaN,31.19,110.09,NaN,40.6124,49.65,NaN,33.77,25.14,107.48,106.81,9.57,NaN,50.02,53.1162,30.36,5.63,40.33,163.18,125.71,NaN,36.74,NaN,158.54,253.25,204.25,134.65,103.59,160.75,9.4,66.05,135.63,0.8,293.05,120.61,2.53,53.01,5.26,36.4526,41.0,70.47,NaN,10.77,NaN,5.65,2.91,43.28,390.76,48.29,1.05,26.07,28.89,20.48,22.66,185.51,339.67,359.24,228.79,195.91,235.39,49.9,132.34,131.97
2022-09-07,13.89,155.96,79.61,5.19,129.48,56.74,25.36,13.97,505.13,155.95,20.09,NaN,NaN,NaN,180.86,173.68,32.33,68.25,529.64,NaN,32.23,112.69,NaN,41.58,50.45,NaN,34.09,24.04,110.48,109.45,9.85,NaN,50.05,53.8075,30.65,5.3,41.06,164.07,127.44,NaN,37.79,NaN,160.39,258.09,218.61,137.14,104.83,163.32,9.66,67.36,137.68,0.74,298.97,123.01,2.59,53.16,5.59,37.1605,41.89,71.79,NaN,11.46,NaN,5.82,3.01,43.86,397.78,45.42,1.04,27.61,30.03,20.72,22.95,189.8,345.08,365.68,233.35,199.53,240.28,50.33,135.74,134.08
2022-09-08,13.96,154.46,82.78,4.82,129.82,56.86,25.94,14.14,511.93,157.79,20.41,NaN,NaN,NaN,183.15,174.23,32.55,73.08,529.12,NaN,32.12,112.33,NaN,41.7307,51.71,NaN,33.9,25.83,109.42,108.38,10.1,NaN,50.03,53.7102,30.75,5.24,41.57,165.39,125.5,NaN,37.66,NaN,162.06,258.52,234.5,139.9,105.69,165.45,9.8,70.55,137.86,0.74,300.52,123.62,2.37,53.27,5.56,37.2672,42.25,73.16,NaN,12.53,NaN,6.19,3.16,44.15,400.38,44.69,1.11,28.06,30.68,20.45,23.77,191.76,347.16,368.07,234.84,201.11,241.93,50.35,136.43,134.54
2022-09-09,14.19,157.37,85.45,4.92,133.27,58.11,27.73,14.42,522.4,157.52,21.01,NaN,NaN,NaN,189.49,174.55,33.07,80.87,536.58,NaN,32.66,115.18,NaN,42.343,53.59,NaN,34.07,28.92,111.78,110.65,10.6,23.255,50.045,53.68,31.46,5.39,41.72,165.71,126.84,NaN,38.37,NaN,169.15,264.46,261.97,143.87,108.53,168.14,9.93,71.67,139.96,0.81,307.09,126.25,2.44,54.08,5.59,37.8564,43.12,74.54,NaN,12.65,NaN,6.33,3.24,44.92,406.6,41.84,1.18,29.84,31.78,20.94,23.86,195.35,354.66,373.75,239.42,204.45,247.05,51.44,136.84,137.2
2022-09-12,14.47,163.43,84.64,5.07,136.45,58.94,28.51,14.56,529.06,158.72,21.25,NaN,NaN,NaN,192.4,176.83,33.41,82.55,539.52,NaN,33.15,116.39,NaN,42.67,55.84,NaN,34.25,29.24,111.87,110.86,11.01,22.649,50.04,54.4178,31.56,5.92,42.17,165.64,126.91,NaN,38.77,NaN,168.96,266.65,262.98,145.05,109.33,169.07,10.03,71.9,141.1,0.78,310.74,127.81,2.21,54.08,5.72,38.0844,43.61,74.92,NaN,12.65,NaN,6.41,3.26,45.34,410.97,40.31,1.27,30.93,32.5,21.19,23.69,197.59,360.28,377.86,242.36,206.65,250.05,52.12,138.07,139.4
2022-09-13,13.68,153.84,77.03,4.78,126.82,56.66,26.68,13.94,503.65,147.31,20.07,NaN,NaN,NaN,184.31,169.13,31.49,75.25,510.3,NaN,31.74,111.76,NaN,41.07,51.87,NaN,33.81,27.85,105.31,104.32,10.41,24.1402,50.02,53.3,29.29,5.59,40.49,161.33,123.76,NaN,37.49,NaN,153.13,251.99,231.25,131.31,106.04,155.46,9.61,66.87,138.18,0.693,293.7,120.84,2.13,52.09,5.64,36.9183,41.96,72.95,NaN,11.77,NaN,5.84,3.23,43.47,393.1,46.96,1.19,25.84,31.32,20.49,22.85,189.92,341.41,361.38,229.84,197.77,237.15,50.37,135.22,132.0
2022-09-14,14.03,155.31,77.45,4.91,128.55,57.42,25.34,14.04,510.75,149.26,20.05,NaN,NaN,NaN,184.65,166.5,31.62,78.7,508.0,NaN,32.66,112.5,NaN,40.86,51.94,NaN,33.68,28.13,105.87,105.0,10.78,24.1446,50.03,54.0949,29.18,5.79,39.68,164.66,121.81,NaN,38.03,NaN,151.47,252.22,225.99,131.28,105.04,159.45,9.58,68.57,138.51,0.741,296.03,121.82,2.16,52.48,5.71,37.43,42.1,72.75,NaN,11.52,NaN,6.17,3.32,43.65,394.6,45.84,1.2,26.42,33.05,20.73,23.27,190.16,342.89,362.73,231.0,198.54,238.68,50.62,134.92,132.48
2022-09-15,14.27,152.37,76.66,4.91,126.28,57.15,24.39,13.86,500.14,149.78,19.79,NaN,NaN,NaN,182.49,161.6,31.42,77.23,503.5,NaN,33.28,110.77,NaN,40.4553,50.82,NaN,33.05,28.61,103.9,102.91,11.25,24.493,50.0236,53.6809,28.84,5.76,39.68,165.08,121.42,NaN,36.9,NaN,149.55,245.38,216.94,129.29,103.21,159.68,9.6,68.15,137.44,0.6801,291.1,119.75,2.04,52.26,5.1,36.95,41.78,72.58,NaN,11.9,NaN,6.41,3.25,43.06,390.12,48.14,1.2,25.09,33.13,20.31,22.33,188.99,335.26,358.68,227.4,196.42,234.67,50.12,133.47,129.43
2022-09-16,13.75,150.7,76.51,5.2,123.53,54.81,23.15,13.62,502.5,144.29,19.43,NaN,NaN,NaN,179.47,163.22,30.89,74.0,504.14,NaN,32.11,108.25,NaN,39.9354,50.42,NaN,33.23,28.64,103.63,102.8,10.25,25.1589,50.02,52.89,29.24,5.49,35.23,167.6,122.02,NaN,34.73,NaN,146.29,244.74,206.34,131.98,101.42,159.94,9.49,68.94,138.28,0.7035,289.32,118.93,1.86,51.78,5.05,36.3771,41.09,71.87,NaN,11.3,NaN,6.05,3.74,42.77,385.56,49.12,1.23,24.6,31.93,20.07,21.84,185.97,332.75,355.86,225.71,194.63,232.18,49.74,133.19,128.71
2022-09-19,14.21,154.48,76.77,5.43,124.66,55.45,22.82,13.59,501.84,144.88,19.46,NaN,NaN,NaN,182.11,163.42,31.18,69.93,506.57,NaN,32.94,109.17,NaN,40.3297,50.74,NaN,33.26,28.96,103.85,103.07,10.26,25.2209,50.035,53.517,29.44,5.39,36.52,166.28,122.82,NaN,35.88,NaN,148.02,244.52,206.2,133.82,101.24,163.1,9.54,70.16,137.99,0.657,291.05,119.73,1.84,52.13,5.08,36.6,41.46,73.71,NaN,11.35,NaN,6.08,3.24,42.85,388.55,47.92,1.34,25.19,31.49,20.11,21.97,187.88,335.36,358.59,227.49,196.01,234.18,49.7,134.33,129.44
2022-09-20,13.97,156.9,75.25,5.02,122.19,53.86,21.78,13.38,493.06,145.94,19.25,NaN,NaN,NaN,177.99,161.34,30.12,67.94,499.52,NaN,32.75,107.57,NaN,39.6925,50.77,NaN,33.07,27.54,101.83,101.14,9.94,25.8997,50.015,53.6548,28.96,5.27,34.83,164.97,121.56,NaN,35.09,NaN,146.09,242.45,196.6,131.76,99.46,160.9,9.45,68.48,137.5,0.7128,288.73,118.76,1.84,50.83,5.05,36.2704,40.81,73.35,NaN,11.12,NaN,5.89,3.04,42.44,384.09,49.08,1.3,24.59,31.49,19.66,21.62,184.76,333.28,354.55,225.22,193.73,231.77,49.0,133.55,128.68
2022-09-21,13.23,153.72,74.48,4.85,118.54,52.66,21.14,13.35,482.14,143.29,19.03,NaN,NaN,NaN,171.95,158.39,29.31,67.64,493.07,NaN,31.16,104.49,NaN,39.27,49.8,NaN,33.22,26.86,100.01,99.28,9.92,25.9916,50.02,53.5073,28.47,5.2,34.26,163.28,120.73,NaN,34.12,NaN,142.12,238.95,195.92,132.61,99.22,159.17,9.36,68.34,135.73,0.7677,283.56,116.63,1.81,50.48,4.92,35.9216,40.11,72.91,NaN,10.85,NaN,5.69,2.85,41.77,377.39,51.78,1.3,23.24,30.47,19.41,21.02,182.0,328.23,348.31,221.31,190.42,227.61,48.3,134.77,126.67
2022-09-22,12.71,152.74,69.5,4.66,117.31,51.51,19.9,13.14,477.61,138.71,18.65,NaN,NaN,NaN,170.55,157.09,28.18,62.94,487.17,NaN,29.96,102.16,NaN,38.7,48.74,NaN,33.2,24.7,100.57,100.14,9.65,26.5363,50.01,53.3512,28.07,4.97,33.81,166.18,120.71,NaN,33.0,NaN,142.82,240.98,192.32,125.61,98.31,155.13,9.02,64.96,136.21,0.6961,280.07,115.2,1.63,50.81,4.31,35.0833,39.17,72.06,NaN,10.46,NaN,5.36,3.24,41.47,374.22,53.68,1.29,22.38,28.58,18.84,20.66,177.79,323.91,345.37,219.13,188.29,224.45,48.15,133.39,125.38
2022-09-23,12.21,150.43,67.96,4.45,113.78,49.6,20.21,12.82,468.68,131.26,18.32,NaN,NaN,NaN,164.24,153.66,26.95,61.88,466.4,NaN,29.02,99.5,NaN,38.0666,48.59,NaN,32.62,25.04,99.17,98.74,9.44,27.1885,50.0,52.3301,27.52,4.77,33.1,166.72,120.29,NaN,32.05,NaN,140.41,237.92,191.45,125.16,97.93,152.94,8.91,63.31,135.58,0.65,275.51,113.4,1.615,51.16,4.12,34.0776,38.26,70.89,NaN,10.32,NaN,5.31,3.07,40.67,367.95,56.26,1.16,21.31,27.82,18.28,19.28,173.27,319.32,339.63,215.68,184.26,220.4,46.69,130.06,123.74
2022-09-26,11.86,150.77,66.3,4.46,115.15,48.87,20.32,12.6,462.26,127.34,18.21,NaN,NaN,NaN,162.62,150.76,26.48,62.28,480.3,NaN,28.02,98.12,NaN,37.6893,48.29,NaN,32.24,24.48,98.81,98.17,9.24,27.305,50.0,51.02,26.97,4.79,31.77,165.7,118.78,NaN,31.37,NaN,136.37,237.45,200.18,122.28,95.28,151.95,8.68,62.7,135.71,0.6628,274.37,112.72,1.59,50.71,4.23,33.7616,37.65,70.89,NaN,10.18,NaN,5.08,3.08,40.25,364.31,56.97,1.06,21.02,26.89,18.15,19.02,170.45,317.24,336.34,214.24,182.24,218.98,45.97,131.31,122.88
2022-09-27,12.27,151.76,67.17,4.55,114.41,48.85,20.38,12.56,464.75,127.51,18.23,NaN,NaN,NaN,162.44,148.14,26.66,63.05,478.3,NaN,28.5,95.85,NaN,37.54,48.5,NaN,32.32,26.13,98.09,97.5,9.61,27.1202,49.97,50.8845,26.89,4.84,31.9,164.94,117.19,NaN,31.5,NaN,134.4,236.41,206.07,124.13,95.9,153.51,8.61,64.29,131.98,0.6615,274.48,112.92,1.56,50.42,4.19,33.5931,37.77,71.63,NaN,10.45,NaN,5.08,3.26,40.1,363.38,56.93,1.05,21.04,27.57,17.96,19.82,170.87,318.38,335.39,214.44,181.97,219.02,45.75,130.95,123.04
2022-09-28,12.75,149.84,68.36,4.58,118.01,50.05,21.37,12.93,465.96,133.44,18.7,NaN,NaN,NaN,167.76,150.07,27.42,67.31,488.29,NaN,29.49,99.4,NaN,38.5,49.97,NaN,32.97,27.31,100.74,100.05,10.01,26.0509,50.01,51.993,27.13,5.07,32.71,166.36,117.18,NaN,32.43,NaN,141.61,241.07,220.47,127.36,99.36,156.44,8.83,65.5,131.98,0.6899,279.94,115.21,1.57,50.86,4.38,34.4022,38.89,73.25,NaN,10.76,NaN,5.25,3.34,40.89,370.53,53.68,1.16,22.27,28.04,18.42,20.58,175.83,321.3,340.48,217.79,185.8,223.28,46.63,133.11,124.34
2022-09-29,12.25,142.48,64.14,4.45,114.8,47.63,19.68,12.49,450.13,125.33,18.2,NaN,NaN,NaN,165.9,144.25,26.24,61.94,478.98,NaN,28.44,97.45,NaN,37.7794,49.63,NaN,32.99,25.46,98.09,97.42,9.77,26.7492,50.0,51.0505,26.38,4.78,32.09,164.53,114.98,NaN,31.64,NaN,136.41,237.5,211.82,122.2,100.39,151.01,8.6,62.94,128.7,0.6291,271.87,111.94,1.61,51.1,4.16,33.5077,38.06,72.64,NaN,10.19,NaN,4.84,3.24,40.25,362.79,58.15,1.12,20.39,26.42,17.85,19.97,172.02,313.05,333.38,212.19,181.94,217.59,45.91,132.25,121.1
2022-09-30,12.04,138.2,63.36,4.38,113.0,46.5,19.49,12.36,444.01,121.08,18.08,NaN,NaN,NaN,164.08,144.55,25.84,64.49,472.27,NaN,28.06,94.33,NaN,37.4397,49.13,NaN,32.98,25.13,96.15,95.65,10.1,26.9203,50.01,51.24,25.77,5.07,31.7,163.36,112.54,NaN,30.84,NaN,135.68,232.9,212.26,121.39,99.63,147.51,8.53,62.33,126.25,0.69,267.26,109.95,1.67,50.79,4.07,33.2424,37.8,71.87,NaN,9.82,NaN,4.88,3.28,39.74,357.18,61.32,1.14,19.32,26.5,17.86,19.82,170.91,307.37,328.3,208.55,179.47,213.95,45.77,129.7,118.78
2022-10-03,11.92,142.45,66.11,4.59,115.88,48.93,20.42,12.7,456.78,126.05,18.62,NaN,NaN,NaN,171.23,147.71,26.93,65.95,477.73,NaN,28.26,97.13,NaN,38.53,50.96,NaN,33.77,25.38,99.3,98.64,10.1,26.2791,49.93,51.4,26.97,5.26,32.54,163.2,114.08,NaN,31.22,NaN,138.61,240.74,224.52,125.12,102.55,151.96,8.87,64.79,128.51,0.65,273.53,112.53,1.68,51.27,4.31,34.53,38.79,73.21,NaN,9.98,NaN,5.13,3.52,40.92,366.61,56.97,1.24,20.66,26.72,18.52,20.61,175.75,316.7,336.98,213.72,184.03,218.94,46.74,132.53,122.46
2022-10-04,12.95,146.1,67.9,4.86,121.09,51.93,21.24,13.26,479.86,133.51,19.53,NaN,NaN,NaN,179.63,150.36,28.34,74.5,486.13,NaN,30.75,101.44,NaN,39.6329,52.68,NaN,34.26,27.6,102.41,101.64,10.82,24.8072,49.94,52.0362,27.7,5.88,33.25,165.62,116.23,NaN,33.19,NaN,140.28,248.88,248.74,131.67,105.38,159.89,9.18,68.92,130.1,0.6386,282.13,116.09,1.72,52.04,4.62,35.8702,40.4,76.22,NaN,10.82,NaN,5.4,3.77,42.13,377.97,51.66,1.21,22.58,29.19,19.29,21.45,182.91,327.79,347.21,220.33,189.94,226.24,48.4,134.25,126.57
2022-10-05,12.87,146.4,67.94,4.77,120.95,51.63,20.76,13.07,484.8,132.11,19.33,NaN,NaN,NaN,178.38,145.77,28.33,72.97,480.32,NaN,30.52,100.8,NaN,39.47,53.59,NaN,34.07,26.39,102.22,101.43,10.76,24.9392,49.935,52.0,27.64,5.71,32.87,165.11,114.58,NaN,32.99,NaN,138.98,249.2,242.19,132.09,106.03,161.24,9.01,69.505,129.2,0.61,281.98,115.96,1.68,51.41,4.61,35.7141,40.12,75.93,NaN,11.2,NaN,5.28,3.61,42.19,377.09,51.61,1.23,22.58,29.18,19.17,21.32,181.89,328.83,346.61,220.28,189.58,225.97,47.97,132.92,126.99
2022-10-06,12.73,145.43,67.85,4.53,120.3,51.01,20.54,12.98,479.5,132.2,19.18,NaN,NaN,NaN,178.81,137.7,27.64,73.91,482.49,NaN,30.62,100.04,NaN,39.1828,53.74,NaN,34.05,25.99,102.24,101.42,11.17,25.0821,49.93,51.1712,27.18,5.64,32.2,161.91,112.19,NaN,32.54,NaN,139.07,246.79,241.67,131.3,105.82,158.99,8.76,70.25,126.48,0.62,279.76,115.12,1.7,52.41,4.62,35.6122,39.87,75.99,NaN,11.35,NaN,5.29,3.68,41.94,373.2,52.97,1.18,22.01,29.73,19.0967,20.67,180.58,326.34,342.96,218.41,187.77,224.39,47.31,131.68,125.95
2022-10-07,12.18,140.09,58.44,4.31,114.56,48.77,19.22,12.49,460.48,129.79,18.56,NaN,NaN,NaN,177.55,134.35,26.67,67.0,468.15,NaN,29.39,97.16,NaN,38.23,51.47,NaN,33.66,25.35,99.57,98.68,10.8,26.4444,49.93,50.35,25.72,5.28,31.56,160.2,109.59,NaN,31.87,NaN,133.45,234.24,220.3,120.76,104.06,151.75,8.45,64.83,124.27,0.68,269.1,110.67,1.68,52.24,4.36,34.9781,38.75,74.31,NaN,10.66,NaN,5.01,3.42,40.96,362.79,59.07,1.12,19.5,28.07,18.55,20.37,175.7,312.76,333.33,210.62,182.4,216.45,46.49,128.56,120.77
2022-10-10,12.05,140.42,57.81,3.98,113.67,48.55,18.48,12.4,437.7,131.9,18.28,NaN,NaN,NaN,178.67,132.63,26.31,67.04,466.31,NaN,29.42,95.16,NaN,38.16,51.23,NaN,33.15,25.0,98.71,97.86,10.52,26.8064,49.92,50.7882,25.2,5.07,31.57,160.41,110.16,NaN,31.66,NaN,133.79,229.25,220.65,116.7,103.85,147.5,8.42,61.93,123.76,0.67,266.41,109.54,1.64,52.7,4.3,34.9568,38.49,73.56,NaN,10.41,NaN,4.97,3.59,40.51,360.02,60.93,1.1,18.89,27.53,18.6088,19.39,174.58,307.11,330.84,208.44,180.95,213.67,46.13,129.32,118.74
2022-10-11,12.26,138.98,57.63,3.88,112.21,47.68,17.77,12.26,430.76,131.57,18.04,NaN,NaN,NaN,179.75,132.53,25.88,70.16,472.02,NaN,28.84,93.1,NaN,38.0847,48.58,NaN,33.08,25.27,98.05,97.18,10.44,27.1381,49.92,49.99,25.04,4.89,31.58,162.73,111.37,NaN,31.41,NaN,128.54,225.41,216.37,115.86,104.39,143.75,8.47,59.47,124.23,0.6301,262.75,108.16,1.6,52.8,4.19,34.7,38.51,71.71,NaN,10.31,NaN,5.0,3.5,40.07,357.74,63.2,1.08,18.14,24.66,18.305,19.55,174.5,302.11,328.66,205.95,179.79,210.84,45.52,132.67,116.92
2022-10-12,12.7,138.34,57.85,3.92,112.9,48.3,18.1,12.14,430.57,130.42,18.01,NaN,NaN,NaN,179.5,129.03,25.78,69.95,466.38,NaN,29.21,93.41,NaN,37.889,48.21,NaN,33.27,25.36,98.3,97.56,10.66,27.0405,49.94,50.3154,25.33,5.05,31.5,162.69,112.86,NaN,31.59,NaN,127.5,225.75,218.38,115.0,103.98,140.28,8.38,58.95,124.43,0.6299,262.66,108.11,1.54,52.26,4.0,34.0822,38.37,71.89,NaN,10.51,NaN,5.08,3.47,40.0,356.56,63.35,1.09,18.1,25.98,18.06,19.22,173.59,301.03,327.64,205.65,179.3,210.53,45.45,131.17,116.56
2022-10-13,13.05,142.99,58.94,3.99,112.53,48.56,18.34,12.36,437.97,132.4,18.32,NaN,NaN,NaN,183.14,131.12,26.62,69.26,467.99,NaN,30.38,96.64,NaN,38.66,49.2,NaN,33.03,25.56,99.71,99.06,10.63,26.5759,49.92,50.7398,26.42,5.18,32.78,165.15,114.58,NaN,32.43,NaN,130.29,234.24,220.54,119.6,104.83,143.17,8.61,60.63,126.31,0.6349,268.82,110.56,1.57,52.99,4.11,34.76,39.27,74.07,NaN,10.58,NaN,5.09,3.37,41.18,365.97,59.11,1.13,19.31,25.0,18.32,19.6,177.3,309.65,336.22,210.7,183.75,215.08,46.18,132.28,120.18
2022-10-14,13.11,138.38,55.94,3.87,106.9,47.36,17.83,11.98,427.1,133.15,17.67,NaN,NaN,NaN,178.19,127.65,25.43,63.59,454.65,NaN,31.08,94.45,NaN,37.7,48.13,NaN,32.63,24.63,97.18,96.56,9.89,27.6102,49.9,49.71,25.91,4.87,32.62,164.46,113.21,NaN,32.76,NaN,126.76,228.56,209.31,112.27,103.8,138.09,8.54,57.77,125.08,0.6407,260.74,107.28,1.55,52.37,3.95,33.69,38.25,68.98,NaN,9.99,NaN,4.81,3.93,40.17,357.63,64.38,1.08,17.57,24.71,17.85,18.78,172.82,300.84,328.65,204.56,179.42,208.5,45.45,130.43,116.8
2022-10-17,13.2,142.41,57.96,3.98,113.79,48.92,18.44,12.52,435.37,136.09,18.32,NaN,NaN,NaN,180.8,132.97,26.4,69.17,464.17,NaN,31.13,97.33,NaN,38.51,50.46,NaN,32.73,25.96,100.78,99.97,10.21,26.6544,49.91,50.6555,26.42,5.14,33.23,166.59,114.18,NaN,32.72,NaN,134.04,237.53,221.13,118.88,106.0,141.27,8.77,59.79,127.34,0.61,269.35,110.74,1.56,53.57,4.22,34.762,39.44,67.43,NaN,10.59,NaN,5.07,3.5,40.99,366.82,58.0,1.08,19.3,25.94,18.615,19.72,177.64,310.35,337.0,211.42,184.21,215.91,46.62,131.37,120.36
2022-10-18,13.7,143.75,57.92,4.15,116.36,50.25,18.63,12.73,434.83,137.34,18.57,NaN,NaN,NaN,183.55,133.38,26.88,66.21,473.27,NaN,32.17,98.48,NaN,39.06,51.56,NaN,32.8,26.67,101.39,100.77,10.44,26.8487,49.92,50.5824,25.87,5.08,33.54,166.01,115.48,NaN,33.31,NaN,132.8,238.5,235.0,119.67,106.7,140.95,8.7,60.73,128.37,0.679,271.48,111.72,1.57,53.59,4.35,35.64,39.97,68.61,NaN,10.6,NaN,5.25,3.19,41.42,371.13,56.59,1.06,19.78,27.61,18.92,19.92,180.37,313.54,340.97,213.69,186.46,218.19,46.86,134.14,121.38
2022-10-19,13.99,143.86,57.23,4.08,115.07,49.46,17.44,12.54,435.3,138.39,18.41,NaN,NaN,NaN,184.41,130.7,25.9,63.19,471.43,NaN,32.52,98.99,NaN,38.4925,51.79,NaN,32.36,24.54,100.29,99.63,10.11,27.3847,49.925,50.01,26.0,5.01,32.56,164.69,114.94,NaN,33.12,NaN,133.23,236.48,226.08,120.51,104.61,141.32,8.56,60.77,129.56,0.63,270.49,111.3,1.49,52.65,4.19,35.4294,39.25,68.71,NaN,10.86,NaN,4.99,3.13,41.31,368.5,57.16,1.07,19.54,27.53,18.55,19.59,176.92,312.0,338.61,211.97,184.87,216.77,46.19,133.76,121.03
2022-10-20,13.46,143.39,57.77,4.0,115.25,49.15,17.8,12.48,430.3,139.13,18.33,NaN,NaN,NaN,180.54,126.8,25.68,63.59,464.62,NaN,32.15,98.59,NaN,38.0314,51.59,NaN,32.3,24.41,100.53,99.97,9.83,27.4696,49.91,50.6585,26.08,5.07,31.91,165.11,112.32,NaN,32.81,NaN,131.53,236.15,221.01,121.94,104.06,139.04,8.29,61.52,126.99,0.6999,269.11,110.67,1.45,52.02,4.21,35.3354,38.78,68.0,NaN,10.79,NaN,5.01,2.92,41.04,365.41,58.19,1.05,19.21,27.87,18.5242,19.73,174.63,312.17,335.83,210.42,183.27,215.11,46.24,134.09,121.1
2022-10-21,13.71,147.27,58.82,4.07,119.32,51.2,17.52,12.72,449.73,141.32,18.73,NaN,NaN,NaN,190.22,123.59,26.4,66.38,478.18,NaN,32.58,102.04,NaN,38.8194,53.75,NaN,32.87,25.3,101.48,101.13,10.14,26.7748,49.94,51.3491,26.97,5.13,33.08,168.71,113.96,NaN,33.1,NaN,130.01,242.12,232.62,124.66,104.22,145.25,8.49,65.68,128.58,0.5948,275.42,113.33,1.47,52.7,4.24,36.1656,39.56,70.32,NaN,7.76,NaN,5.15,2.95,41.99,374.29,54.08,1.12,20.57,28.02,18.83,20.35,178.12,320.39,343.9,215.56,187.49,219.89,47.04,136.8,124.34
2022-10-24,14.1,149.45,58.7,4.2,119.82,51.73,17.67,12.75,456.52,142.05,18.76,NaN,NaN,NaN,191.3,122.45,26.49,66.39,496.97,NaN,33.27,101.72,NaN,39.31,54.9,NaN,32.78,24.71,102.97,102.52,10.21,26.4378,49.925,51.2245,27.18,5.06,32.97,170.98,115.86,NaN,33.72,NaN,129.72,247.25,237.6,125.99,106.54,144.94,8.73,65.35,129.37,0.621,278.45,114.57,1.45,53.15,4.25,36.3159,39.76,70.7,NaN,8.31,NaN,5.17,2.685,42.46,378.87,52.24,1.05,21.27,27.65,18.79,20.07,179.04,324.17,348.09,218.29,189.51,222.07,46.52,139.41,126.06
2022-10-25,14.29,152.34,61.47,4.32,120.6,54.31,18.8,13.13,460.07,146.65,19.58,NaN,NaN,NaN,194.84,126.43,27.85,75.05,499.06,NaN,33.9,104.36,NaN,40.0142,55.92,NaN,32.85,26.87,104.93,104.48,10.83,25.0017,49.95,51.4712,27.41,5.4,33.44,170.71,119.49,NaN,34.62,NaN,137.51,250.66,268.69,132.61,108.17,148.74,8.95,66.59,130.86,0.6,284.21,116.88,1.46,54.33,4.63,36.9242,40.82,72.46,NaN,9.6,NaN,5.66,2.83,43.06,384.92,49.11,1.12,22.55,28.36,19.43,20.53,183.82,331.27,353.75,222.66,192.94,227.28,47.32,140.07,128.47
2022-10-26,14.0,149.35,59.73,4.44,115.66,54.14,17.99,13.13,461.18,133.79,19.6,NaN,NaN,NaN,196.96,128.31,28.06,73.81,499.45,NaN,33.9,104.63,NaN,39.99,55.49,NaN,33.06,25.42,94.82,94.93,11.08,25.0203,49.955,51.95,27.21,5.53,33.22,172.21,120.21,NaN,34.37,NaN,129.82,231.32,272.72,128.96,107.81,147.28,8.67,67.74,131.78,0.58,277.93,114.3,1.42,54.45,4.69,36.8447,40.95,72.95,NaN,9.58,NaN,5.54,2.8,43.09,382.02,52.32,1.14,21.06,28.2,19.6222,21.0,184.27,324.61,351.11,217.99,191.75,222.43,47.87,141.14,125.61
2022-10-27,13.97,144.8,58.6,4.27,110.96,54.29,17.58,13.16,455.4,139.76,19.52,NaN,NaN,NaN,212.14,128.0,28.38,72.47,496.54,NaN,34.09,104.44,NaN,40.2596,56.01,NaN,33.01,25.93,92.6,92.22,11.16,25.5653,49.97,51.18,26.27,5.47,32.99,172.31,121.3,NaN,35.29,NaN,97.94,226.75,270.56,131.76,106.61,145.12,8.75,64.85,131.88,0.59,272.87,112.21,1.38,55.09,4.79,37.1245,40.96,77.33,NaN,9.56,NaN,5.35,2.68,42.71,379.98,55.2,1.15,19.9,27.82,19.67,20.57,184.58,321.25,349.23,214.63,190.85,219.41,47.5,140.73,124.18
2022-10-28,14.0,155.74,62.01,4.27,103.41,55.63,17.39,13.44,472.9,143.84,19.78,NaN,NaN,NaN,219.34,132.5,28.78,72.07,510.87,NaN,34.67,105.95,NaN,41.1264,57.1,NaN,32.67,28.17,96.58,96.29,11.5,25.0805,49.98,52.0511,29.07,5.69,33.82,174.87,124.28,NaN,36.23,NaN,99.2,235.87,279.99,138.34,108.96,151.66,9.26,67.48,135.22,0.58,281.22,115.68,1.33,56.26,5.13,38.1569,41.88,80.19,NaN,10.08,NaN,5.45,2.55,43.79,389.02,50.18,1.15,21.7,27.5,20.29,20.67,187.94,334.18,357.38,220.31,195.29,225.14,47.73,142.51,129.58
2022-10-31,14.18,153.34,60.06,4.52,102.44,55.36,16.96,13.45,470.12,142.51,19.62,NaN,NaN,NaN,216.46,133.26,28.28,66.25,501.5,NaN,33.93,106.54,NaN,40.9688,57.16,NaN,32.41,28.31,94.66,94.51,11.68,25.7084,49.97,52.0547,28.43,5.89,33.61,173.97,124.46,NaN,36.35,NaN,93.16,232.13,267.51,134.97,108.84,146.08,9.31,61.43,134.67,0.6469,277.95,114.35,1.35,56.13,5.09,38.14,41.84,79.67,NaN,9.91,NaN,5.44,2.71,43.45,386.21,51.9,1.14,20.95,26.57,20.5,20.2,187.84,330.2,354.95,218.03,194.03,222.74,47.33,142.33,127.87
2022-11-01,NaN,NaN,NaN,NaN,NaN,NaN,NaN,NaN,NaN,NaN,NaN,NaN,NaN,NaN,NaN,NaN,NaN,NaN,NaN,NaN,NaN,NaN,NaN,NaN,NaN,NaN,NaN,NaN,NaN,NaN,NaN,NaN,NaN,NaN,NaN,NaN,NaN,NaN,NaN,NaN,NaN,NaN,NaN,NaN,NaN,NaN,NaN,NaN,NaN,NaN,NaN,NaN,NaN,NaN,NaN,NaN,NaN,NaN,NaN,NaN,NaN,NaN,NaN,NaN,NaN,NaN,NaN,NaN,NaN,NaN,NaN,NaN,NaN,NaN,NaN,NaN,NaN,NaN,NaN,NaN,NaN,NaN
2022-11-02,13.58,145.03,58.63,3.63,92.12,59.43,16.07,12.89,456.03,147.41,18.95,NaN,NaN,NaN,214.54,128.84,27.83,60.71,483.51,NaN,32.06,101.82,NaN,40.21,53.23,NaN,32.49,26.62,87.07,86.97,11.4,27.66,49.865,51.34,27.42,5.33,32.72,170.43,122.27,NaN,36.5,NaN,90.54,220.1,248.23,132.19,113.23,148.61,9.06,60.11,132.94,0.5577,265.68,109.34,1.13,55.62,4.89,37.5274,40.61,78.93,NaN,9.54,NaN,5.12,2.4,42.58,374.87,59.04,1.07,18.2,28.81,19.96,19.65,182.49,315.53,344.5,208.45,188.34,212.55,47.25,140.75,122.42
2022-11-03,13.73,138.88,60.11,3.76,89.3,60.53,15.29,12.78,444.12,156.75,18.87,NaN,NaN,NaN,219.26,129.32,27.18,55.8,486.29,NaN,31.97,99.25,NaN,39.87,45.93,NaN,32.39,26.29,83.49,83.43,12.33,28.065,49.86,51.7,27.39,5.16,32.69,170.72,122.02,NaN,36.96,NaN,88.91,214.25,248.44,134.21,113.87,144.85,8.89,59.19,132.03,0.5503,260.49,107.21,1.05,50.97,4.94,37.5574,40.38,78.95,NaN,9.16,NaN,5.36,2.2,42.08,371.01,62.45,1.07,17.15,28.73,19.77,19.72,181.68,306.55,340.83,204.69,186.54,208.46,47.08,140.72,118.82
2022-11-04,14.11,138.38,62.19,3.72,90.98,62.58,14.84,12.94,465.3,160.01,19.43,NaN,NaN,NaN,227.85,130.05,27.94,58.82,486.41,NaN,32.76,99.58,NaN,40.42,47.1,NaN,33.38,26.51,86.7,86.58,12.28,27.3413,49.865,52.5702,28.2,5.16,33.67,171.48,122.52,NaN,37.08,NaN,90.79,221.39,277.1,141.56,112.41,151.06,8.89,63.19,134.44,0.512,264.68,108.84,1.03,54.03,5.18,38.24,40.85,79.05,NaN,9.14,NaN,5.18,2.11,42.84,376.35,59.55,1.24,17.95,28.39,20.0,20.24,183.72,310.53,345.82,207.64,188.94,211.19,48.88,140.97,120.99
2022-11-07,14.32,138.92,63.08,3.82,90.53,63.15,14.94,13.08,475.22,164.91,19.68,NaN,NaN,NaN,228.61,129.84,28.08,56.97,488.55,NaN,33.36,100.43,NaN,40.7964,47.86,NaN,33.25,25.76,88.65,88.49,12.03,27.2647,49.865,52.8,28.41,5.27,33.59,172.98,124.32,NaN,37.4,NaN,96.72,227.87,266.64,143.01,115.05,157.9,8.91,65.47,136.5,0.5499,267.59,110.06,1.05,54.39,5.09,38.7686,41.1,79.65,NaN,10.01,NaN,5.18,1.99,43.45,379.95,57.66,1.2,18.52,27.69,20.37,20.8,185.15,315.13,349.14,209.95,190.66,213.29,49.02,142.45,123.01
2022-11-08,14.25,139.5,63.85,3.66,89.98,63.71,15.18,13.03,482.11,169.62,19.94,NaN,NaN,NaN,229.81,129.82,25.92,50.83,492.76,NaN,33.59,99.9,NaN,41.1282,50.6,NaN,34.01,25.14,88.91,88.9,9.74,28.4905,49.9,53.2723,28.48,4.96,33.52,173.84,124.58,NaN,37.44,NaN,96.47,228.87,211.84,146.02,114.85,163.11,8.97,67.09,136.81,0.4763,269.54,110.88,1.06,54.47,5.11,38.86,41.16,79.63,NaN,10.28,NaN,5.1,2.04,43.74,382.0,56.4,1.24,18.92,27.44,20.43,21.2,185.53,318.06,351.04,211.05,191.66,214.11,49.55,142.79,124.19
2022-11-09,13.98,134.87,59.92,3.49,86.14,61.01,13.74,12.57,469.47,168.74,19.42,NaN,NaN,NaN,225.54,127.65,26.04,45.98,489.97,NaN,33.46,86.75,NaN,40.4182,49.88,NaN,33.85,23.11,87.4,87.32,8.4,30.2164,49.9,52.43,27.52,4.61,33.22,172.45,123.83,NaN,37.2,NaN,101.47,224.51,170.36,137.76,114.17,154.72,8.71,63.83,136.48,0.5201,263.32,108.34,1.06,52.84,4.74,38.0436,40.08,78.27,NaN,9.56,NaN,4.98,2.06,42.83,374.13,60.37,1.2,17.6,26.55,19.8,20.13,181.07,309.59,343.87,206.1,187.53,208.96,48.75,139.47,120.96
2022-11-10,14.93,146.87,68.47,3.91,96.63,64.23,16.28,13.43,506.57,177.58,20.97,NaN,NaN,NaN,232.45,138.66,29.38,50.92,513.13,NaN,35.49,90.46,NaN,42.62,54.39,NaN,34.87,24.88,94.17,93.94,9.27,28.1401,49.95,53.78,29.76,5.56,35.14,174.47,127.78,NaN,38.82,NaN,111.87,242.98,175.0,157.5,115.54,165.47,9.67,72.79,141.18,0.52,282.75,116.24,1.09,54.9,5.31,39.8121,42.65,78.56,NaN,10.73,NaN,5.34,1.89,45.05,394.69,47.08,1.29,21.45,28.85,20.76,21.22,192.27,335.82,362.69,221.39,198.14,225.45,51.15,142.36,130.9
2022-11-11,14.88,149.7,72.37,4.12,100.79,65.22,16.94,13.68,518.09,177.49,21.76,NaN,NaN,NaN,236.49,140.47,30.18,57.46,515.47,NaN,35.44,95.01,NaN,42.8025,56.13,NaN,35.09,26.1,96.73,96.41,10.47,27.5243,49.97,53.0935,30.43,5.83,36.63,169.25,127.45,NaN,38.36,NaN,113.02,247.11,175.18,163.27,111.47,169.94,10.06,75.05,140.97,0.55,287.96,118.46,1.2,54.95,5.63,39.3075,43.1,78.36,NaN,11.58,NaN,5.95,1.81,45.46,398.51,44.37,1.32,22.67,29.15,21.1,21.76,194.3,342.67,366.16,225.03,200.16,230.07,52.17,142.58,133.14
2022-11-14,14.68,148.28,73.53,4.01,98.49,62.57,15.36,13.35,513.22,173.55,21.35,NaN,NaN,NaN,236.5,135.11,28.9,53.22,509.68,NaN,34.69,94.28,NaN,42.484,55.52,NaN,35.18,26.05,96.03,95.7,9.56,28.1122,49.97,52.4565,30.35,5.99,36.21,171.91,127.56,NaN,37.75,NaN,114.22,241.55,165.9,162.95,114.43,169.01,9.82,72.83,140.98,0.45,285.44,117.42,1.24,54.96,5.16,38.8211,42.61,76.47,NaN,11.29,NaN,5.86,1.85,45.16,395.12,45.52,1.4,22.07,29.07,20.7,21.47,191.95,339.4,363.22,222.76,198.35,227.28,51.67,138.39,132.0
2022-11-15,14.61,150.04,76.37,4.18,98.94,64.54,15.52,13.65,524.42,175.35,21.67,NaN,NaN,NaN,234.59,136.0,29.75,55.53,526.47,NaN,34.9,95.51,NaN,42.827,56.2,NaN,35.31,27.59,98.72,98.44,10.15,27.7335,49.97,52.43,30.71,5.65,36.51,172.39,128.14,NaN,38.64,NaN,117.08,241.97,171.53,166.66,113.64,174.81,9.9,74.3,140.49,0.5501,289.39,119.05,1.31,55.99,5.22,39.3504,43.26,78.3,NaN,11.78,NaN,5.85,1.82,45.63,398.49,43.67,1.39,22.96,31.57,20.77,21.65,194.97,344.3,366.22,225.26,200.36,230.49,52.19,147.44,133.6
2022-11-16,14.09,148.79,72.7,4.06,97.12,62.36,14.57,13.32,511.73,172.69,21.22,NaN,NaN,NaN,232.42,135.61,29.26,48.83,524.11,NaN,34.12,93.95,NaN,42.5099,54.69,NaN,35.23,27.14,98.99,98.85,9.32,28.5824,50.0,51.73,29.53,5.25,35.78,173.46,129.01,NaN,37.99,NaN,113.23,241.73,169.44,159.1,113.37,166.88,9.67,70.29,141.74,0.5152,285.44,117.4,1.25,55.0,4.685,39.0356,42.45,77.41,NaN,11.07,NaN,5.53,1.91,45.09,395.45,45.45,1.32,22.03,30.04,20.6,20.77,191.52,338.43,363.44,222.95,198.32,227.95,51.81,148.5,131.77
2022-11-17,13.95,150.72,73.9,3.93,94.85,61.59,14.36,13.21,512.11,172.78,20.99,NaN,NaN,NaN,230.44,133.62,28.6,48.79,521.32,NaN,34.06,91.45,NaN,42.31,54.14,NaN,34.98,27.76,98.5,98.36,9.47,28.8757,50.0,51.3774,29.89,4.91,35.74,174.86,128.87,NaN,37.63,NaN,111.45,241.68,173.88,156.77,112.91,170.09,9.46,71.11,140.87,0.5,284.81,117.17,1.26,54.84,4.52,38.844,42.12,77.9,NaN,10.92,NaN,5.38,2.03,45.14,394.24,45.79,1.32,21.86,28.88,20.31,20.48,189.87,338.24,362.39,221.98,197.49,226.25,51.85,148.0,131.94
2022-11-18,14.05,151.29,73.57,3.99,94.14,61.94,13.95,13.17,515.16,173.89,20.91,NaN,NaN,NaN,231.43,135.84,28.29,45.26,523.67,NaN,34.47,91.8,NaN,42.5902,52.15,NaN,34.73,27.6,97.8,97.43,9.19,29.2124,50.0,51.13,29.87,4.92,35.77,176.2,131.4,NaN,38.11,NaN,112.05,241.22,170.12,154.09,113.44,171.94,9.36,72.46,142.57,0.525,284.82,117.29,1.24,54.17,4.6,39.1561,42.31,79.81,NaN,10.52,NaN,5.18,1.92,45.31,396.03,45.83,1.26,21.84,28.96,20.33,20.54,191.0,338.62,363.99,222.25,198.42,226.4,51.79,150.23,132.09
2022-11-21,13.85,148.01,72.46,3.95,92.46,62.64,13.3,12.98,517.44,172.94,20.68,NaN,NaN,NaN,232.17,139.11,28.97,41.23,523.37,NaN,34.23,97.58,NaN,42.74,52.32,NaN,34.53,25.16,95.83,95.6,8.85,29.9287,50.0,50.7457,28.94,4.8,36.19,175.97,133.49,NaN,37.75,NaN,109.86,242.05,157.22,153.17,113.41,168.85,9.38,71.15,144.38,0.5074,281.89,115.98,1.15,53.86,4.32,39.0,42.1,80.0,NaN,9.96,NaN,4.87,1.62,45.19,394.59,47.24,1.26,21.18,28.25,20.2,20.06,190.29,334.59,362.71,220.02,197.58,224.08,51.36,151.15,130.67
2022-11-22,13.98,150.18,75.25,3.95,93.2,64.76,13.96,13.0,530.05,172.5,20.97,NaN,NaN,NaN,237.26,139.11,29.3,43.39,531.95,NaN,34.23,96.21,NaN,43.32,52.28,NaN,34.56,26.3,97.33,97.05,9.09,29.4584,50.01,51.0333,29.82,4.85,36.71,176.82,134.98,NaN,38.17,NaN,111.44,245.03,167.08,160.38,115.38,173.41,9.43,73.74,145.62,0.569,285.95,117.59,1.15,54.68,4.36,39.2921,42.65,81.26,NaN,9.91,NaN,4.64,1.45,45.9,399.9,45.32,1.35,22.07,28.08,20.14,20.65,192.94,340.58,367.54,223.3,200.17,227.32,51.97,151.69,133.2
2022-11-23,14.42,151.07,76.4,4.12,94.13,65.32,14.1,13.18,533.64,174.85,21.29,NaN,NaN,NaN,236.92,140.12,29.63,45.57,534.49,NaN,34.49,98.88,NaN,43.42,53.35,NaN,34.77,26.7,98.82,98.46,9.46,28.8514,50.035,50.9575,29.67,4.98,36.81,177.01,134.0,NaN,38.63,NaN,112.24,247.58,176.39,165.19,117.83,175.2,9.46,74.0,146.45,0.5349,288.82,118.9,1.17,54.54,4.4,39.3486,42.8,81.41,NaN,10.32,NaN,4.66,1.45,46.08,402.42,43.94,1.38,22.73,28.79,20.36,20.96,193.49,344.22,369.84,225.54,201.39,229.76,52.5,152.42,134.38
2022-11-25,14.5,148.11,75.14,4.23,93.41,66.46,14.02,13.18,529.91,178.36,21.37,NaN,NaN,NaN,235.7,141.19,29.38,44.28,533.66,NaN,35.1,98.87,NaN,43.52,52.91,NaN,34.82,26.17,97.6,97.46,9.39,28.8514,50.045,51.41,29.34,4.91,36.72,177.24,135.03,NaN,39.22,NaN,111.41,247.49,183.0,162.7,118.79,172.69,9.46,73.4,146.72,0.0,286.92,118.04,1.17,54.58,4.18,39.5335,42.93,81.61,NaN,10.18,NaN,4.6,1.52,46.05,402.33,44.83,1.36,22.26,28.5,20.45,20.92,194.58,342.06,369.8,224.7,201.54,228.93,52.62,153.07,133.6
2022-11-28,13.83,144.22,73.19,4.09,93.95,65.01,13.48,12.89,522.21,171.83,20.94,NaN,NaN,NaN,232.3,137.52,29.33,42.51,530.92,NaN,33.87,95.69,NaN,42.8711,52.08,NaN,34.55,25.29,96.25,96.05,9.19,29.4289,50.04,51.32,28.725,4.94,35.78,177.33,133.31,NaN,38.57,NaN,108.78,241.76,176.67,158.27,121.23,164.1,9.28,69.96,146.6,0.48,282.71,116.28,1.15,54.38,4.01,38.6608,42.09,79.83,NaN,9.84,NaN,4.45,1.33,45.22,395.91,46.83,1.26,21.28,27.76,19.88,20.17,190.47,334.83,363.95,220.75,198.27,224.93,52.03,153.51,130.74
2022-11-29,14.14,141.17,73.39,3.91,92.42,65.85,13.44,12.81,521.39,175.32,20.68,NaN,NaN,NaN,235.12,139.11,29.88,43.11,528.96,NaN,34.61,94.69,NaN,42.91,51.59,NaN,34.73,25.6,95.44,95.19,9.18,29.325,50.07,51.965,28.9,4.83,36.33,176.09,133.16,NaN,39.25,NaN,109.46,240.33,182.0,156.39,121.35,164.69,9.26,70.72,145.48,0.43,280.57,115.46,1.13,54.99,3.96,38.5642,42.22,80.39,NaN,9.82,NaN,4.56,1.32,45.19,395.23,47.92,1.34,20.77,27.76,19.94,20.44,191.2,331.73,363.31,219.25,197.96,223.17,52.44,152.97,129.46
2022-11-30,14.43,148.03,77.63,3.76,96.54,69.39,14.41,13.3,551.03,178.88,21.43,NaN,NaN,NaN,236.41,141.43,31.17,45.73,539.25,NaN,35.37,97.87,NaN,43.9,53.16,NaN,35.14,26.21,101.45,100.99,9.59,28.3138,50.08,53.02,30.07,5.16,37.12,178.0,135.63,NaN,39.91,NaN,118.1,255.14,198.09,169.23,124.6,175.84,9.35,75.2,149.16,0.4297,293.36,120.74,1.18,54.93,4.19,39.5404,43.36,82.54,NaN,10.31,NaN,4.83,1.28,46.54,407.68,41.38,1.4,23.56,29.14,20.4,21.49,196.09,347.94,374.49,228.9,204.06,233.04,53.5,152.42,135.96
2022-12-01,13.98,148.31,77.48,3.95,95.5,69.22,14.29,13.38,550.75,175.78,21.74,NaN,NaN,NaN,235.69,141.71,31.76,45.27,503.86,NaN,35.38,98.59,NaN,44.0,55.38,NaN,35.81,26.6,101.28,100.99,9.87,28.1749,49.98,52.7007,29.83,4.96,37.39,178.74,136.6,NaN,40.08,NaN,120.44,254.69,198.98,171.35,126.13,173.44,9.19,73.99,149.25,0.44,293.72,120.86,1.15,60.57,4.22,39.8039,43.29,81.73,NaN,10.87,NaN,4.74,1.25,46.48,407.38,41.25,1.44,23.69,28.34,20.51,20.94,196.17,349.17,374.54,229.3,204.18,233.81,53.78,153.37,136.15
2022-12-02,13.97,147.81,74.98,3.95,94.13,68.25,14.28,13.5,540.8,182.87,21.72,NaN,NaN,NaN,236.13,140.17,31.56,47.67,494.53,NaN,35.71,99.43,NaN,43.96,53.61,NaN,35.69,27.52,100.83,100.44,9.99,27.9866,49.98,52.31,29.41,4.94,37.1,178.88,137.93,NaN,39.75,NaN,123.49,255.02,206.94,168.76,126.9,171.06,9.05,73.04,150.61,0.44,292.55,120.35,1.15,61.24,4.25,40.3124,43.54,82.46,NaN,10.5,NaN,4.7,1.35,46.39,406.91,41.79,1.45,23.41,28.75,20.34,21.01,196.57,347.21,374.0,228.64,203.99,233.17,53.83,153.22,135.36
2022-12-05,14.11,146.63,73.62,3.7,91.01,64.5,12.83,13.11,530.64,185.1,21.29,NaN,NaN,NaN,232.57,138.62,30.66,46.0,488.66,NaN,35.79,95.93,NaN,43.08,51.67,NaN,35.08,25.56,99.87,99.48,9.67,28.8867,49.99,51.4691,29.17,4.65,36.52,178.78,137.17,NaN,39.5,NaN,122.43,250.2,195.67,166.1,127.08,168.37,8.53,71.57,149.09,0.4,287.64,118.39,1.14,61.94,4.15,39.528,42.34,81.24,NaN,10.1,NaN,4.53,1.27,45.54,399.59,43.85,1.36,22.23,27.7,19.98,20.0,191.4,340.6,367.34,224.08,199.98,228.45,53.09,151.65,133.11
2022-12-06,14.33,142.91,70.27,3.54,88.25,63.24,11.1,12.84,525.82,178.43,20.87,NaN,NaN,NaN,228.29,137.27,30.15,42.41,481.16,NaN,35.91,92.29,NaN,42.65,50.85,NaN,35.18,23.39,97.31,96.98,9.39,29.5591,50.005,51.2793,28.6,4.35,36.42,176.1,136.01,NaN,39.68,NaN,114.12,245.12,195.52,159.87,125.79,163.08,8.63,69.74,149.28,0.381,281.68,116.03,1.14,61.71,4.0,38.773,41.73,80.59,NaN,9.42,NaN,4.32,1.29,44.78,393.83,46.58,1.32,20.82,26.92,19.59,19.49,188.63,333.2,362.03,219.87,196.98,223.66,52.85,149.89,130.26
2022-12-07,13.55,140.94,70.14,3.32,88.46,61.39,10.79,12.71,518.5,176.5,20.84,NaN,NaN,NaN,228.98,138.72,29.0,41.26,481.97,NaN,34.33,92.15,NaN,42.62,51.6,NaN,35.49,22.26,95.15,94.94,9.26,29.6837,50.025,51.5269,28.33,4.35,36.15,177.17,136.7,NaN,37.81,NaN,113.93,244.37,193.49,161.2,125.24,163.95,8.59,70.14,150.24,0.4544,280.53,115.39,1.14,58.44,3.94,38.5889,41.4,80.19,NaN,9.3,NaN,4.3,1.19,44.72,393.16,47.24,1.27,20.57,26.4,19.4003,19.43,188.12,331.68,361.33,218.95,196.66,222.75,52.73,149.11,129.6
2022-12-08,13.6,142.65,70.47,3.35,90.35,62.83,10.41,12.85,531.08,179.08,21.21,NaN,NaN,NaN,230.92,139.21,29.12,42.81,481.42,NaN,33.53,92.55,NaN,42.92,52.91,NaN,35.52,24.79,93.95,93.71,9.52,29.2643,50.04,51.6727,28.44,4.62,36.17,177.2,136.76,NaN,37.49,NaN,115.33,247.4,202.57,171.69,127.79,171.47,8.5,72.16,151.32,0.3862,283.85,116.74,1.15,60.6,3.98,38.8456,41.7,80.25,NaN,9.4,NaN,4.4,1.2,45.05,396.24,45.6,1.31,21.3,26.45,19.46,19.85,189.44,337.46,364.18,221.32,198.36,225.33,53.11,148.78,131.72
2022-12-09,13.53,142.16,68.59,3.42,89.09,62.88,10.36,12.76,544.72,179.54,21.15,NaN,NaN,NaN,227.29,139.82,29.55,40.24,483.02,NaN,33.8,93.38,NaN,42.58,52.13,NaN,35.64,22.63,93.07,92.83,9.31,29.6059,50.03,51.5658,28.24,4.48,36.08,175.74,136.2,NaN,38.01,NaN,115.9,245.42,203.25,170.01,128.91,169.72,8.64,70.53,150.92,0.53,282.04,116.07,1.14,58.98,4.0,38.53,41.25,79.82,NaN,9.45,NaN,4.34,1.37,44.76,393.28,46.49,1.26,20.89,26.55,19.38,19.6,187.66,335.41,361.52,219.9,196.7,223.79,53.03,145.31,130.91
2022-12-12,14.2,144.49,70.67,3.37,90.55,64.07,10.7,12.95,556.63,186.27,21.49,NaN,NaN,NaN,233.06,140.73,30.21,42.6,487.68,NaN,34.77,94.66,NaN,43.12,53.64,NaN,35.35,22.67,93.56,93.31,9.58,29.3663,50.035,51.5861,28.69,4.47,36.8,177.84,137.96,NaN,38.94,NaN,114.71,252.51,196.16,175.35,129.81,173.07,8.69,70.99,152.47,0.5999,285.58,117.47,1.19,59.46,4.15,39.0289,41.78,80.29,NaN,9.46,NaN,4.45,1.12,45.41,398.95,44.77,1.23,21.65,27.03,19.53,19.84,190.15,342.77,366.68,222.73,199.53,227.1,53.07,148.02,133.77
2022-12-13,13.46,145.47,71.65,3.29,92.49,65.44,10.56,12.92,571.04,187.13,21.95,NaN,NaN,NaN,235.49,144.97,31.12,38.69,488.2,NaN,33.38,94.7,NaN,43.23,54.71,NaN,35.94,21.0,95.85,95.63,9.35,29.2617,50.08,51.85,28.73,4.32,37.22,179.21,138.71,NaN,37.77,NaN,120.15,256.92,201.81,180.72,132.84,174.31,8.95,71.56,152.24,0.6,288.65,118.78,1.11,58.21,4.17,39.1387,42.09,77.75,NaN,9.41,NaN,4.43,1.14,45.77,401.97,43.34,1.28,22.33,26.98,19.52,19.85,191.62,346.86,369.39,225.43,201.02,229.94,53.7,147.49,135.35
2022-12-14,13.35,143.21,68.93,3.6,91.58,66.08,10.53,12.88,574.44,188.25,21.8,NaN,NaN,NaN,234.48,137.48,30.32,40.19,483.52,NaN,34.31,94.15,NaN,43.07,54.27,NaN,35.86,21.05,95.31,95.07,9.09,29.1706,50.09,51.5463,28.26,4.23,37.1,179.76,139.1,NaN,38.14,NaN,121.59,257.22,202.73,176.74,134.72,171.57,8.85,67.59,152.84,0.62,286.51,117.77,1.14,53.91,4.12,39.0407,41.88,77.32,NaN,9.54,NaN,4.7,1.15,45.51,399.4,44.43,1.29,21.8,27.47,19.35,19.76,190.71,344.27,367.16,223.84,199.9,228.25,53.63,146.67,134.21
2022-12-15,12.93,136.5,66.53,3.64,88.45,64.06,9.76,12.5,558.0,183.72,20.93,NaN,NaN,NaN,230.66,138.0,29.88,37.98,463.91,NaN,33.25,90.49,NaN,42.0838,52.17,NaN,35.29,20.58,91.2,90.86,8.67,30.3247,49.95,50.8427,27.15,3.91,36.54,177.49,136.42,NaN,37.29,NaN,116.15,249.01,188.0,169.52,133.68,165.16,8.72,64.26,151.11,0.45,276.89,114.0,1.11,52.62,4.03,38.0187,40.85,77.06,NaN,8.76,NaN,4.63,1.21,44.44,389.63,48.78,1.26,19.64,26.24,18.79,19.36,186.24,330.39,358.13,216.97,194.92,220.85,52.35,145.36,129.19
2022-12-16,12.81,134.51,65.41,3.54,87.86,62.51,9.82,12.34,555.91,184.7,20.96,NaN,NaN,NaN,232.72,134.77,29.49,36.6,461.45,NaN,33.11,90.08,NaN,41.51,51.92,NaN,35.59,20.8,90.86,90.26,8.61,30.8274,49.96,50.5438,26.92,3.86,35.61,175.67,135.32,NaN,37.28,NaN,119.43,244.69,173.75,165.71,133.18,163.72,8.72,65.38,150.44,0.5,274.25,112.86,1.02,52.36,4.07,39.42,40.5,78.19,NaN,8.47,NaN,4.64,1.16,44.11,383.27,50.24,1.29,19.06,25.97,19.91,19.49,184.36,326.07,353.86,213.91,192.69,217.85,52.06,142.75,127.48
2022-12-19,12.48,132.37,64.59,3.54,84.92,62.33,9.48,12.13,549.63,185.68,20.73,NaN,NaN,NaN,232.29,133.21,28.51,35.17,458.63,NaN,32.92,85.78,NaN,41.13,49.98,NaN,35.49,19.92,89.15,88.44,8.2,31.4332,49.96,46.45,26.79,3.7,34.92,175.48,135.66,NaN,36.35,NaN,114.48,240.45,170.21,162.54,130.61,160.27,8.7,64.15,150.4,0.43,269.75,111.01,0.88,52.21,3.9,38.8384,39.93,78.26,NaN,8.19,NaN,4.43,1.13,43.55,380.02,52.31,1.25,18.27,24.95,19.31,19.07,181.96,321.37,350.81,212.09,190.75,214.48,51.37,142.8,125.42
2022-12-20,12.53,132.3,65.05,3.68,85.19,62.7,9.83,12.2,544.02,188.29,20.75,NaN,NaN,NaN,235.14,133.81,28.64,34.97,457.82,NaN,32.9,87.02,NaN,41.136,50.47,NaN,36.09,20.26,89.63,89.02,8.1,31.28,49.965,46.2542,26.44,3.71,34.68,175.67,135.38,NaN,36.39,NaN,117.09,241.8,168.85,160.85,132.19,159.51,8.65,64.03,150.46,0.42,269.54,110.89,0.87,51.08,3.72,39.0328,40.13,79.56,NaN,8.21,NaN,4.57,1.1,43.7,380.54,52.53,1.54,18.19,24.96,19.51,19.28,182.8,322.08,349.67,211.47,191.15,214.61,51.53,144.05,125.61
2022-12-21,13.03,135.45,67.68,3.8,86.77,64.54,10.2,12.42,561.23,196.0,21.04,NaN,NaN,NaN,241.73,134.5,29.74,35.15,462.06,NaN,33.67,86.92,NaN,41.81,50.01,NaN,36.01,20.56,90.25,89.58,8.17,31.95,49.99,45.58,26.83,3.69,34.66,177.68,136.96,NaN,36.6,NaN,119.76,244.43,168.82,165.01,132.49,163.43,8.74,65.04,151.84,0.4,273.45,112.5,0.81,51.57,3.74,39.6323,40.8,81.25,NaN,8.64,NaN,4.64,1.02,44.32,386.23,50.3,1.51,18.98,25.36,19.72,19.86,185.95,327.18,354.9,214.69,194.04,218.03,52.02,145.18,127.69
2022-12-22,12.56,132.23,63.86,3.58,83.79,63.77,9.84,12.13,553.09,188.25,20.52,NaN,NaN,NaN,237.54,135.6,29.51,34.59,458.71,NaN,32.92,86.67,NaN,41.3175,49.15,NaN,35.58,19.81,88.26,87.76,7.99,31.418,50.01,45.1101,25.97,3.37,34.43,177.03,137.44,NaN,35.46,NaN,117.12,238.19,166.23,153.39,133.62,157.51,8.6,62.12,152.19,0.4099,266.76,109.79,0.7676,51.37,3.73,38.9635,40.28,80.8,NaN,8.68,NaN,4.58,0.9657,43.67,380.72,53.75,1.5,17.54,24.64,19.47,19.46,182.66,319.07,349.91,210.86,190.37,212.92,51.62,143.48,124.47
2022-12-23,12.71,131.86,64.52,3.4,85.25,64.25,9.84,12.17,552.43,189.06,20.52,NaN,NaN,NaN,239.87,136.98,29.86,35.49,462.65,NaN,33.16,88.01,NaN,41.6891,48.73,NaN,35.68,20.08,89.81,89.23,7.95,31.28,50.01,44.63,26.09,3.3,34.73,177.48,137.15,NaN,36.09,NaN,118.04,238.73,162.67,152.06,134.0,157.67,8.62,62.39,152.62,0.3859,267.36,110.03,0.7721,51.6,3.77,39.1895,40.47,81.77,NaN,8.58,NaN,4.61,1.0,43.98,382.91,53.5,1.54,17.59,24.64,19.46,19.81,183.64,319.19,351.87,211.99,191.42,213.63,51.74,143.77,124.6
2022-12-27,12.53,130.03,63.27,3.35,83.04,63.41,9.3,12.07,553.54,189.4,20.28,NaN,NaN,NaN,243.14,136.93,29.5,32.65,458.5,NaN,32.9,86.37,NaN,41.8,48.55,NaN,35.99,18.2,87.93,87.39,7.7,31.845,50.015,45.1535,25.94,3.1,34.91,177.43,138.38,NaN,33.94,NaN,116.88,236.96,147.74,141.21,133.25,153.78,8.65,61.36,153.95,0.3444,263.58,108.39,0.83,51.15,3.56,39.01,40.28,82.22,NaN,8.56,NaN,4.39,0.9891,43.97,381.4,55.81,1.55,16.84,24.4,19.2,20.19,183.04,316.07,350.47,210.38,190.62,211.21,52.02,143.81,123.42
2022-12-28,12.32,126.04,62.57,3.34,81.82,62.52,9.4,12.06,544.89,188.38,20.05,NaN,NaN,NaN,239.38,134.86,29.02,32.53,452.99,NaN,31.99,84.17,NaN,41.12,47.86,NaN,35.83,17.92,86.46,86.02,7.7,32.375,50.01,45.59,25.54,3.12,34.36,176.66,136.52,NaN,32.19,NaN,115.62,234.53,138.09,140.36,133.55,151.7,8.5,60.28,151.96,0.3973,260.1,107.0,0.85,50.62,3.58,38.6328,39.61,82.35,NaN,8.55,NaN,4.37,1.0,43.41,376.66,58.07,1.43,16.16,24.59,19.02,19.61,179.99,311.1,346.17,207.68,188.22,208.44,51.4,141.29,121.43
2022-12-29,12.7,129.61,64.82,3.52,84.18,63.57,10.43,12.39,557.81,188.91,20.72,100.045,NaN,NaN,240.2,138.41,30.23,34.78,456.53,NaN,32.73,87.18,NaN,41.7504,49.21,NaN,36.02,18.33,88.95,88.45,8.05,31.4266,50.04,45.82,26.21,3.54,34.77,177.56,137.24,NaN,33.38,NaN,120.26,241.01,136.63,146.03,135.2,158.12,8.67,62.71,152.59,0.397,266.44,109.65,0.9198,51.36,3.69,39.2,40.6,82.66,NaN,8.81,NaN,4.59,1.03,44.08,383.44,53.86,1.51,17.3,24.91,19.23,19.92,184.02,319.58,352.31,211.35,191.68,213.7,52.24,142.15,124.61
2022-12-30,12.72,129.93,64.77,3.68,84.0,63.79,10.53,12.39,559.13,190.49,20.55,100.1,NaN,NaN,239.56,135.64,29.84,35.39,456.5,NaN,32.86,86.88,NaN,41.5279,48.89,NaN,36.19,18.46,88.73,88.23,8.14,31.3949,50.04,45.38,26.43,3.45,34.63,176.65,135.75,NaN,33.67,NaN,120.34,239.82,141.57,146.14,135.34,158.03,8.6,62.37,151.56,0.41,266.28,109.53,0.94,50.62,3.77,39.3421,40.51,83.26,NaN,8.95,NaN,4.61,1.77,44.0,382.43,54.01,1.47,17.3,24.73,19.49,20.08,183.54,319.41,351.34,210.94,191.19,213.11,51.72,141.79,124.44
2023-01-03,12.74,125.07,64.02,3.58,85.82,62.81,10.73,12.35,553.48,195.39,20.65,100.11,NaN,NaN,238.88,138.31,29.99,33.6,453.28,NaN,32.61,88.97,NaN,41.4513,48.52,NaN,36.5,17.2,89.7,89.12,8.08,31.3562,50.04,45.0407,26.73,3.46,35.41,178.19,137.11,NaN,32.6,NaN,124.74,239.58,145.02,143.15,136.96,155.05,8.64,61.61,151.57,0.41,264.48,108.75,0.92,52.02,3.87,39.31,40.28,81.94,NaN,8.85,NaN,4.5,1.31,43.64,380.82,55.15,1.49,16.91,25.36,19.47,20.02,182.5,316.35,349.99,208.32,190.41,211.61,52.07,143.6,123.26
2023-01-04,13.59,126.36,64.66,3.67,85.14,64.36,10.9,12.52,560.24,203.64,20.96,100.125,NaN,NaN,241.36,143.35,30.86,37.7,456.56,NaN,34.39,91.98,NaN,41.97,48.3,NaN,36.85,17.32,88.71,88.08,8.36,30.1888,50.06,44.959,27.68,3.61,36.83,180.13,136.81,NaN,33.62,NaN,127.37,229.1,165.06,147.49,136.77,157.96,8.74,62.2,152.23,0.442,265.74,109.31,0.92,52.0,4.04,39.653,40.85,83.35,NaN,9.3,NaN,4.77,1.18,43.95,383.76,54.41,1.54,17.17,25.91,19.76,20.08,185.28,317.72,352.51,208.91,192.1,213.07,52.96,143.76,123.58
2023-01-05,13.99,125.02,62.33,3.59,83.12,62.95,9.85,12.37,555.02,204.99,20.65,100.15,NaN,NaN,240.28,140.75,30.13,33.53,450.19,NaN,35.23,91.92,NaN,41.6,47.45,NaN,36.4,16.22,86.77,86.2,8.11,30.9324,50.06,45.36,27.56,3.64,36.2,178.8,135.54,NaN,33.53,NaN,126.94,222.31,156.56,142.65,136.25,153.51,8.75,59.74,150.34,0.462,261.58,107.7,0.91,51.78,4.17,39.6506,40.41,83.11,NaN,9.14,NaN,4.63,1.1,43.68,379.38,56.93,1.54,16.36,25.55,19.83,20.11,183.28,311.14,348.66,206.5,189.85,209.25,52.5,143.27,121.18
2023-01-06,14.18,129.62,63.96,3.63,86.08,64.33,9.72,12.78,588.43,213.0,21.24,100.16,NaN,NaN,248.86,145.71,31.01,33.26,482.87,NaN,36.03,93.92,NaN,42.4939,48.69,NaN,37.07,16.46,88.16,87.34,8.25,30.313,50.105,46.05,28.73,3.77,36.64,180.25,138.45,NaN,35.08,NaN,130.02,224.93,160.45,148.59,138.64,159.63,9.15,62.47,153.92,0.435,268.8,110.54,0.9009,52.63,4.23,40.5587,41.37,84.54,NaN,9.22,NaN,4.62,1.07,44.88,388.08,52.4,1.67,17.64,26.4,20.29,21.17,187.42,320.04,356.59,210.97,194.04,214.15,53.73,146.78,124.73
2023-01-09,14.61,130.15,67.24,3.87,87.36,65.32,10.18,12.92,576.89,208.57,21.57,100.16,NaN,NaN,246.62,145.38,32.45,38.27,478.75,NaN,36.77,94.77,NaN,42.49,49.41,NaN,37.16,16.38,88.8,88.02,8.55,29.3025,50.12,45.8,29.31,3.81,37.01,175.58,137.02,NaN,35.61,NaN,129.47,227.12,175.01,156.28,137.23,160.97,9.18,64.65,152.04,0.4639,270.54,111.34,0.9245,52.95,4.22,40.3446,41.48,85.43,NaN,9.2,NaN,4.82,1.03,44.79,387.86,51.28,1.72,18.01,27.4,20.13,21.54,188.0,324.05,356.33,211.06,194.12,216.02,54.02,144.95,126.18
2023-01-10,15.19,130.73,68.05,4.07,89.87,66.52,10.37,13.07,574.93,206.69,21.71,100.195,NaN,NaN,250.51,147.1,32.56,43.23,481.4,NaN,38.09,95.56,NaN,42.83,48.42,NaN,37.28,17.77,89.24,88.42,8.72,28.4614,50.13,46.18,29.44,3.81,37.62,175.16,135.86,NaN,36.21,NaN,132.99,228.85,190.0,159.09,133.66,166.07,9.16,64.27,151.89,0.5001,272.83,112.27,1.01,53.41,4.38,40.6152,42.0,85.62,NaN,9.42,NaN,5.12,1.04,45.06,390.58,50.03,1.78,18.49,28.04,20.41,21.85,190.17,326.15,358.87,212.31,195.65,217.94,54.24,144.86,126.96
2023-01-11,15.34,133.49,69.06,4.3,95.09,67.68,10.76,13.19,578.14,208.03,22.14,100.21,NaN,NaN,250.73,151.59,33.07,43.79,484.31,NaN,38.18,96.33,NaN,43.32,48.8,NaN,37.26,19.04,92.26,91.52,8.76,28.1757,50.13,45.939,29.85,3.86,37.61,174.88,136.31,NaN,35.97,NaN,132.89,235.77,194.76,160.01,132.58,168.73,9.3,64.63,150.66,0.54,277.55,114.24,1.04,54.52,4.51,41.0313,42.58,83.42,NaN,9.66,NaN,5.15,1.07,45.45,395.52,47.46,1.83,19.41,28.35,20.6,21.87,192.91,331.65,363.45,215.22,198.23,222.37,54.57,146.13,129.16
2023-01-12,16.83,133.41,70.8,4.73,95.27,68.44,10.68,13.35,581.94,214.32,22.44,100.28,NaN,NaN,255.07,151.25,33.35,47.55,482.43,NaN,39.6,99.81,NaN,43.35,48.4,NaN,37.7,20.63,91.91,91.13,9.04,26.9406,50.16,46.2207,30.29,4.05,37.82,174.0,136.24,NaN,36.97,NaN,136.71,238.51,210.17,165.11,133.62,170.21,9.45,64.93,149.81,0.5,279.05,114.81,1.09,54.64,4.83,41.5408,43.18,83.48,NaN,9.64,NaN,5.36,1.1,45.62,396.96,46.74,1.8,19.71,29.03,20.94,22.02,195.28,334.24,364.81,216.0,199.19,223.64,55.23,144.81,130.12
2023-01-13,17.02,134.76,71.0,4.83,98.12,69.71,10.81,13.42,579.0,214.13,22.49,100.29,NaN,NaN,258.46,150.86,33.53,49.98,485.25,NaN,38.2,99.4,NaN,43.47,48.87,NaN,38.14,20.49,92.8,92.12,9.32,26.6056,50.16,46.2288,30.11,4.41,38.25,173.43,136.83,NaN,36.99,NaN,136.98,239.23,216.97,168.99,136.32,171.82,9.67,65.15,150.88,0.525,280.97,115.6,1.16,55.21,4.97,41.6263,43.45,82.98,NaN,9.8,NaN,5.44,1.21,45.71,398.5,45.81,1.84,20.1,29.44,21.18,22.14,196.18,335.65,366.23,216.9,200.04,225.01,55.54,145.29,130.49
2023-01-17,17.08,135.94,71.59,5.04,96.05,69.09,10.9,13.45,579.24,211.41,22.84,100.29,NaN,NaN,256.26,150.31,33.54,54.14,486.77,NaN,38.26,99.91,NaN,43.332,50.1,NaN,37.91,21.8,92.16,91.29,9.52,25.64,50.18,45.9601,29.6,4.35,37.54,172.36,136.86,NaN,37.04,NaN,135.36,240.35,235.92,177.02,138.98,170.33,9.63,65.87,150.44,0.57,281.54,115.84,1.19,54.24,5.48,41.7367,43.41,83.49,NaN,9.67,NaN,5.64,1.35,45.63,397.77,45.62,1.77,20.21,29.2,21.23,21.83,196.03,337.33,365.67,217.01,199.77,225.66,55.58,144.41,131.08
2023-01-18,16.64,135.21,70.53,5.35,95.46,68.03,10.7,13.32,574.29,209.41,22.65,100.31,NaN,NaN,252.82,145.25,33.55,50.21,479.47,NaN,38.38,99.04,NaN,42.78,48.38,NaN,37.78,20.79,91.78,91.12,9.31,26.7232,50.21,45.81,28.81,4.2,36.91,169.76,132.84,NaN,36.3,NaN,133.02,235.81,221.19,173.77,139.76,170.68,9.5,66.33,146.41,0.54,277.88,114.32,1.13,53.98,5.17,40.898,42.79,81.38,NaN,9.41,NaN,5.56,1.25,44.96,391.49,47.34,1.76,19.46,28.96,20.77,21.34,193.32,333.08,359.73,214.13,196.62,222.98,55.28,140.84,129.39
2023-01-19,16.28,135.27,67.71,5.51,93.68,65.78,10.18,13.11,563.22,207.09,22.4,100.32,NaN,NaN,245.75,145.24,32.88,49.42,469.49,NaN,38.35,99.08,NaN,42.21,48.42,NaN,38.4,19.04,93.91,93.05,9.05,26.5553,50.23,45.83,28.42,4.02,36.63,169.53,132.16,NaN,36.45,NaN,136.15,231.93,221.45,167.65,140.66,165.0,9.4,63.49,142.42,0.5299,275.15,113.2,1.11,53.57,4.79,40.2878,42.31,76.32,NaN,9.62,NaN,5.41,1.25,44.69,388.64,48.82,1.77,18.85,29.03,20.52,21.68,191.19,328.99,357.14,213.04,195.02,221.05,55.39,138.83,127.88
2023-01-20,16.34,137.87,70.07,5.33,97.25,67.07,10.94,13.35,570.78,206.76,22.87,100.335,NaN,NaN,249.71,148.12,33.86,55.16,480.11,NaN,39.03,103.48,NaN,43.0,49.27,NaN,38.27,19.61,99.28,98.02,9.52,25.4931,50.225,45.86,29.22,4.34,37.53,168.74,135.13,NaN,37.06,NaN,139.37,240.22,240.03,178.39,141.1,168.5,9.68,66.26,142.97,0.5002,282.68,116.31,1.09,54.23,4.78,40.7943,43.12,77.03,NaN,9.99,NaN,5.67,1.42,45.4,395.88,44.79,1.82,20.39,30.36,20.9,22.3,194.71,338.2,363.71,217.23,198.76,227.02,55.94,140.54,131.34
2023-01-23,16.17,141.11,76.53,5.45,97.52,68.84,11.98,13.57,581.63,209.97,23.29,100.365,NaN,NaN,252.7,144.78,34.59,55.96,492.61,NaN,39.08,105.69,NaN,43.47,50.51,NaN,38.33,21.66,101.21,99.79,9.71,24.7209,50.23,45.7652,30.27,4.5,37.47,168.31,134.23,NaN,36.69,NaN,143.27,242.58,250.215,191.93,141.08,173.03,9.76,70.8,141.05,0.5007,288.96,118.86,1.15,54.32,4.82,41.1872,43.74,77.73,NaN,10.2,NaN,5.87,1.47,45.84,400.63,41.84,1.8,21.73,30.53,21.12,22.56,197.46,346.23,368.14,219.92,201.28,231.11,56.21,142.64,134.33
2023-01-24,16.02,142.53,74.7,5.36,96.32,67.7,11.9,13.52,585.03,211.98,23.22,100.345,NaN,NaN,257.61,145.31,34.44,53.555,492.11,NaN,38.8,106.0,NaN,43.41,51.09,NaN,38.48,21.4,99.21,97.7,9.71,25.0656,50.23,45.8416,29.92,4.44,36.75,168.31,134.63,NaN,36.68,NaN,143.14,242.04,247.5,192.65,139.9,173.17,9.69,70.08,141.82,0.53,288.37,118.64,1.19,54.48,4.97,41.4034,43.59,79.25,NaN,10.26,NaN,5.79,1.44,45.83,400.2,42.13,1.77,21.6,29.93,20.94,22.65,196.62,345.65,367.75,219.77,200.95,230.39,56.22,143.02,134.27
2023-01-25,16.26,141.86,74.91,5.24,97.18,67.6,11.82,13.55,585.68,212.68,23.25,100.4,NaN,NaN,258.44,145.47,34.5,52.76,490.88,NaN,39.38,108.12,NaN,43.48,51.76,NaN,38.66,20.23,96.73,95.22,9.69,25.0292,50.25,45.8001,29.7,4.5,36.32,169.51,132.06,NaN,36.87,NaN,141.5,240.61,245.84,193.23,138.89,174.1,9.82,71.81,141.72,0.5333,287.73,118.39,1.18,55.33,4.91,41.604,43.7,79.21,NaN,9.67,NaN,5.79,1.46,45.77,400.35,42.42,1.79,21.44,30.29,21.0806,22.79,196.99,344.92,367.88,219.47,201.05,229.85,56.45,142.34,133.99
2023-01-26,16.61,143.96,75.16,5.33,99.22,70.43,11.9,13.64,598.58,212.73,23.48,100.4,NaN,NaN,262.12,148.13,35.3,53.02,498.3,NaN,39.22,109.7,NaN,43.81,53.21,NaN,38.31,20.01,99.16,97.52,9.64,25.0903,50.26,45.8759,30.09,4.54,37.23,168.89,130.27,NaN,35.7,NaN,147.3,248.0,245.32,198.02,137.54,180.02,9.83,73.68,141.15,0.5239,293.34,120.69,1.23,55.46,4.88,41.68,44.0,78.05,NaN,10.19,NaN,5.71,1.55,46.29,404.75,39.99,1.8,22.68,30.02,21.0,22.73,198.74,350.41,371.81,222.43,203.12,233.43,56.65,142.21,136.13
2023-01-27,16.43,145.93,75.4,5.34,102.24,70.82,12.59,13.885,590.99,211.17,23.77,100.42,NaN,NaN,264.54,146.07,35.43,61.37,503.29,NaN,38.73,109.54,NaN,43.82,52.7,NaN,38.26,22.82,100.71,99.37,10.39,24.7167,50.26,45.8232,28.16,4.49,38.11,168.23,128.92,NaN,36.24,NaN,151.74,248.16,258.36,203.65,138.09,181.54,9.88,73.67,140.57,0.475,296.26,121.87,1.26,55.83,4.94,41.7957,44.29,74.69,NaN,10.91,NaN,5.94,1.81,46.11,405.68,38.85,1.8,23.33,30.36,21.12,23.14,199.91,352.02,372.87,223.1,203.94,235.75,56.52,143.3,136.7
2023-01-30,15.96,143.0,72.45,5.03,100.55,69.26,12.21,13.67,581.45,209.67,23.45,100.45,NaN,NaN,261.5,144.75,35.16,56.16,503.28,NaN,38.4,107.59,NaN,43.41,51.05,NaN,38.16,21.25,97.95,96.94,10.15,25.38,50.275,45.83,27.95,4.46,37.79,162.0,128.99,NaN,35.47,NaN,147.06,242.71,245.69,191.62,139.06,179.48,9.67,71.02,141.01,0.5,290.27,119.39,1.16,55.56,4.88,41.45,43.7,75.5,NaN,11.09,NaN,6.68,2.06,45.57,400.59,41.2,1.78,21.93,29.63,20.79,23.21,197.28,345.14,368.21,219.56,201.21,231.37,55.93,142.15,134.09
2023-01-31,16.14,144.29,75.15,5.43,103.13,70.78,12.7,14.0,585.01,213.0,23.8,100.45,NaN,NaN,252.29,148.11,35.97,58.48,511.14,NaN,39.1,108.49,NaN,44.3,52.34,NaN,38.28,21.87,99.87,98.84,10.41,24.8416,50.29,46.4079,28.26,4.44,41.82,163.42,130.01,NaN,35.77,NaN,148.97,247.81,251.73,195.37,138.78,184.31,9.99,73.45,142.38,0.0,294.62,121.22,1.21,56.9,4.97,42.16,44.74,77.42,NaN,11.56,NaN,6.93,1.99,46.12,406.48,39.36,1.77,22.91,30.93,21.2,23.03,202.18,350.38,373.44,222.85,204.43,235.24,56.21,143.87,135.96
2023-02-01,16.69,145.43,84.64,5.63,105.15,72.52,13.36,14.33,602.75,214.75,24.58,100.49,NaN,NaN,249.54,149.11,36.46,65.7,517.91,NaN,39.89,109.39,NaN,44.79,53.09,NaN,38.79,21.83,101.43,100.43,10.78,23.9669,50.11,46.03,29.07,4.76,40.85,164.92,130.01,NaN,35.63,NaN,153.12,252.75,267.92,209.43,139.08,193.94,10.15,77.84,143.19,0.495,300.92,123.82,1.21,57.28,4.98,42.3401,45.52,78.25,NaN,10.37,NaN,7.38,2.06,46.46,410.8,36.84,1.83,24.39,31.49,21.3,23.52,205.42,358.98,377.53,225.36,206.92,239.78,56.74,144.67,139.16
2023-02-02,17.06,150.82,88.31,5.36,112.91,72.15,14.19,14.68,605.77,209.34,24.95,100.535,NaN,NaN,244.9,152.54,37.76,81.46,523.43,NaN,39.9,113.21,NaN,45.55,53.845,NaN,37.96,22.7,108.8,107.74,11.14,22.7701,50.13,46.08,30.19,5.49,41.53,165.54,130.18,NaN,36.82,NaN,188.77,264.6,292.13,217.09,132.34,196.16,10.41,82.12,142.17,0.5197,311.72,128.2,1.18,57.57,5.24,42.7459,46.36,76.62,NaN,11.4,NaN,7.72,1.96,47.03,416.78,33.01,1.65,26.91,33.05,21.72,23.15,208.76,369.68,382.94,227.99,210.01,247.24,56.6,143.62,142.96
2023-02-03,17.02,154.5,86.09,5.31,103.39,73.4,13.22,14.36,597.62,206.01,24.55,100.535,NaN,NaN,247.76,145.97,37.4,74.63,514.8,NaN,39.58,110.71,NaN,45.1,53.0,NaN,37.03,22.25,105.22,104.78,10.74,23.6035,50.12,45.59,30.32,5.5,41.36,164.61,131.26,NaN,36.35,NaN,186.53,258.35,284.76,211.0,136.79,190.95,10.08,80.89,142.61,0.4952,306.18,125.99,1.17,57.32,5.31,42.428,46.01,79.02,NaN,11.0,NaN,7.46,2.82,46.78,412.35,34.67,1.69,25.52,33.09,21.45,22.16,206.86,365.76,378.85,226.43,207.84,243.23,55.93,141.71,141.77
2023-02-06,16.92,151.73,83.68,6.38,102.18,72.14,12.6,14.18,601.3,206.81,24.18,100.55,NaN,NaN,251.42,145.76,36.31,74.59,515.59,NaN,39.64,109.87,NaN,44.63,51.99,NaN,37.1,23.86,103.47,102.9,10.6,23.8507,50.095,45.9643,28.69,5.41,40.54,163.36,130.39,NaN,36.02,NaN,186.06,256.77,282.05,210.89,138.07,187.37,9.96,80.4,141.4,0.481,303.59,124.87,1.41,56.58,4.92,42.2328,45.37,79.86,NaN,12.07,NaN,7.41,4.03,46.53,409.83,35.58,1.62,24.87,33.9,21.03,21.73,204.06,360.96,376.66,225.21,206.28,241.01,55.35,140.68,140.04
2023-02-07,16.96,154.65,85.91,6.57,102.11,73.35,12.85,14.29,614.45,214.76,24.66,100.535,NaN,NaN,249.66,145.07,36.4,71.42,516.53,NaN,39.59,111.63,NaN,44.83,53.78,NaN,37.14,21.22,108.04,107.64,10.55,23.7664,50.12,45.6383,29.05,5.15,40.28,163.4,130.27,NaN,36.19,NaN,191.62,267.56,283.87,221.73,139.59,193.24,10.08,85.53,140.02,0.5,309.88,127.49,1.27,57.16,4.9,42.49,45.7,81.19,NaN,12.21,NaN,7.38,3.6,47.21,415.19,33.38,1.68,26.41,34.9,21.07,22.22,205.8,369.61,381.52,228.85,208.88,245.58,55.73,140.98,143.54
2023-02-08,16.97,151.92,84.69,6.05,100.05,73.89,12.68,13.98,601.71,213.5,24.28,100.53,NaN,NaN,248.87,143.42,35.55,69.44,503.81,NaN,39.44,111.78,NaN,44.53,59.64,NaN,37.23,21.1,100.0,99.37,10.47,24.1322,50.13,45.8407,28.24,5.13,39.44,163.61,130.0,NaN,35.3,NaN,183.43,266.73,275.96,222.05,139.58,187.95,9.91,83.6,138.57,0.7236,304.37,125.22,1.3,56.41,4.79,41.9482,45.1,80.61,NaN,11.56,NaN,7.2,4.63,46.58,410.65,35.16,1.67,24.99,36.83,20.4551,21.92,203.24,364.93,377.34,226.09,206.65,241.98,55.48,140.22,141.81
2023-02-09,16.66,150.87,83.21,5.81,98.24,68.4,16.11,13.88,599.41,211.99,24.02,100.545,NaN,NaN,246.28,141.0,34.33,59.63,500.63,NaN,39.01,110.36,NaN,44.21,57.82,NaN,36.93,19.67,95.46,95.01,10.08,25.1066,50.13,45.5985,27.73,4.69,38.37,161.4,128.25,NaN,34.85,NaN,177.92,263.62,249.04,223.37,139.53,189.85,9.63,84.75,137.05,0.755,301.68,124.13,1.27,55.51,4.55,41.4048,44.4,79.58,NaN,10.98,NaN,6.89,4.0,46.31,407.09,36.13,1.63,24.32,35.89,20.13,22.39,200.55,363.39,374.11,224.54,204.64,239.68,55.58,141.52,141.03
2023-02-10,NaN,NaN,NaN,NaN,NaN,NaN,NaN,NaN,NaN,NaN,NaN,NaN,NaN,NaN,NaN,NaN,NaN,NaN,NaN,NaN,NaN,NaN,NaN,NaN,NaN,NaN,NaN,NaN,NaN,NaN,NaN,NaN,NaN,NaN,NaN,NaN,NaN,NaN,NaN,NaN,NaN,NaN,NaN,NaN,NaN,NaN,NaN,NaN,NaN,NaN,NaN,NaN,NaN,NaN,NaN,NaN,NaN,NaN,NaN,NaN,NaN,NaN,NaN,NaN,NaN,NaN,NaN,NaN,NaN,NaN,NaN,NaN,NaN,NaN,NaN,NaN,NaN,NaN,NaN,NaN,NaN,NaN
2023-02-13,16.51,153.85,83.13,5.83,99.54,71.07,15.86,13.99,601.12,215.65,24.0,100.6232,NaN,NaN,248.15,141.74,35.39,56.4,506.45,NaN,38.6,107.66,NaN,44.98,60.15,NaN,36.82,19.69,95.0,94.61,9.92,25.5055,50.15,45.685,28.55,4.89,39.19,162.75,130.1,NaN,35.07,NaN,179.43,271.32,249.25,217.88,142.99,188.38,9.73,84.38,140.07,0.627,304.5,125.31,1.2,56.73,4.71,41.955,45.01,80.42,NaN,10.71,NaN,6.76,3.28,47.07,412.83,35.1,1.67,24.95,33.44,20.36,22.42,202.97,367.22,379.35,227.42,207.45,241.68,55.79,145.91,142.81
2023-02-14,16.79,153.2,85.95,5.64,99.7,71.66,15.97,14.1668,602.31,218.45,24.25,100.615,NaN,NaN,244.36,139.04,35.33,59.03,503.22,NaN,39.1,107.66,NaN,44.95,61.19,NaN,36.85,19.87,94.95,94.68,10.06,24.8544,50.13,45.59,28.64,4.99,39.15,162.04,128.58,NaN,35.51,NaN,179.48,272.17,271.14,229.71,142.95,189.79,9.58,86.88,139.28,0.578,306.75,126.21,1.2,56.64,4.96,42.2934,45.07,80.77,NaN,10.85,NaN,6.74,3.77,47.01,412.64,34.36,1.64,25.49,35.23,20.64,22.7,203.15,369.17,379.21,227.66,207.53,243.02,55.8,145.49,143.42
2023-02-15,16.8,155.33,85.18,6.04,101.16,72.43,16.87,14.38,607.69,217.44,24.28,100.645,NaN,NaN,248.7,140.13,35.44,69.34,511.28,NaN,39.02,109.24,NaN,45.15,62.81,NaN,36.48,21.8,97.1,96.94,10.63,23.6137,50.135,45.9107,28.85,5.65,39.28,159.37,127.77,12.74,35.72,NaN,177.16,269.32,298.4,227.64,140.96,193.29,9.6,86.71,138.96,0.6069,309.1,127.18,1.2,57.63,5.16,42.9092,45.54,80.48,NaN,11.26,NaN,7.25,3.92,46.95,413.98,33.58,1.62,26.06,36.23,21.0,22.63,205.13,371.77,380.48,228.39,208.46,244.98,55.52,146.57,144.09
2023-02-16,16.39,153.71,80.08,5.88,98.15,72.09,15.6,14.17,600.54,212.21,23.95,100.69,NaN,NaN,246.52,139.76,34.81,65.59,504.1,NaN,38.28,105.83,NaN,44.71,61.39,NaN,36.46,21.6,95.78,95.51,10.34,24.231,50.16,45.71,28.2,5.28,38.64,158.24,126.47,44.77,35.41,NaN,172.44,262.15,284.03,220.02,138.69,191.23,9.47,84.13,137.14,0.62,303.3,124.79,1.23,56.82,4.97,42.6832,45.07,80.34,NaN,10.73,NaN,6.98,3.66,46.4,408.28,35.5,1.64,24.57,36.22,20.75,22.25,202.96,364.99,375.19,224.78,205.68,240.34,55.3,144.27,141.59
2023-02-17,16.36,152.55,78.5,5.87,97.2,71.44,14.99,14.27,595.59,211.66,23.58,100.6999,NaN,NaN,247.79,140.68,35.04,65.2,507.48,NaN,38.36,105.22,NaN,44.59,60.64,NaN,36.56,21.99,94.59,94.35,10.35,24.0269,50.18,45.6947,27.61,4.88,38.27,160.39,127.23,40.7,35.36,NaN,172.88,258.06,294.05,213.88,141.63,188.46,9.39,81.86,140.01,0.6513,301.16,123.9,1.2,57.45,4.91,43.0777,45.05,80.32,NaN,10.36,NaN,6.62,4.02,46.09,407.26,36.29,1.63,24.04,34.77,20.87,22.1,202.74,360.52,374.22,223.87,205.08,238.31,55.25,146.44,139.82
2023-02-21,15.69,148.48,76.77,5.425,94.58,69.35,14.2,13.85,581.54,205.52,22.93,100.725,NaN,NaN,240.71,136.66,34.05,62.07,501.74,NaN,37.1,102.09,NaN,43.6,59.71,NaN,36.43,20.66,92.05,91.79,9.9,24.9457,50.17,45.35,26.06,4.64,36.11,158.0,129.23,37.89,33.76,NaN,172.08,252.67,269.92,206.55,142.61,181.41,9.13,79.28,139.91,0.6223,294.03,121.01,1.2,56.12,4.58,42.1483,43.81,79.9,NaN,9.81,NaN,6.42,3.82,45.44,399.09,38.87,1.59,22.35,34.2,20.23,21.23,197.3,351.8,366.79,219.61,200.83,232.43,54.6,147.33,136.5
2023-02-22,15.56,148.91,76.61,5.15,95.79,70.27,15.17,13.89,576.17,205.76,22.91,100.74,NaN,NaN,237.89,134.22,34.43,61.18,497.39,NaN,37.01,101.68,NaN,43.59,60.21,NaN,36.22,20.52,91.8,91.65,9.95,25.0987,50.17,45.17,25.47,4.76,36.28,157.78,128.53,81.99,33.6,NaN,171.12,251.51,268.58,207.54,142.25,177.69,9.04,78.56,140.5,0.62,294.25,121.02,1.23,56.11,4.62,42.0439,43.91,80.0,NaN,9.9,NaN,6.54,3.98,45.28,398.54,38.84,1.65,22.37,34.54,20.43,21.03,198.0,351.72,366.33,219.53,200.66,232.6,54.29,144.24,136.3
2023-02-23,15.87,149.4,79.75,5.39,95.82,71.21,14.49,13.97,583.8,208.13,23.46,100.755,NaN,NaN,237.95,134.26,34.85,62.36,493.14,NaN,37.53,101.73,NaN,43.78,60.58,NaN,36.21,20.14,91.07,90.89,10.09,24.92,50.185,45.46,25.61,4.78,36.55,157.73,127.22,20.3,33.64,NaN,172.04,254.77,265.75,236.64,142.89,180.99,9.03,78.39,140.05,0.6069,296.82,122.08,1.2,60.54,4.55,42.2562,44.2,78.97,NaN,10.1,NaN,6.55,3.92,45.54,400.66,37.85,1.59,22.93,34.47,20.62,21.22,198.78,357.13,368.17,221.15,201.73,234.54,54.57,142.09,138.56
2023-02-24,15.56,146.71,78.09,5.25,93.5,70.87,14.21,13.79,577.75,198.15,23.24,100.8,NaN,NaN,236.17,131.16,34.7,58.44,488.61,NaN,37.36,100.3,NaN,43.54,58.86,NaN,35.95,19.54,89.35,89.13,9.59,25.7207,50.19,44.8205,25.14,4.57,36.49,155.97,126.2,24.0,33.57,NaN,170.39,249.22,255.8,232.86,141.6,176.86,8.93,76.28,139.26,0.627,291.85,120.05,1.19,59.44,4.45,41.94,43.8,80.6,NaN,9.81,NaN,6.38,3.565,45.17,396.38,39.79,1.59,21.77,33.4,20.22,20.96,197.13,350.92,364.23,218.39,199.48,230.53,53.67,142.47,136.09
2023-02-27,15.63,147.92,78.77,5.27,93.76,70.42,13.41,13.87,585.45,200.46,23.55,100.795,NaN,NaN,239.98,131.65,34.5,58.96,487.03,NaN,37.84,100.45,NaN,43.58,59.62,NaN,36.08,19.1,90.1,89.87,9.72,25.5993,50.2,44.4999,24.9,4.63,36.58,155.63,126.25,20.23,33.54,NaN,169.54,250.16,258.65,235.01,143.36,177.74,8.92,77.73,139.14,0.627,293.94,120.93,1.25,58.38,4.59,42.0401,43.93,77.88,NaN,9.88,NaN,6.42,3.13,45.29,397.73,38.93,1.63,22.24,33.55,20.28,21.09,197.43,352.49,365.49,219.35,200.19,232.15,54.19,141.44,136.82
2023-02-28,15.98,147.41,78.58,5.36,94.23,70.9,13.5,13.89,594.29,201.55,23.54,100.79,NaN,NaN,239.55,130.75,34.4,64.83,484.18,NaN,38.34,99.61,NaN,43.5143,59.44,NaN,36.24,19.23,90.3,90.06,10.07,25.3109,50.2,44.5647,24.93,4.74,36.39,153.26,125.05,20.1,33.58,NaN,174.94,249.42,262.27,232.16,140.99,178.48,8.88,77.41,137.56,0.6082,293.56,120.79,1.31,58.27,4.5,41.9232,43.91,77.92,NaN,10.15,NaN,6.6,2.99,45.18,396.26,39.13,1.71,22.13,33.26,20.15,20.93,197.52,352.12,364.11,218.29,199.52,231.89,53.81,142.13,136.52
2023-03-01,16.03,145.31,78.29,5.36,92.17,71.94,13.38,13.82,593.57,204.55,23.6,100.78,NaN,NaN,248.67,128.96,34.42,64.67,478.67,NaN,38.51,98.54,NaN,43.41,58.44,NaN,36.48,18.15,90.51,90.36,9.73,25.515,50.04,44.8451,25.33,4.62,36.69,152.57,124.72,19.28,33.65,NaN,173.42,246.27,257.91,226.98,142.86,178.87,8.79,78.23,137.66,0.65,291.2,119.78,1.41,58.06,4.4,41.59,43.98,77.41,NaN,10.14,NaN,6.44,2.82,45.27,394.74,40.07,1.83,21.59,32.99,19.7981,21.41,197.88,349.4,362.78,217.66,200.0,230.08,54.36,140.15,135.52
2023-03-02,16.12,145.91,80.44,5.24,92.13,72.38,13.7,13.98,598.65,210.06,23.67,100.8,NaN,NaN,252.18,129.31,34.48,63.7,485.69,NaN,38.42,98.92,NaN,43.7,59.64,NaN,36.45,18.19,92.31,92.0,9.62,25.82,50.035,44.8403,26.2,4.76,37.52,152.45,126.67,17.8,33.92,NaN,174.53,251.11,252.89,233.14,143.6,180.63,8.55,76.75,139.93,0.6099,293.61,120.87,1.42,57.64,4.24,41.97,44.14,76.09,NaN,10.1,NaN,6.45,2.53,45.6,397.81,39.13,1.78,22.11,33.69,19.95,21.26,198.88,353.55,365.49,219.17,200.31,232.31,54.48,140.5,137.19
2023-03-03,16.36,151.03,81.52,5.37,94.9,73.11,13.95,14.32,632.76,215.11,24.41,100.815,NaN,NaN,255.31,131.51,35.52,64.51,475.26,NaN,38.85,101.14,NaN,44.24,60.84,NaN,36.83,18.7,94.02,93.65,9.9,25.5815,50.06,45.4416,26.4,5.03,37.77,154.02,126.49,16.28,34.18,NaN,185.25,255.29,246.91,238.9,144.9,182.96,8.63,78.94,140.95,0.6,299.68,123.3,1.37,58.06,4.57,42.5586,44.72,77.41,NaN,10.65,NaN,6.72,3.15,46.31,404.19,36.73,1.78,23.46,34.57,20.34,21.67,201.68,360.97,371.28,222.79,203.57,237.19,55.17,140.67,140.14
2023-03-06,16.12,153.83,81.16,5.21,93.75,72.54,13.61,14.17,632.92,211.92,24.3,100.82,NaN,NaN,253.98,130.14,35.21,62.77,483.08,NaN,38.46,100.66,NaN,43.97,61.31,NaN,36.66,18.65,95.58,95.13,9.72,25.7311,50.08,45.3696,25.99,4.93,36.62,155.56,126.18,14.15,33.76,NaN,184.9,256.87,237.45,235.54,144.76,179.94,8.61,77.41,140.35,0.5501,300.02,123.45,1.38,56.25,4.43,42.3,44.08,76.6,NaN,11.66,NaN,6.68,3.26,46.39,404.47,36.6,1.72,23.56,33.88,20.23,20.93,199.13,362.28,371.73,223.63,203.3,237.45,55.05,140.65,140.81
2023-03-07,16.36,151.6,82.11,5.09,93.55,71.2,13.44,13.98,625.15,207.92,23.91,100.84,NaN,NaN,246.14,126.52,34.08,61.89,485.15,NaN,39.07,99.06,NaN,43.44,60.37,NaN,36.01,18.06,94.17,93.86,9.42,26.255,50.08,45.1199,25.53,4.94,36.29,154.09,123.6,12.56,33.37,NaN,184.51,254.15,231.44,232.88,143.92,177.4,8.35,78.7,137.56,0.56,296.34,121.93,1.24,56.68,4.4,41.94,43.55,74.95,NaN,11.72,NaN,6.51,3.33,45.7,398.27,37.96,1.62,22.68,34.14,19.94,20.21,196.72,357.82,365.98,220.35,200.27,234.26,54.11,139.25,139.06
2023-03-08,16.59,152.87,85.37,5.62,93.92,71.23,13.29,13.93,632.26,207.2,24.2,100.8,NaN,NaN,248.72,130.04,34.64,63.01,486.04,NaN,39.73,99.3,NaN,43.58,61.79,NaN,35.99,18.17,94.65,94.25,9.65,26.215,50.07,45.5119,25.98,5.06,36.82,152.96,123.8,10.26,33.9,NaN,184.97,253.7,232.72,241.81,141.46,182.51,8.37,83.1,137.58,0.57,297.82,122.53,1.2,56.35,4.29,41.88,43.59,76.2,NaN,11.05,NaN,6.47,2.595,45.74,398.92,37.41,1.6,22.99,34.01,19.98,20.16,196.73,360.65,366.55,220.84,200.53,235.09,54.36,138.1,140.21
2023-03-09,15.88,150.59,84.03,5.36,92.25,67.37,12.78,13.65,622.52,201.24,23.8,100.855,NaN,NaN,240.96,127.86,33.17,58.09,479.52,NaN,38.49,96.14,NaN,42.85,59.95,NaN,36.34,17.52,92.66,92.32,9.44,27.3698,50.085,44.8215,26.44,4.83,36.2,151.24,122.61,16.19,33.08,NaN,181.69,252.32,210.82,234.36,142.03,179.83,7.84,81.41,136.57,0.61,292.66,120.37,1.01,55.78,4.08,41.11,42.36,66.47,NaN,10.66,NaN,6.09,2.21,45.15,391.56,39.45,1.51,21.78,32.32,19.6,20.09,191.51,354.97,359.84,217.24,196.57,230.86,53.73,137.17,138.2
2023-03-10,15.46,148.5,82.67,4.88,90.73,60.29,12.31,13.41,614.83,203.07,23.29,100.8675,NaN,NaN,227.01,126.88,30.26,53.44,471.14,NaN,37.25,93.57,NaN,42.0,58.76,NaN,37.13,17.25,91.01,90.63,9.01,28.1286,50.135,44.71,27.22,4.56,35.52,151.61,122.34,15.67,32.77,NaN,179.51,248.59,192.01,229.65,141.29,175.05,7.37,78.38,137.19,0.56,288.55,118.74,1.08,56.08,3.91,40.4361,41.14,58.7,NaN,10.34,NaN,5.58,1.99,44.57,385.91,41.08,1.5,20.88,31.11,19.19,19.63,185.81,347.95,354.68,214.24,193.26,226.75,53.27,136.97,135.77
2023-03-13,14.85,150.47,82.01,4.85,92.43,58.47,12.41,13.35,616.47,203.37,23.31,100.99,NaN,NaN,224.7,130.58,30.09,59.17,472.0,NaN,35.68,92.6,NaN,41.63,59.27,NaN,37.97,16.75,91.66,91.11,8.99,26.966,50.17,43.97,26.95,4.71,34.85,153.06,123.08,14.14,31.06,NaN,180.9,253.92,223.16,229.66,140.54,174.93,6.4,77.75,138.14,0.48,290.69,119.55,1.11,55.11,3.94,40.26,40.39,51.91,NaN,10.23,NaN,5.49,2.08,44.57,385.36,40.19,1.52,21.33,30.82,19.17,19.66,182.35,349.57,354.08,214.87,192.46,228.18,53.02,137.37,136.51
2023-03-14,14.66,152.59,87.45,4.88,94.88,59.76,12.77,13.57,632.46,207.28,23.71,100.9944,NaN,NaN,225.67,131.15,30.28,62.65,481.92,NaN,35.47,93.36,NaN,42.08,60.89,NaN,37.77,16.91,94.25,93.97,9.11,26.1194,50.15,44.09,28.01,4.79,35.44,153.92,123.65,14.57,30.53,NaN,194.02,260.79,229.47,240.63,142.95,178.82,6.47,81.2,139.85,0.6185,297.37,122.27,1.19,55.63,3.89,40.7082,41.15,56.68,NaN,10.37,NaN,5.55,1.91,45.34,391.73,37.46,1.57,22.78,32.36,19.32,19.47,185.48,357.46,359.96,218.71,195.89,233.16,53.49,138.1,139.66
2023-03-15,13.86,152.99,89.68,4.59,96.2,57.61,13.59,13.39,626.04,198.21,23.16,101.03,NaN,NaN,217.26,132.69,30.59,64.47,485.66,NaN,33.23,93.1,NaN,41.47,60.39,NaN,38.04,15.95,96.55,96.11,9.2,26.3784,50.17,43.3276,28.41,4.77,34.48,154.35,125.82,13.72,29.73,NaN,197.75,265.44,227.55,242.28,140.98,174.6,6.96,78.0,141.83,0.5049,298.93,122.94,1.12,54.82,3.92,39.6736,40.48,59.55,NaN,10.34,NaN,5.41,1.85,44.9,389.28,36.93,1.48,23.11,31.97,18.94,18.79,181.92,357.33,357.74,217.78,194.38,233.24,52.1,139.64,139.74
2023-03-16,14.12,155.85,96.6,4.64,100.04,58.75,13.76,13.64,636.5,203.19,23.99,101.02,NaN,NaN,218.71,132.52,30.86,67.78,487.26,NaN,33.71,94.29,NaN,42.01,61.88,NaN,38.12,16.76,101.07,100.32,9.31,25.525,50.15,44.2907,30.18,4.8,34.67,154.03,126.91,13.33,30.48,NaN,204.93,276.2,241.08,255.41,138.89,179.49,6.86,80.5,142.89,0.54,306.81,126.2,1.14,55.47,3.96,40.1538,41.04,57.88,NaN,11.09,NaN,5.45,1.83,45.57,396.11,34.02,1.48,24.94,32.73,19.02,19.0,184.46,367.09,363.86,221.71,197.74,238.98,52.85,138.28,143.66
2023-03-17,13.98,155.0,97.84,4.27,98.95,56.53,13.52,13.31,630.97,201.05,23.76,101.045,NaN,NaN,215.01,130.26,30.42,74.98,487.05,NaN,32.96,93.2,NaN,41.25,61.22,NaN,39.24,16.6,102.46,101.62,9.19,24.7412,50.21,43.81,29.81,4.73,34.06,152.38,125.37,12.5,30.03,NaN,195.61,279.43,267.66,257.25,139.44,177.29,6.54,78.28,142.93,0.526,305.36,125.63,1.07,54.33,3.88,39.24,40.0,56.41,NaN,10.7,NaN,5.46,1.76,45.18,389.99,34.49,1.52,24.57,31.78,18.69,19.14,180.17,366.09,359.88,219.85,195.19,237.56,52.33,139.4,143.46
2023-03-20,13.96,157.4,96.81,4.1,97.71,56.81,13.6,13.36,643.71,204.77,24.05,101.07,NaN,NaN,220.31,131.24,30.29,75.14,489.29,NaN,33.14,94.22,NaN,41.9,61.54,NaN,39.25,16.87,101.93,101.22,8.8,24.6317,50.195,44.1077,29.16,4.61,34.83,153.89,128.48,11.52,30.08,NaN,197.81,272.23,263.96,259.0,143.59,180.55,8.61,79.98,145.13,0.5561,305.97,125.78,1.06,55.27,3.85,39.56,40.52,56.11,NaN,10.66,NaN,5.22,1.59,45.47,393.74,34.17,1.54,24.83,31.93,18.67,19.22,182.63,367.21,363.13,222.14,196.89,238.28,52.85,140.9,143.53
2023-03-21,14.37,159.28,95.93,4.28,100.61,60.71,14.24,13.6201,636.75,204.7,24.51,101.085,NaN,NaN,224.92,129.49,31.71,83.99,490.85,NaN,33.89,96.54,NaN,42.35,62.46,NaN,38.5,17.65,105.84,104.92,9.34,23.599,50.19,43.8282,28.46,4.87,35.24,153.89,128.02,11.35,31.04,NaN,202.16,273.78,273.38,261.99,147.29,180.46,9.19,81.35,144.08,0.55,310.34,127.61,0.97,55.31,3.95,39.99,41.31,59.47,NaN,11.38,NaN,5.57,1.98,45.93,398.91,32.74,1.54,25.88,32.86,18.88,19.41,186.06,371.35,367.88,225.36,199.7,242.12,53.48,140.42,144.69
2023-03-22,13.82,157.83,97.58,4.22,98.7,58.93,13.81,13.38,630.92,196.16,24.23,101.09,NaN,NaN,219.95,126.08,30.75,77.14,487.52,NaN,32.77,94.9,NaN,41.46,61.21,NaN,39.17,23.87,104.22,103.37,8.93,24.7692,50.22,43.7974,28.13,4.65,34.4,151.05,127.41,11.9,30.08,NaN,199.81,272.29,246.86,264.68,146.69,176.62,8.76,78.82,143.99,0.535,306.12,125.85,1.0,54.57,3.85,39.27,40.02,56.26,NaN,11.05,NaN,5.56,1.92,45.31,392.11,33.86,1.52,24.68,31.52,18.41,19.11,181.0,366.84,361.78,222.21,196.13,238.45,53.34,139.52,143.25
2023-03-23,13.63,158.93,100.28,4.13,98.71,57.7,14.19,13.42,639.23,197.9,24.45,101.1352,NaN,NaN,219.44,123.75,30.6,66.3,487.76,NaN,32.14,95.83,NaN,41.33,63.25,NaN,39.66,22.58,106.26,105.6,8.57,24.4515,50.27,44.0406,29.03,4.84,34.11,151.13,127.37,10.6,29.62,NaN,204.28,277.66,263.33,271.91,149.58,182.04,8.61,80.97,143.79,0.5501,309.75,127.41,1.01,54.35,3.85,39.2347,39.82,52.89,NaN,11.39,NaN,5.78,1.96,45.58,393.17,32.69,1.53,25.56,31.18,18.38,18.84,179.51,372.02,362.64,223.4,195.7,240.4,53.55,140.65,145.58
2023-03-24,13.72,160.25,97.95,4.11,98.13,57.54,14.17,13.43,636.17,197.53,24.36,101.155,NaN,NaN,217.01,129.46,30.42,67.83,495.27,NaN,31.59,94.08,NaN,41.53,62.99,NaN,39.21,23.98,106.06,105.44,8.68,24.815,50.26,43.84,29.36,4.88,34.48,152.65,130.48,10.79,29.63,NaN,206.01,280.57,256.67,267.79,152.75,176.55,8.95,77.81,146.72,0.67,310.89,127.86,1.04,55.08,3.93,39.4527,40.14,53.26,NaN,11.56,NaN,5.74,2.1,45.81,395.75,32.34,1.51,25.82,30.75,18.46,18.67,180.94,371.92,363.56,223.78,196.93,241.05,53.41,141.8,145.96
2023-03-27,13.94,158.28,96.61,4.23,98.04,58.95,14.15,13.465,626.84,200.57,24.48,101.17,NaN,NaN,218.0,127.47,30.5,62.54,493.22,NaN,32.13,95.62,NaN,41.94,63.98,NaN,38.85,23.0,103.06,102.46,8.61,25.33,50.22,43.6233,29.18,5.12,34.5,153.3,130.32,10.87,30.15,NaN,202.84,276.38,238.96,265.31,154.7,174.2,8.84,75.67,145.95,0.6826,308.76,127.0,1.04,55.29,3.93,39.7346,40.55,54.86,NaN,11.74,NaN,5.76,2.14,45.83,396.49,33.01,1.53,25.29,30.62,18.43,18.88,182.89,369.59,364.16,223.61,197.43,239.94,53.69,144.17,144.83
2023-03-28,13.98,157.65,94.56,4.25,97.24,59.1,13.97,13.4191,624.7,204.96,24.36,101.185,NaN,NaN,220.16,127.49,30.47,63.04,486.77,NaN,32.47,94.82,NaN,42.01,64.27,NaN,39.16,23.15,101.36,101.03,8.67,25.2152,50.195,43.3145,29.29,4.7,34.66,151.82,131.57,10.44,30.63,NaN,200.68,275.23,248.26,264.1,155.32,173.21,9.0,76.53,146.36,0.61,307.12,126.32,1.03,55.69,3.89,39.7157,40.56,53.85,NaN,11.06,NaN,5.59,2.0,45.87,395.6,33.55,1.57,24.87,30.07,18.33,19.29,183.15,368.0,363.52,222.87,197.15,238.94,53.91,143.61,144.15
2023-03-29,14.35,160.77,96.09,4.47,100.25,60.66,14.98,13.69,625.5,207.97,24.83,101.17,NaN,NaN,223.0,130.97,30.63,65.3,490.87,NaN,33.32,96.87,NaN,42.49,64.81,NaN,38.96,22.46,101.9,101.39,9.1,24.1173,50.22,43.79,31.52,5.13,35.07,153.31,132.48,10.58,31.44,NaN,205.35,280.51,284.03,269.84,156.58,179.0,9.14,79.87,146.81,0.59,312.72,128.64,1.05,56.02,3.96,40.192,41.05,55.21,NaN,10.78,NaN,5.75,2.09,46.52,401.35,31.76,1.61,26.23,30.87,18.66,19.58,185.6,375.52,368.69,225.76,199.99,243.07,54.42,144.23,147.17
2023-03-30,14.47,162.36,97.88,4.77,102.0,61.45,15.0,13.75,633.75,211.04,25.03,101.22,NaN,NaN,224.54,132.53,30.25,64.16,491.48,NaN,34.11,98.1,NaN,42.52,65.81,NaN,39.32,22.5,101.32,100.89,9.46,24.0814,50.23,44.1301,32.09,5.08,35.24,153.43,133.01,10.72,31.82,NaN,207.84,284.05,279.23,273.83,158.09,181.62,8.97,81.83,147.45,0.5615,315.68,129.84,1.02,56.39,3.95,40.4091,41.11,52.47,NaN,10.91,NaN,5.72,1.97,46.81,403.7,30.88,1.61,26.94,31.19,18.89,19.94,185.86,379.31,370.89,227.07,201.07,245.02,55.02,145.67,148.88
2023-03-31,14.75,164.9,98.01,4.91,103.29,63.16,15.75,14.0,641.54,212.43,25.5,101.22,NaN,NaN,228.84,133.84,31.06,67.57,496.87,NaN,34.92,100.13,NaN,43.26,66.46,NaN,39.11,23.02,104.0,103.73,9.71,23.505,50.25,44.41,32.67,6.15,36.06,155.0,134.22,10.8,32.54,NaN,211.94,288.3,292.32,277.77,159.14,186.475,9.04,82.32,148.69,0.7,320.93,132.01,1.04,57.44,4.04,40.82,41.93,52.38,NaN,11.21,NaN,6.07,2.76,47.32,409.39,29.36,1.66,28.26,31.7,19.08,19.93,189.56,385.47,376.07,230.48,204.1,249.44,55.21,147.45,151.01
2023-04-03,14.42,166.17,96.56,4.68,102.41,62.4,15.83,13.92,642.47,215.39,25.46,101.23,NaN,NaN,229.87,132.22,30.45,63.61,497.03,NaN,34.39,99.76,NaN,43.46,66.31,NaN,39.41,23.17,104.91,104.36,9.76,23.4809,50.1,44.88,32.89,6.15,35.96,156.85,135.01,10.55,31.69,NaN,213.07,287.23,297.39,279.65,159.6,181.98,8.67,81.14,149.51,0.5866,320.15,131.66,1.02,57.68,4.04,41.0528,41.91,51.57,NaN,11.24,NaN,6.03,3.21,47.73,410.95,29.56,1.71,28.06,31.46,19.1,19.99,189.47,384.96,377.56,232.05,204.64,249.21,55.61,148.69,150.77
2023-04-04,NaN,NaN,NaN,NaN,NaN,NaN,NaN,NaN,NaN,NaN,NaN,NaN,NaN,NaN,NaN,NaN,NaN,NaN,NaN,NaN,NaN,NaN,NaN,NaN,NaN,NaN,NaN,NaN,NaN,NaN,NaN,NaN,NaN,NaN,NaN,NaN,NaN,NaN,NaN,NaN,NaN,NaN,NaN,NaN,NaN,NaN,NaN,NaN,NaN,NaN,NaN,NaN,NaN,NaN,NaN,NaN,NaN,NaN,NaN,NaN,NaN,NaN,NaN,NaN,NaN,NaN,NaN,NaN,NaN,NaN,NaN,NaN,NaN,NaN,NaN,NaN,NaN,NaN,NaN,NaN,NaN,NaN
2023-04-05,13.89,163.76,92.56,3.97,101.1,61.4,15.7,13.595,629.01,210.0,24.59,101.3,NaN,NaN,213.53,133.72,29.2,60.78,497.13,NaN,33.46,99.91,NaN,42.7,65.15,NaN,40.1,22.07,104.95,104.47,9.75,24.13,50.18,45.045,32.83,6.66,35.47,165.61,135.66,10.14,31.58,NaN,211.48,284.34,290.84,268.81,157.9,173.02,8.76,76.54,151.26,0.63,315.92,129.88,1.0,57.03,3.67,39.8998,40.77,48.87,NaN,10.39,NaN,5.74,2.46,47.35,407.6,30.84,1.66,26.89,31.12,18.59,19.05,184.74,377.92,374.52,230.14,202.53,245.81,55.19,149.67,148.23
2023-04-06,14.01,164.66,92.47,4.0,102.06,60.87,15.72,13.59,622.64,211.37,24.5,101.31,NaN,NaN,209.17,134.42,29.22,61.44,485.98,NaN,33.69,99.97,NaN,42.61,65.52,NaN,39.83,22.4,108.9,108.42,10.01,24.09,50.185,45.1,32.81,6.81,35.78,165.15,136.49,10.9,31.59,NaN,216.1,291.6,290.1,270.37,159.36,170.1,8.81,75.34,152.22,0.6301,318.05,130.81,0.98,56.95,3.77,39.8546,40.82,49.35,NaN,10.56,NaN,5.75,2.83,47.31,409.19,30.21,1.67,27.43,31.18,18.68,19.07,184.8,379.88,375.95,231.26,203.2,247.35,55.38,150.8,149.07
2023-04-10,14.15,162.03,95.48,4.13,102.17,61.85,15.86,13.76,627.39,210.78,24.69,101.325,NaN,NaN,215.53,134.02,29.59,66.13,493.83,NaN,33.97,100.81,NaN,43.05,66.91,NaN,39.53,22.37,106.95,106.44,9.98,23.2634,50.16,45.0098,32.52,6.85,35.89,164.32,135.57,10.68,32.17,NaN,214.75,289.39,312.78,275.79,158.91,172.41,8.79,77.7,150.96,0.68,317.87,130.72,0.99,58.0,4.0,40.3463,41.26,51.72,NaN,10.36,NaN,5.91,3.07,47.37,409.61,30.29,1.63,27.37,31.74,18.97,19.14,186.87,379.66,376.36,231.15,203.66,247.1,55.42,150.51,148.99
2023-04-11,14.32,160.8,94.03,4.26,99.92,63.13,15.96,13.75,621.57,212.32,24.73,101.3443,NaN,NaN,220.6,134.51,30.11,70.19,498.65,NaN,34.58,100.42,NaN,43.37,67.0,NaN,39.78,22.69,106.12,105.35,9.96,22.4019,50.175,45.2299,32.35,6.78,36.54,164.27,135.99,10.84,32.71,NaN,213.85,282.83,332.35,271.69,158.37,171.88,9.06,77.22,150.66,0.6365,315.83,129.87,0.9699,58.94,4.07,40.3851,41.56,51.71,NaN,10.56,NaN,5.97,2.87,47.42,409.72,30.88,1.68,26.84,31.12,18.98,19.47,188.47,376.84,376.41,230.76,203.87,246.1,55.67,150.07,147.59
2023-04-12,13.0,160.1,92.33,4.07,97.83,62.58,16.16,13.63,616.7,212.34,24.64,101.36,NaN,NaN,220.5,133.75,29.73,67.84,489.35,NaN,33.74,97.94,NaN,43.22,67.19,NaN,39.98,22.26,105.22,104.64,10.01,22.6649,50.19,45.5298,32.02,6.59,36.47,163.92,136.73,10.96,32.24,NaN,214.0,283.49,322.83,264.95,163.52,170.22,8.9,76.46,151.07,0.6499,313.04,128.71,0.9613,58.33,3.96,40.3462,41.3,51.92,NaN,10.62,NaN,5.82,2.82,47.27,408.05,31.69,1.68,26.13,30.59,18.7549,19.5,187.21,374.58,374.91,229.76,203.01,244.59,55.82,149.34,146.75
2023-04-13,12.95,165.56,92.09,4.28,102.4,64.8,16.36,13.7653,624.24,213.59,25.05,101.38,NaN,NaN,221.67,133.93,30.72,68.95,497.89,NaN,33.37,100.84,NaN,43.47,68.39,NaN,40.5,22.55,108.19,107.43,10.07,21.5776,50.21,45.93,32.13,6.82,36.4,166.11,137.46,10.46,32.21,NaN,220.35,289.84,340.72,264.63,167.64,171.92,8.98,77.59,151.77,0.67,319.17,131.3,0.9655,58.57,4.11,40.7417,41.77,51.49,NaN,10.74,NaN,5.86,2.68,47.9,413.47,29.9,1.76,27.63,31.44,18.99,20.08,189.06,381.83,379.77,233.5,205.65,249.53,56.55,149.49,149.48
2023-04-14,12.79,165.21,91.75,4.23,102.51,65.01,16.47,13.55,619.54,201.71,24.89,101.4052,NaN,NaN,223.68,129.27,30.45,69.91,491.3,NaN,33.77,99.9,NaN,43.39,68.07,NaN,39.79,22.46,109.46,108.87,10.0,21.6319,50.2,45.7396,31.89,6.71,35.91,165.84,137.33,10.13,31.67,NaN,221.49,286.14,333.75,267.58,168.6,172.35,8.68,77.92,151.0,0.64,318.57,131.04,0.9627,57.99,4.02,40.3085,41.42,50.77,NaN,10.69,NaN,5.92,2.64,47.79,412.46,30.07,1.75,27.47,31.48,18.74,19.86,187.84,380.37,378.99,232.87,205.08,248.88,56.32,148.48,148.65
2023-04-17,13.1,165.23,89.87,4.47,102.74,65.25,16.34,13.5852,627.36,205.03,24.98,101.405,NaN,NaN,225.24,132.18,30.81,67.72,493.94,NaN,34.59,100.3,NaN,43.57,67.71,NaN,39.63,22.28,106.42,105.97,9.88,21.9723,50.19,45.93,32.14,6.55,36.34,165.67,138.63,10.45,32.31,NaN,218.86,288.8,313.03,270.02,171.07,174.51,9.1,78.41,151.05,0.59,318.84,131.14,0.93,58.71,4.14,40.7249,41.88,52.77,NaN,10.88,NaN,5.96,2.93,47.76,413.94,30.03,1.71,27.5,32.08,18.95,19.72,189.51,381.75,380.28,232.8,205.9,249.33,56.32,149.52,149.19
2023-04-18,13.29,166.47,89.78,4.25,102.3,65.34,16.6,13.54,632.32,208.37,25.1,101.39,NaN,NaN,225.2,132.4,31.08,67.26,496.9,NaN,35.36,100.93,NaN,43.7071,67.82,NaN,39.79,21.61,105.12,104.5,9.84,21.91,50.195,45.69,31.83,6.4,36.49,161.01,138.73,10.4,32.06,NaN,217.89,288.37,329.85,276.67,169.78,175.78,9.03,79.21,151.21,0.645,318.86,131.11,0.9171,57.56,4.08,40.8117,41.73,54.0,NaN,11.04,NaN,5.98,3.07,47.81,414.21,30.02,1.79,27.52,31.73,18.79,19.66,189.28,382.83,380.54,233.05,206.0,249.58,56.5,149.85,149.65
2023-04-19,13.63,167.63,89.94,4.165,104.3,65.8,16.77,13.4946,634.5,208.71,25.12,101.42,NaN,NaN,224.65,133.55,31.49,64.44,496.03,NaN,35.93,98.75,NaN,43.5,67.32,NaN,39.59,21.31,105.02,104.18,9.82,21.91,50.195,45.66,31.15,6.28,36.57,162.53,138.4,11.15,32.45,NaN,215.7,288.45,314.72,279.31,165.03,172.79,9.28,76.92,151.24,0.6465,318.71,131.11,0.9295,57.13,4.0,40.6642,41.86,55.55,NaN,10.98,NaN,6.08,2.76,47.76,414.14,30.07,1.75,27.46,32.04,18.795,19.45,189.61,382.03,380.52,232.94,206.1,249.78,56.16,150.01,149.22
2023-04-20,13.32,166.65,90.11,4.04,103.81,64.29,16.49,13.505,633.02,207.23,25.0,101.46,NaN,NaN,222.27,126.93,30.35,60.5,505.58,NaN,34.64,98.07,NaN,43.48,66.9,NaN,39.76,20.22,105.9,105.29,9.73,21.91,50.215,45.69,30.86,6.1,36.55,163.58,139.14,10.09,32.21,NaN,213.07,286.11,294.71,271.04,165.37,169.62,9.13,74.26,150.85,0.65,316.28,130.07,0.92,57.32,3.95,40.7652,41.61,54.0,NaN,10.14,NaN,5.92,2.58,47.69,411.88,30.81,1.71,26.82,31.5,18.6638,19.31,188.64,379.29,378.37,231.72,204.82,248.2,56.15,150.97,148.24
2023-04-21,13.4,165.02,88.43,4.04,106.96,63.54,16.43,13.5693,632.9,205.15,25.2,101.4797,NaN,NaN,220.27,125.97,30.23,59.04,506.35,NaN,34.33,99.57,NaN,43.5503,66.78,NaN,39.35,20.49,105.91,105.41,9.64,21.93,50.23,45.7,30.3,6.25,36.04,162.69,141.57,8.81,32.15,NaN,212.89,285.76,291.02,271.19,172.65,169.82,9.02,73.74,156.07,0.6295,316.61,130.19,0.8985,57.51,4.0,40.6835,41.65,53.8,NaN,10.01,NaN,5.94,2.43,47.71,412.2,30.73,1.66,26.87,30.83,18.8,19.18,188.76,378.17,378.59,231.79,205.0,248.53,56.16,151.73,147.76
2023-04-24,13.32,165.33,87.57,4.07,106.21,63.3,15.86,13.53,634.54,205.77,25.11,101.5,NaN,NaN,223.43,124.48,30.15,54.75,511.42,NaN,34.12,99.68,NaN,43.65,66.25,NaN,39.48,19.93,106.78,105.97,9.4,21.925,50.245,46.15,29.66,5.84,36.38,163.68,142.43,8.88,32.16,NaN,212.79,281.77,285.33,270.42,170.48,169.89,9.15,74.38,156.35,0.6,315.95,129.95,0.8997,57.9,3.92,40.66,41.59,53.12,NaN,10.22,NaN,5.83,2.45,47.81,412.63,30.93,1.69,26.71,30.68,18.73,19.16,188.47,376.53,379.09,232.14,205.08,248.21,56.24,152.76,147.11
2023-04-25,12.84,163.77,83.8,3.96,102.57,61.63,15.44,13.2352,622.02,202.19,24.62,101.5199,NaN,NaN,218.63,122.23,29.28,55.55,503.17,NaN,33.11,98.01,NaN,42.89,63.17,NaN,39.68,19.0,104.61,103.85,9.09,21.925,50.28,45.95,28.88,5.51,34.69,165.18,144.67,7.25,31.29,NaN,207.55,275.42,290.91,262.41,168.58,164.5,8.95,70.35,156.39,0.5501,309.99,127.48,0.8222,58.03,3.81,40.003,40.61,51.03,NaN,10.16,NaN,5.75,2.26,47.04,406.08,32.69,1.62,25.2,29.59,18.21,19.23,184.36,368.4,373.1,228.58,201.66,243.06,55.35,151.57,143.97
2023-04-26,12.74,163.76,85.94,3.99,104.98,61.38,15.94,13.07,616.19,203.03,24.53,101.55,NaN,NaN,216.19,120.14,28.98,53.89,494.66,NaN,32.75,96.61,NaN,42.5,63.4,NaN,39.46,18.65,104.45,103.71,8.82,21.93,50.3,46.41,29.05,5.4,34.56,162.62,143.61,9.59,30.9,NaN,209.4,295.37,299.46,269.56,164.99,165.35,9.01,71.95,154.58,0.5651,311.87,128.23,0.85,57.5,3.77,39.3732,40.25,50.6,NaN,9.88,NaN,5.67,2.35,46.8,404.36,32.15,1.63,25.62,29.68,18.0,19.23,182.77,373.3,371.44,227.98,200.75,244.25,55.42,150.91,146.11
2023-04-27,12.88,168.41,87.44,4.07,109.82,62.69,17.03,13.265,618.41,206.04,25.0,101.555,NaN,NaN,214.33,122.97,29.7,54.17,501.27,NaN,33.33,99.93,NaN,43.21,63.06,NaN,39.45,18.94,108.37,107.59,8.82,21.93,50.29,46.88,29.86,5.55,33.01,163.0,146.38,8.3,29.88,NaN,238.56,304.83,318.64,272.26,166.02,161.19,9.19,69.98,156.47,0.555,320.35,131.74,0.873,57.37,3.9,40.0296,40.79,51.73,NaN,10.5,NaN,6.06,2.54,47.62,412.41,29.56,1.66,27.69,29.7,18.39,19.59,185.49,380.37,378.81,231.82,204.52,250.1,56.13,151.38,149.21
2023-04-28,13.64,169.68,89.37,4.05,105.45,63.39,17.0,13.42,626.5,206.78,24.91,101.57,NaN,NaN,218.8,123.09,30.33,53.79,503.22,NaN,34.31,102.5,NaN,43.62,63.05,NaN,39.49,19.29,108.22,107.34,8.85,21.93,50.32,47.2347,31.06,5.51,33.11,163.7,144.89,7.75,30.29,NaN,240.32,307.26,328.38,277.49,167.09,163.74,10.69,71.96,156.38,0.5652,322.56,132.68,0.885,57.56,3.92,40.2982,41.18,52.24,NaN,8.71,NaN,6.23,2.66,48.11,415.93,28.96,1.65,28.25,31.05,18.6,20.0,187.31,384.36,382.05,233.85,206.3,252.03,56.25,150.97,150.83
2023-05-01,13.89,169.59,89.69,4.02,102.05,63.72,16.87,13.42,637.95,203.87,25.12,101.585,NaN,NaN,217.27,122.04,30.46,50.14,493.59,NaN,34.72,102.21,NaN,43.63,62.81,NaN,39.3,18.55,107.71,107.2,8.82,21.93,50.14,47.3492,30.3,5.49,33.24,163.6,145.85,7.31,30.59,NaN,243.18,305.56,307.47,289.1,167.42,166.01,10.71,78.33,156.57,0.6708,322.19,132.48,0.8503,57.94,3.88,40.5208,41.19,51.81,NaN,8.73,NaN,5.47,2.57,48.16,415.51,29.05,1.67,28.17,32.74,18.58,19.72,187.39,384.76,381.79,233.88,206.2,251.67,56.14,151.59,150.92
2023-05-02,13.77,168.54,89.91,3.99,103.63,61.26,16.26,13.27,612.34,203.25,24.78,101.61,NaN,NaN,215.15,118.52,29.2,51.32,494.81,NaN,34.53,100.6,NaN,43.11,61.44,NaN,40.07,18.58,105.98,105.32,8.46,0.0,50.2,47.1511,29.77,5.31,32.32,165.03,145.88,7.35,29.96,NaN,239.24,305.41,328.01,282.1,167.2,171.51,10.13,79.17,156.43,0.62,319.38,131.31,0.8432,57.46,3.77,40.06,40.38,50.1,NaN,8.31,NaN,4.905,2.38,47.47,410.84,29.81,1.64,27.42,36.52,18.25,19.27,184.0,380.45,377.51,231.34,203.68,249.5,55.55,151.18,149.51
2023-05-03,13.79,167.45,81.62,3.92,103.65,60.93,16.45,13.26,613.2,200.93,24.86,101.615,NaN,NaN,215.64,117.86,29.75,48.49,490.06,NaN,34.13,100.86,NaN,42.9652,60.49,NaN,40.39,18.9,106.12,105.41,8.38,0.0,50.2,47.2369,30.65,5.41,32.3,162.87,145.58,7.28,30.79,NaN,237.03,304.4,304.25,278.02,167.77,167.56,9.79,78.58,156.23,0.646,317.29,130.5,0.841,57.88,3.91,39.9547,40.43,48.03,NaN,8.07,NaN,4.85,2.33,47.2,408.02,30.42,1.61,26.88,37.84,18.4,19.29,183.93,377.76,374.88,229.94,202.49,248.18,55.62,150.62,148.25
2023-05-04,13.51,165.79,86.61,3.7,104.0,58.04,16.62,13.24,610.16,197.05,24.92,101.63,NaN,NaN,210.38,117.6,25.72,49.22,490.34,NaN,33.08,97.45,NaN,42.51,61.18,NaN,40.67,19.35,105.21,104.69,8.48,NaN,50.205,47.25,31.24,5.57,31.79,162.13,144.41,7.3,29.29,NaN,233.52,305.41,312.235,275.62,160.43,163.79,9.5,77.83,155.51,0.6306,316.17,130.1,0.8435,53.43,3.88,39.7041,39.91,47.37,NaN,7.91,NaN,4.895,2.45,46.83,405.13,30.78,1.43,26.58,37.49,18.33,19.41,181.26,376.23,372.14,228.57,200.98,246.95,55.72,150.47,147.54
2023-05-05,13.87,173.57,89.84,3.9,105.655,60.53,17.16,13.41,630.12,198.34,25.3,101.6552,NaN,NaN,215.09,118.5,26.7,58.24,499.06,NaN,33.94,100.52,NaN,43.04,64.59,NaN,40.05,20.42,106.215,105.57,8.85,NaN,50.195,47.795,30.99,5.9,32.35,162.68,145.18,7.02,29.66,NaN,232.78,310.65,326.72,286.8,163.24,166.82,10.06,81.22,156.03,0.6874,322.89,132.83,0.8732,54.09,3.85,40.2688,40.86,49.24,NaN,8.23,NaN,5.16,2.66,47.64,412.63,28.84,1.51,28.21,37.75,18.64,20.13,185.4,386.18,378.97,233.26,204.69,252.09,56.52,151.77,151.24
2023-05-08,14.36,173.5,95.04,3.9,105.83,61.83,17.62,13.345,629.06,197.26,25.32,101.67,NaN,NaN,214.79,116.37,26.12,58.1,499.06,NaN,34.2,102.97,NaN,42.97,66.08,NaN,40.1,20.51,108.24,107.77,8.91,NaN,50.19,48.1405,30.77,6.15,32.38,162.31,144.74,7.06,29.59,NaN,233.27,308.65,294.67,291.51,168.44,168.05,9.97,80.52,155.3,0.66,323.69,133.18,0.9028,53.65,3.85,40.2394,40.78,47.63,NaN,8.42,NaN,5.47,2.72,47.54,412.74,28.64,1.52,28.44,38.83,18.61,20.27,185.11,386.59,379.18,233.64,204.91,252.81,56.56,152.72,151.16
2023-05-09,NaN,NaN,NaN,NaN,NaN,NaN,NaN,NaN,NaN,NaN,NaN,NaN,NaN,NaN,NaN,NaN,NaN,NaN,NaN,NaN,NaN,NaN,NaN,NaN,NaN,NaN,NaN,NaN,NaN,NaN,NaN,NaN,NaN,NaN,NaN,NaN,NaN,NaN,NaN,NaN,NaN,NaN,NaN,NaN,NaN,NaN,NaN,NaN,NaN,NaN,NaN,NaN,NaN,NaN,NaN,NaN,NaN,NaN,NaN,NaN,NaN,NaN,NaN,NaN,NaN,NaN,NaN,NaN,NaN,NaN,NaN,NaN,NaN,NaN,NaN,NaN,NaN,NaN,NaN,NaN,NaN,NaN
2023-05-10,14.34,173.555,97.02,4.34,110.19,63.64,17.81,13.515,626.27,200.84,25.57,101.71,NaN,NaN,213.17,118.95,26.0,62.64,499.66,NaN,33.8,101.14,NaN,42.895,67.01,NaN,40.31,20.76,112.28,111.75,9.07,NaN,50.205,48.4882,29.97,6.95,31.89,161.65,143.41,7.6,29.24,NaN,233.08,312.31,315.11,288.85,169.41,165.2,9.91,79.87,154.03,0.65,325.14,133.72,1.09,53.64,4.12,40.589,40.78,47.55,NaN,8.7,NaN,5.48,2.55,47.47,412.85,28.27,1.52,28.79,38.79,18.66,20.97,185.04,387.96,379.19,233.97,204.97,254.3,56.26,152.55,151.83
2023-05-11,14.07,173.75,97.1,4.41,112.18,63.72,22.0,13.4758,627.67,201.84,25.48,101.76,NaN,NaN,210.03,116.69,26.415,60.35,501.89,NaN,33.22,92.31,NaN,42.63,67.5,NaN,39.98,20.88,116.9,116.57,9.65,NaN,50.23,48.3214,28.86,7.02,31.69,160.99,143.68,8.25,28.97,NaN,235.79,310.11,287.37,285.78,168.99,163.35,9.75,80.32,154.39,0.6061,326.2,134.18,1.1,53.76,4.1,40.2668,40.45,47.73,NaN,8.75,NaN,5.14,2.57,47.33,412.13,28.04,1.45,29.03,38.42,18.59,20.28,183.92,386.32,378.66,234.14,204.7,254.49,56.02,153.12,151.15
2023-05-12,14.02,172.57,95.26,4.27,110.26,62.51,21.51,13.392,631.15,200.7,25.36,101.77,NaN,NaN,209.54,116.69,27.03,57.34,504.07,NaN,33.23,91.99,NaN,42.79,67.77,NaN,39.9,20.69,117.92,117.51,8.74,NaN,50.22,48.359,28.95,6.35,31.76,160.78,144.65,8.15,28.63,NaN,233.81,308.97,271.0,283.4,171.27,164.55,10.09,81.34,155.96,0.61,325.03,133.65,1.08,54.01,4.12,40.1273,40.37,48.94,NaN,8.55,NaN,5.02,2.48,47.36,411.59,28.34,1.43,28.73,38.45,18.54,20.32,183.75,385.55,378.15,234.02,204.22,253.66,55.77,153.07,150.95
2023-05-15,14.28,172.07,97.4,4.33,111.2,63.18,22.63,13.55,639.8,202.77,25.73,101.7799,NaN,NaN,211.29,113.9,26.78,60.77,502.04,NaN,33.72,92.86,NaN,42.9781,68.56,NaN,39.99,21.62,116.96,116.51,8.65,NaN,50.23,48.727,29.8,7.34,31.82,159.55,143.85,7.36,29.05,NaN,238.86,309.46,282.5,289.53,169.43,167.93,10.31,82.39,156.01,0.605,326.79,134.43,1.06,53.48,4.34,40.5794,40.87,50.94,NaN,8.7,NaN,4.77,2.6,47.67,413.01,27.9,1.47,29.17,38.14,18.78,20.34,185.87,388.8,379.46,234.21,205.09,254.64,56.36,151.88,152.2
2023-05-16,14.2,172.07,101.48,4.48,113.4,62.04,22.88,13.465,641.44,200.87,25.65,101.775,NaN,NaN,207.2,111.45,26.3,57.88,496.15,NaN,33.82,90.98,NaN,42.25,68.31,NaN,39.49,21.99,120.09,119.51,8.35,NaN,50.22,48.3605,29.22,7.99,31.48,159.34,144.66,7.9,28.54,NaN,238.82,311.74,273.44,292.13,167.66,165.89,10.18,83.04,155.74,0.6,327.16,134.56,0.9303,53.24,4.28,40.2834,40.22,50.09,NaN,8.61,NaN,4.76,2.42,47.24,410.25,27.81,1.41,29.28,37.44,18.61,19.83,182.99,388.54,376.95,233.38,203.5,254.26,55.83,149.78,152.36
2023-05-17,14.91,172.69,103.75,4.61,115.5,63.42,24.38,13.7,657.47,206.87,25.9,101.791,NaN,NaN,212.1,114.45,27.05,61.04,495.0,NaN,35.93,92.77,NaN,42.67,68.43,NaN,39.36,22.87,121.48,120.84,8.46,NaN,50.225,48.3793,28.87,8.96,32.1,158.99,144.85,7.8,29.88,NaN,242.485,314.0,290.57,301.78,167.1,171.25,11.2,85.63,155.08,0.627,331.12,136.15,0.9603,53.65,4.5,40.9733,41.06,51.82,NaN,9.37,NaN,4.96,2.66,47.72,415.23,26.81,1.41,30.33,37.84,18.96,20.02,186.41,394.23,381.45,235.88,206.14,257.43,56.12,149.53,154.39
2023-05-18,15.05,175.05,107.93,4.49,118.15,63.74,25.08,13.89,677.9,207.24,26.43,101.82,NaN,NaN,214.72,113.99,27.33,60.26,498.1,NaN,35.89,93.76,NaN,43.2345,68.14,NaN,38.85,23.05,123.52,122.83,8.62,NaN,50.22,47.91,29.68,9.09,32.03,158.48,143.8,7.76,29.96,NaN,246.85,318.52,287.58,316.78,168.55,175.64,11.0,86.49,152.53,0.61,337.27,138.71,0.9799,53.79,4.65,41.2829,41.38,51.75,NaN,9.69,NaN,5.07,2.83,48.15,419.23,25.38,1.39,31.96,39.25,19.15,20.06,188.14,401.97,385.18,238.33,208.19,261.52,55.94,151.47,157.55
2023-05-19,14.82,175.16,105.82,4.19,116.25,63.85,25.12,13.795,682.25,205.49,26.58,101.785,NaN,NaN,214.78,113.08,27.3,56.78,496.52,NaN,35.59,91.35,NaN,43.01,69.63,NaN,39.23,22.06,123.25,122.76,8.47,NaN,50.21,47.7836,29.93,8.88,31.96,158.91,145.03,7.16,29.48,NaN,245.64,318.34,288.28,312.64,170.54,174.96,10.92,84.36,153.17,0.62,336.51,138.38,0.9699,54.03,4.67,41.1346,41.04,51.67,NaN,9.72,NaN,4.93,2.73,48.15,418.62,25.56,1.37,31.74,39.18,19.03,20.11,186.64,401.24,384.57,238.3,207.69,260.74,56.13,149.91,157.48
2023-05-22,14.38,174.2,108.0,4.26,115.01,66.0,25.09,14.07,678.37,205.91,26.84,101.835,NaN,NaN,214.26,115.06,27.89,61.07,491.87,NaN,35.46,91.82,NaN,42.99,69.52,NaN,39.15,24.21,125.87,125.05,8.76,NaN,50.23,47.9482,30.28,10.86,31.73,156.87,140.7,7.37,29.32,NaN,248.32,321.18,294.12,311.76,170.52,177.37,10.9,85.24,149.16,0.625,337.64,138.94,0.9502,54.14,4.95,41.9259,41.52,51.97,NaN,9.76,NaN,5.26,3.15,47.92,418.79,25.3,1.4,32.07,39.17,19.52,20.7,188.27,402.27,384.78,238.33,208.05,261.44,56.3,148.59,157.78
2023-05-23,14.07,171.56,108.12,4.28,114.99,64.32,24.81,13.82,686.5,202.6,26.22,101.835,NaN,NaN,212.71,112.96,27.87,59.1,484.87,NaN,35.91,89.82,NaN,42.45,68.09,NaN,39.19,23.16,123.29,122.56,8.68,NaN,50.245,48.02,29.51,10.83,31.96,156.81,138.57,7.31,29.48,NaN,246.74,315.26,289.33,306.88,163.48,175.06,10.69,82.54,147.55,0.605,333.36,137.1,0.941,54.06,4.52,41.1607,41.22,52.79,NaN,9.8,NaN,5.29,2.93,47.43,414.09,26.27,1.31,30.83,38.66,19.195,20.44,186.71,396.14,380.48,235.58,205.85,257.4,55.48,148.31,155.45
2023-05-24,13.8,171.84,108.27,4.19,116.75,62.97,24.43,13.63,679.53,199.27,26.14,101.87,NaN,NaN,209.7,110.92,27.59,58.36,482.76,NaN,34.93,89.07,NaN,42.07,66.59,NaN,38.88,23.27,121.64,120.9,8.6,NaN,50.24,48.2138,29.0,10.24,31.46,156.66,137.65,7.16,28.94,NaN,249.21,313.85,284.43,305.38,161.78,166.52,10.56,79.79,146.33,0.6,331.65,136.43,0.9506,53.38,4.63,40.5646,40.8,52.08,NaN,9.8,NaN,5.31,2.98,47.15,411.09,26.67,1.26,30.33,37.96,18.87,20.08,184.58,393.69,377.63,234.17,204.26,255.99,54.82,147.63,154.31
2023-05-25,14.38,172.99,120.35,3.99,115.0,64.23,24.05,13.325,728.8,200.87,26.93,101.895,NaN,NaN,209.98,112.26,27.68,56.87,486.55,NaN,35.75,88.14,NaN,42.17,67.17,NaN,38.51,23.35,124.35,123.48,8.6,NaN,50.22,48.7416,27.4,9.35,30.61,154.41,137.04,7.12,29.24,NaN,252.69,325.92,280.99,379.8,162.44,171.34,10.37,82.0,145.39,0.5391,339.72,139.72,0.93,52.65,4.59,40.3118,40.55,54.24,NaN,9.78,NaN,5.21,2.98,47.47,414.65,24.8,1.25,32.52,37.95,18.74,19.76,183.92,407.71,380.92,237.81,205.65,260.77,54.68,146.16,160.23
2023-05-26,14.35,175.43,127.03,4.01,120.11,65.42,24.05,13.555,812.73,203.63,27.39,101.89,NaN,NaN,211.8,111.76,27.95,56.92,507.26,NaN,35.89,88.29,NaN,42.5,67.77,NaN,38.66,23.25,125.43,124.61,8.82,NaN,50.2,49.4073,29.0,10.0,30.62,154.35,136.3,6.75,29.65,NaN,262.04,332.89,285.1,389.46,162.97,181.18,10.48,86.62,145.4,0.4884,348.4,143.31,0.9208,52.57,4.45,40.5475,41.01,53.67,NaN,10.28,NaN,5.41,2.86,48.2,420.02,22.91,1.24,34.98,38.45,18.674,19.75,185.82,418.53,385.87,240.96,208.36,265.68,55.32,146.42,164.78
2023-05-30,14.62,177.3,125.27,4.24,121.66,66.78,24.23,13.65,803.34,204.69,27.78,101.905,NaN,NaN,209.9,112.21,28.15,61.17,508.03,NaN,36.28,87.82,NaN,42.44,68.54,NaN,38.91,24.57,124.64,123.67,8.92,NaN,50.27,49.14,29.99,10.99,30.14,154.37,133.57,6.79,29.8,NaN,262.52,331.21,299.27,401.11,159.81,182.07,10.56,83.97,143.18,0.4602,349.98,143.93,0.901,52.25,4.59,40.6051,40.94,53.84,NaN,10.22,NaN,6.03,3.12,48.04,420.18,22.59,1.22,35.47,37.56,18.81,19.28,185.7,420.72,385.99,241.09,208.43,266.63,54.8,146.06,165.66
2023-05-31,14.78,177.25,118.21,4.69,120.58,66.85,25.01,13.6299,807.96,205.7,27.28,101.94,NaN,NaN,205.75,113.21,27.41,62.2,511.56,NaN,36.33,87.96,NaN,41.81,68.33,NaN,38.95,24.05,123.37,122.87,8.92,NaN,50.31,49.51,31.44,10.79,29.44,155.06,134.28,6.86,29.87,NaN,264.72,328.39,301.63,378.34,160.46,179.1,10.28,83.6,142.5,0.4636,347.99,143.09,0.92,51.56,4.58,40.1204,40.48,52.69,NaN,10.2,NaN,6.94,3.05,47.72,417.85,23.06,1.23,34.75,37.93,18.62,19.89,183.62,416.88,383.89,239.96,207.18,265.06,54.28,146.87,164.28
2023-06-01,14.7,180.09,119.47,5.32,122.77,68.0,24.83,13.82,789.95,207.96,27.82,101.975,NaN,NaN,209.07,112.16,28.09,63.57,512.6,NaN,36.38,88.59,NaN,42.03,68.64,NaN,39.25,24.1,124.37,123.72,9.02,NaN,50.13,50.06,31.13,10.72,29.17,154.54,133.93,7.32,29.11,NaN,272.61,332.58,299.94,397.7,157.98,181.0,10.56,87.95,143.96,0.5019,352.01,144.79,0.9504,51.54,4.74,40.6759,40.89,52.7,NaN,10.33,NaN,6.82,2.94,48.17,421.82,22.22,1.31,36.01,38.48,18.88,21.1,185.42,421.18,387.57,242.39,209.25,268.3,55.13,147.41,165.95
2023-06-02,14.87,180.95,117.86,6.08,124.25,69.7,24.81,14.12,812.0,213.32,28.22,102.01,NaN,NaN,226.63,114.0,28.79,64.55,512.59,NaN,37.01,90.77,NaN,43.02,68.13,NaN,38.68,24.64,125.23,124.67,9.34,NaN,50.08,50.51,31.31,9.22,30.38,156.97,136.09,7.31,30.07,NaN,272.61,335.4,302.13,393.27,157.14,181.6,10.78,86.83,146.52,0.4858,354.65,145.91,0.9718,52.85,4.9,41.829,42.27,54.37,NaN,10.41,NaN,7.03,2.9,48.91,427.92,21.74,1.4,36.82,39.73,19.38,21.31,191.21,424.1,393.26,245.29,212.71,271.31,55.94,148.82,166.9
2023-06-05,14.81,179.58,117.93,6.5,125.3,70.5,25.6,14.115,802.3,208.78,28.44,102.005,NaN,NaN,222.47,112.8,28.44,58.705,518.25,NaN,37.1,91.0,NaN,42.82,71.27,NaN,38.91,24.31,126.63,126.01,9.03,NaN,50.11,50.3771,29.86,9.84,30.28,158.32,136.62,7.5,30.0,NaN,271.39,335.94,276.36,391.71,157.85,176.56,10.57,85.63,145.94,0.4999,354.9,145.96,0.9563,50.83,4.9,41.3124,41.76,54.41,NaN,10.51,NaN,7.25,2.69,48.69,427.1,21.7,1.4,36.9,40.42,19.11,21.62,189.42,421.83,392.5,245.06,212.15,270.91,55.69,149.8,165.94
2023-06-06,14.93,179.21,124.23,6.67,126.61,70.93,23.3,14.425,790.0,207.29,28.68,102.025,NaN,NaN,226.68,112.99,29.21,51.61,516.26,NaN,37.64,92.16,NaN,43.15,69.54,NaN,38.96,24.69,127.91,127.31,9.12,NaN,50.135,50.4,30.96,9.81,30.83,158.18,135.62,7.95,30.39,NaN,271.12,333.68,298.82,386.54,160.76,181.26,10.87,88.48,144.49,0.4802,354.84,145.96,0.9393,52.35,5.18,41.9015,42.81,54.61,NaN,10.51,NaN,7.65,2.62,48.73,428.03,21.72,1.41,36.86,40.25,19.67,21.62,193.19,422.53,393.31,244.97,213.12,271.41,56.16,149.78,165.9
2023-06-07,15.16,177.82,117.83,6.02,121.23,71.58,21.535,14.4116,792.63,211.93,28.0,102.04,NaN,NaN,235.55,114.91,29.54,53.26,511.23,NaN,38.23,92.52,NaN,43.52,67.06,NaN,38.5,26.11,122.94,122.5,9.4,NaN,50.14,50.74,31.28,9.45,32.13,158.52,135.0,7.8,30.79,NaN,263.6,323.38,290.81,374.75,157.53,186.45,11.06,89.24,144.8,0.48,348.82,143.49,0.9162,53.27,5.13,42.485,43.5,55.63,NaN,10.19,NaN,7.74,2.61,48.66,426.55,22.84,1.38,34.98,38.99,19.83,21.37,195.95,416.24,392.02,242.96,212.7,267.33,55.74,150.0,163.42
2023-06-08,15.3,180.57,121.05,6.275,124.25,72.75,22.49,14.4593,804.2,218.11,28.21,102.1,NaN,NaN,234.45,115.56,29.81,54.9,520.09,NaN,39.11,92.53,NaN,43.4,69.0,NaN,39.0,21.44,122.67,122.14,9.5,NaN,50.16,50.4555,31.82,10.65,31.75,160.26,134.72,8.2,30.59,NaN,264.58,325.26,290.93,385.1,159.45,187.46,10.84,89.99,146.44,0.47,353.15,145.18,0.919,52.73,5.28,42.6899,43.36,55.03,NaN,10.04,NaN,8.12,2.8,48.78,429.13,22.05,1.42,36.18,40.26,19.87,21.9,195.34,420.43,394.37,245.03,213.7,269.98,56.23,152.17,165.19
2023-06-09,15.57,180.96,124.92,6.15,123.43,72.98,22.66,14.41,804.62,217.31,28.34,102.09,NaN,NaN,235.03,113.96,30.05,53.28,517.28,NaN,39.28,91.93,NaN,43.34,68.01,NaN,38.9,22.68,122.87,122.23,9.41,NaN,50.14,50.2955,31.34,10.55,31.68,160.01,134.5,8.79,30.62,NaN,264.95,326.79,282.33,387.7,158.05,185.0,10.95,89.02,146.56,0.5043,354.5,145.78,0.9026,52.09,5.22,41.9906,43.06,55.0,NaN,10.09,NaN,8.18,3.0,48.8,429.9,21.785,1.38,36.62,40.99,19.19,21.9,194.21,422.18,395.03,245.7,213.93,270.81,56.27,153.09,166.01
2023-06-12,16.02,183.79,129.19,6.48,126.57,73.64,22.38,14.6141,855.36,221.56,28.81,102.12,NaN,NaN,237.9,115.16,30.32,50.56,520.97,NaN,40.2,93.14,NaN,43.61,69.84,NaN,38.86,24.3,124.35,123.64,9.36,NaN,50.155,50.5109,33.07,10.54,31.33,159.9,134.66,9.63,31.46,NaN,271.05,331.85,277.7,394.82,158.75,189.35,10.98,91.06,145.41,0.5025,360.49,148.27,0.8689,51.6,5.32,42.4062,43.28,53.97,NaN,10.23,NaN,9.16,3.19,49.28,433.8,20.69,1.41,38.49,41.74,19.27,22.58,195.28,430.99,398.66,248.24,215.85,274.7,56.47,154.1,169.62
2023-06-13,16.31,183.31,124.53,7.22,126.66,76.01,22.52,14.84,851.12,220.38,29.3,102.11,NaN,NaN,245.44,115.6,30.44,52.4,522.02,NaN,41.56,93.85,NaN,44.09,70.49,NaN,38.57,26.95,124.43,123.83,9.6,NaN,50.17,50.97,33.91,10.63,31.55,160.74,134.46,9.25,32.45,NaN,271.32,334.29,283.82,410.22,157.63,196.44,11.06,92.67,145.06,0.5199,363.26,149.45,0.9001,52.15,5.94,42.7869,43.82,54.75,NaN,10.32,NaN,9.54,3.15,49.48,436.66,20.22,1.47,39.35,41.41,19.51,22.52,197.75,434.09,401.29,249.92,217.44,276.64,57.0,155.3,170.65
2023-06-14,16.59,183.95,127.33,6.77,126.42,76.15,22.5,14.8009,886.18,216.9,29.42,102.11,NaN,NaN,243.32,114.41,30.63,53.9,527.2,NaN,42.19,92.45,NaN,43.97,71.48,NaN,38.6,25.7,124.38,123.67,9.95,NaN,50.18,51.29,35.58,9.94,31.8,161.56,135.12,9.48,33.57,NaN,273.35,337.34,282.88,429.97,159.07,195.69,10.84,92.74,146.42,0.5196,365.9,150.53,0.9,51.75,5.69,42.6526,43.4,54.35,NaN,10.25,NaN,9.74,3.02,49.55,437.18,19.78,1.43,40.19,41.27,19.26,22.23,196.32,437.68,401.6,250.06,217.44,277.97,57.23,156.87,172.41
2023-06-15,16.65,186.01,124.24,6.79,127.11,77.39,23.21,14.91,883.43,219.41,29.72,102.11,NaN,NaN,247.67,116.89,31.61,54.25,529.18,NaN,42.88,92.94,NaN,44.43,73.59,NaN,38.87,24.84,125.79,125.09,9.98,NaN,50.2,51.78,35.82,9.94,31.81,163.73,136.32,9.01,33.97,NaN,281.83,348.1,277.92,426.53,162.53,195.75,10.95,91.0,148.45,0.5,370.26,152.29,0.8809,51.57,5.68,42.8878,43.8,55.51,NaN,10.66,NaN,9.55,3.37,50.22,442.6,19.13,1.48,41.6,43.36,19.19,22.43,198.2,443.39,406.75,252.86,220.09,281.67,57.76,157.73,174.63
2023-06-16,16.48,184.92,120.08,6.72,125.49,77.08,23.97,14.78,868.11,219.99,29.59,102.2,NaN,NaN,245.27,114.61,31.38,55.59,523.65,NaN,42.79,91.32,NaN,44.35,72.78,NaN,38.8,24.56,124.06,123.53,10.03,NaN,50.2,51.83,36.37,9.7,31.98,164.23,137.68,9.83,34.25,NaN,281.0,342.33,293.39,426.92,161.29,197.85,10.65,90.15,149.54,0.51,367.93,151.32,0.9646,51.67,5.6,43.2739,43.5,54.4,NaN,10.68,NaN,8.6,3.34,50.11,439.46,19.49,1.46,40.8,43.52,19.28,22.55,197.14,439.56,405.25,251.87,219.26,279.9,57.62,155.53,173.19
2023-06-20,16.32,185.01,118.93,6.32,125.78,76.4,23.58,14.6801,868.03,212.37,29.28,102.2152,NaN,NaN,241.15,112.45,31.37,57.09,519.7,NaN,42.48,89.75,NaN,43.94,71.66,NaN,38.42,24.58,123.85,123.1,10.0,NaN,50.2,51.6808,35.0,9.31,31.52,164.13,136.39,8.55,34.47,NaN,284.33,338.05,313.4,438.08,161.67,195.4,10.73,89.38,148.16,0.48,366.9,150.95,1.25,51.52,5.81,43.6646,43.26,53.93,NaN,10.58,NaN,8.59,3.99,49.56,437.18,19.57,1.37,40.6,42.17,19.35,22.41,195.86,437.0,403.38,251.24,218.18,279.39,56.17,154.16,171.66
2023-06-21,16.3,183.96,112.11,6.1,124.83,76.41,23.35,14.72,847.66,212.08,28.94,102.235,NaN,NaN,241.48,112.16,30.87,58.1,519.62,NaN,42.79,88.64,NaN,43.94,71.11,NaN,38.37,24.43,121.26,120.55,9.76,NaN,50.235,51.5,32.9,9.22,31.12,163.88,138.15,8.025,34.35,NaN,281.64,333.56,331.31,430.45,160.54,193.28,10.68,88.07,149.44,0.475,361.9,148.96,1.16,52.13,5.9,43.6272,43.0,53.97,NaN,10.23,NaN,8.63,3.77,49.43,434.94,20.09,1.41,38.85,42.66,19.25,22.31,195.33,430.3,401.17,249.73,216.98,276.43,56.22,154.46,169.12
2023-06-22,16.36,187.0,110.7,5.98,130.15,74.87,23.7,14.49,842.43,205.61,28.7,102.27,NaN,NaN,237.34,109.65,30.5,57.49,524.2,NaN,42.94,88.49,NaN,43.76,71.86,NaN,37.98,24.32,123.87,123.15,9.45,NaN,50.24,51.41,32.71,9.43,30.74,165.62,137.49,8.64,34.28,NaN,284.88,339.71,327.23,430.25,160.02,194.65,10.43,88.95,149.95,0.4601,366.17,150.64,1.13,51.94,5.79,43.1349,42.71,53.21,NaN,10.64,NaN,8.49,4.08,49.6,436.51,19.42,1.4,40.14,42.81,19.18,21.86,193.98,433.84,402.63,251.66,217.56,279.22,55.92,155.75,170.5
2023-06-23,16.26,186.68,110.01,5.87,129.33,73.0,23.39,14.245,822.15,205.41,27.94,102.26,NaN,NaN,234.44,109.44,30.0,61.47,524.44,NaN,42.86,88.1,NaN,43.3,71.59,NaN,38.08,23.7,123.02,122.34,9.49,NaN,50.265,50.83,33.0,9.37,30.6,165.48,136.97,8.46,33.93,NaN,288.73,335.02,329.11,422.09,159.07,188.69,10.47,87.52,148.46,0.451,362.54,149.12,1.18,52.38,5.54,42.3436,42.09,53.17,NaN,10.82,NaN,8.28,3.66,49.25,433.21,20.02,1.37,38.95,43.34,18.71,21.31,190.61,428.8,399.61,249.61,214.94,276.67,55.05,155.46,168.65
2023-06-26,16.44,185.27,107.51,5.6,127.33,73.67,24.19,14.255,821.63,205.58,27.76,102.255,NaN,NaN,236.95,110.79,30.41,61.94,523.42,NaN,43.14,88.7,NaN,43.65,71.06,NaN,38.16,23.02,119.09,118.34,9.63,NaN,50.27,51.4001,33.34,10.33,31.34,163.63,136.39,8.37,34.0,NaN,278.47,328.6,305.74,406.32,157.22,192.2,10.67,88.62,148.61,0.4901,357.68,147.2,1.13,52.64,5.37,42.3944,42.25,53.41,NaN,11.21,NaN,8.2,4.05,49.09,431.44,20.81,1.39,37.41,44.42,18.82,21.33,191.67,425.32,397.96,247.51,214.19,273.55,55.19,155.05,167.44
2023-06-27,17.35,188.06,110.39,5.59,129.18,74.76,26.04,14.5033,848.4,209.43,28.18,102.29,NaN,NaN,240.69,111.36,30.99,69.89,530.33,NaN,46.09,89.06,NaN,44.31,73.66,NaN,37.97,23.58,119.01,118.33,9.94,NaN,50.27,51.6,34.1,10.81,31.67,163.29,138.27,8.65,35.25,NaN,287.05,334.57,324.88,418.76,155.98,200.32,11.02,91.87,150.02,0.4901,363.83,149.69,1.15,52.62,5.5,42.917,42.95,55.22,NaN,11.48,NaN,8.64,4.2,49.57,436.17,19.78,1.39,39.26,43.83,19.1,21.21,194.96,433.92,402.37,250.25,216.8,277.82,55.66,154.49,170.74
2023-06-28,17.55,189.25,110.17,6.08,129.04,75.14,25.71,14.86,847.94,210.72,28.41,102.31,NaN,NaN,241.87,113.58,31.2,70.75,532.8,NaN,46.71,88.83,NaN,44.17,74.33,NaN,37.88,24.98,121.08,120.18,10.18,NaN,50.29,51.87,33.57,13.35,31.37,162.96,136.96,8.71,35.47,NaN,285.29,335.85,325.61,411.17,156.79,197.56,11.19,91.21,149.99,0.478,364.54,149.99,1.22,52.97,5.87,43.034,43.11,55.78,NaN,11.65,NaN,8.87,4.71,49.57,436.39,19.65,1.34,39.5,44.24,19.03,21.36,195.49,435.04,402.55,250.47,216.98,278.78,55.6,155.33,170.84
2023-06-29,17.6,189.59,111.24,6.06,127.9,75.81,25.57,15.09,862.57,211.83,28.3,102.34,NaN,NaN,244.24,114.08,31.7,72.43,531.69,NaN,46.31,88.95,NaN,44.52,75.09,NaN,37.86,24.9,120.01,119.1,9.97,NaN,50.275,51.87,32.91,13.53,31.68,164.1,137.16,8.4,35.95,NaN,281.53,335.05,340.255,408.22,157.03,199.76,11.2,92.08,149.38,0.432,363.81,149.68,1.18,53.26,5.98,43.4714,43.62,57.14,NaN,11.68,NaN,8.71,4.5,49.87,438.11,19.8,1.38,39.23,42.58,19.06,21.49,197.76,435.3,402.51,250.62,218.02,278.89,55.5,154.28,171.14
2023-06-30,17.94,193.97,113.91,6.26,130.36,76.81,25.73,15.2,867.43,211.16,28.74,102.365,NaN,NaN,246.05,113.94,31.95,71.55,538.38,NaN,47.54,89.28,NaN,44.9,75.59,NaN,38.09,24.25,120.97,119.7,9.98,NaN,50.3,52.4,33.44,13.53,31.81,165.52,138.06,8.19,36.21,NaN,286.98,340.54,342.42,423.02,161.83,204.68,11.24,94.58,151.74,0.5489,369.42,151.98,1.19,52.96,6.0,43.7587,43.8,56.68,NaN,11.84,NaN,8.34,4.55,50.45,443.28,18.91,1.43,41.0,43.17,19.14,21.7,198.89,442.16,407.28,254.09,220.28,282.96,56.08,157.18,173.86
2023-07-03,18.1,192.46,115.82,6.34,130.22,77.07,25.92,15.1604,876.44,210.92,28.87,102.38,NaN,NaN,247.33,115.47,32.36,79.93,541.04,NaN,47.96,90.5,NaN,45.04,74.66,NaN,38.15,24.91,120.56,119.9,10.66,NaN,50.11,52.33,33.62,13.5,32.03,163.35,137.48,8.06,37.04,NaN,286.02,337.99,377.84,424.13,159.43,207.13,11.39,96.83,152.5,6.44,370.29,152.36,1.27,53.22,5.98,43.7809,44.03,57.72,NaN,12.02,NaN,8.52,4.53,50.39,443.79,18.79,1.46,41.28,43.09,19.22,21.6,199.66,441.41,408.06,254.11,220.94,282.98,56.31,158.2,173.49
2023-07-05,18.32,191.33,113.95,6.2,130.38,76.03,26.56,15.1154,861.86,213.31,28.53,102.43,NaN,NaN,244.83,117.87,31.78,78.35,541.13,NaN,48.52,89.79,NaN,44.74,74.31,NaN,38.01,23.9,122.63,121.75,10.72,NaN,50.1,52.5963,32.51,14.12,31.33,162.81,137.64,7.75,37.22,NaN,294.37,338.15,378.11,423.17,160.0,203.67,11.21,92.95,152.24,5.67,370.28,152.31,1.21,52.52,5.86,43.6252,43.56,56.69,NaN,12.12,NaN,8.38,4.19,50.27,443.13,18.79,1.43,41.25,43.66,19.17,21.38,197.7,438.67,407.15,253.76,220.27,283.12,55.77,158.11,172.42
2023-07-06,17.88,191.81,113.48,6.06,128.36,74.51,25.55,14.7247,848.0,212.62,27.95,102.445,NaN,NaN,240.58,116.68,31.21,78.1,537.37,NaN,47.33,88.74,NaN,44.34,74.65,NaN,37.91,22.83,120.93,120.11,10.41,NaN,50.11,52.5,31.97,13.29,31.3,161.6,137.87,8.14,37.1,NaN,291.99,341.27,376.55,421.03,158.32,204.37,11.23,92.61,151.99,5.55,367.46,151.14,1.19,52.53,5.6,43.0989,42.95,55.96,NaN,11.91,NaN,8.1,3.52,49.82,439.66,19.24,1.43,40.28,42.11,18.9,20.39,195.19,436.97,403.83,251.85,218.31,281.06,54.77,157.11,171.96
2023-07-07,18.35,190.68,113.17,6.26,129.78,76.01,25.99,14.8,846.75,212.1,28.21,102.48,NaN,NaN,245.18,115.53,31.73,78.72,525.05,NaN,47.88,88.64,NaN,44.55,74.68,NaN,38.19,22.71,120.14,119.48,10.79,NaN,50.14,52.42,31.85,13.28,31.8,159.25,135.36,8.72,37.59,NaN,290.53,337.22,380.74,425.03,156.98,204.06,11.36,93.3,148.8,4.47,366.24,150.71,1.18,52.33,5.73,43.499,43.42,56.79,NaN,11.68,NaN,8.05,3.63,49.63,438.55,19.45,1.43,39.87,42.91,19.09,20.86,197.07,435.48,402.89,250.87,218.04,280.14,55.3,153.49,171.21
2023-07-10,18.57,188.61,113.58,6.7,127.13,75.8,27.08,15.075,877.73,213.31,28.57,102.5,NaN,NaN,248.81,115.15,31.94,81.21,527.01,NaN,48.46,88.1,NaN,45.15,77.86,NaN,38.22,23.54,116.87,116.45,11.21,NaN,50.175,51.94,32.74,14.03,31.22,159.51,135.18,8.69,38.41,NaN,294.1,331.83,407.71,421.8,157.07,210.42,11.45,95.98,148.86,4.05,366.36,150.74,1.16,52.6,5.97,43.91,44.1,57.83,NaN,11.78,NaN,8.71,3.77,49.97,439.66,19.43,1.47,39.9,42.78,19.37,21.14,199.98,437.23,403.97,250.82,218.99,280.13,55.39,154.88,171.66
2023-07-11,18.8,188.08,111.32,6.7,128.78,77.96,28.09,15.21,882.05,218.76,28.89,102.52,NaN,NaN,252.85,115.94,32.39,89.15,529.64,NaN,48.66,89.49,NaN,45.63,78.32,NaN,38.34,23.91,117.71,117.14,11.83,NaN,50.19,52.68,33.3,13.86,31.7,158.63,135.21,8.6,39.18,NaN,298.29,332.47,412.3,424.05,152.25,210.95,11.64,96.64,148.08,16.5,368.17,151.43,1.19,53.14,6.18,44.3909,44.56,57.58,NaN,12.74,NaN,9.07,3.53,50.34,442.46,19.16,1.4,40.47,44.36,19.65,21.58,202.4,438.88,406.56,251.65,220.71,281.61,55.93,154.65,172.03
2023-07-12,18.57,189.77,114.58,6.8,130.8,77.99,28.3,15.31,889.95,217.11,29.25,102.52,NaN,NaN,253.6,116.44,33.07,85.95,538.0,NaN,47.95,90.15,NaN,45.8,76.72,NaN,38.87,23.44,119.62,118.93,11.94,NaN,50.23,53.38,33.98,14.72,31.81,158.08,134.66,8.83,38.55,NaN,309.34,337.2,413.49,439.02,154.75,211.86,11.71,98.63,148.85,7.99,372.82,153.36,1.18,53.59,6.07,44.2271,45.02,58.41,NaN,13.37,NaN,9.2,3.6,50.64,446.02,18.44,1.45,41.97,44.52,19.61,21.78,204.05,443.47,409.76,253.65,222.4,284.97,56.97,155.04,173.98
2023-07-13,18.45,190.54,115.92,6.68,134.3,80.55,28.99,15.5166,890.36,216.85,29.87,102.5604,NaN,NaN,255.86,115.37,34.39,107.0,538.45,NaN,47.71,90.47,NaN,45.9143,78.245,NaN,38.89,23.46,124.83,124.54,12.45,NaN,50.23,53.05,33.87,14.46,31.83,158.81,134.78,8.54,37.04,NaN,313.41,342.66,461.83,459.77,156.88,216.52,11.62,102.04,148.95,5.75,379.15,155.94,1.18,53.89,6.64,44.2844,45.31,59.93,NaN,13.51,NaN,9.16,3.74,51.03,449.56,17.54,1.5,44.06,45.64,19.63,22.4,205.45,450.08,413.1,256.25,224.28,288.96,57.78,154.13,176.25
2023-07-14,18.14,190.69,115.94,6.545,134.68,80.29,28.15,15.2501,888.58,213.12,29.41,102.5826,NaN,NaN,255.62,115.65,34.07,105.31,546.7,NaN,46.49,88.62,NaN,45.65,78.92,NaN,38.77,22.97,125.7,125.42,12.38,NaN,50.215,53.15,33.15,13.55,31.4,159.87,135.13,9.63,36.36,NaN,308.87,345.24,458.86,454.69,160.14,212.54,11.55,99.68,150.05,8.1,379.07,155.97,1.16,53.72,6.32,43.6319,44.88,58.52,NaN,13.15,NaN,9.08,3.47,50.95,449.28,17.55,1.47,44.02,44.75,19.2,21.71,203.34,448.47,412.77,256.83,223.95,289.21,57.46,154.66,175.99
2023-07-17,18.18,193.99,118.32,6.72,133.56,80.94,28.46,15.48,910.35,211.87,29.78,102.6,NaN,NaN,257.46,109.99,34.06,105.55,552.96,NaN,46.8,85.56,NaN,45.84,80.28,NaN,38.8,22.82,125.06,124.65,12.49,NaN,50.23,53.03,34.37,14.9,30.99,159.07,134.54,9.12,36.27,NaN,310.62,345.73,449.88,464.61,160.95,219.62,11.8,104.33,148.99,8.99,382.61,157.34,1.14,53.4,6.89,44.1419,45.21,58.64,NaN,13.47,NaN,9.48,3.58,51.2,450.84,17.08,1.46,45.24,45.51,19.43,21.88,204.76,454.44,414.21,258.44,224.8,291.16,57.49,154.85,178.24
2023-07-18,18.68,193.73,117.93,7.8,132.83,82.46,28.31,15.57,903.43,211.57,30.13,102.6,NaN,NaN,263.81,110.56,34.83,104.59,553.59,NaN,48.37,85.95,NaN,46.17,80.24,NaN,39.25,23.08,124.08,123.76,12.59,NaN,50.25,52.6945,34.5,15.71,31.36,159.06,133.9,8.79,36.74,NaN,312.05,359.49,445.795,474.94,160.25,223.66,11.95,104.84,149.27,7.73,385.74,158.7,1.14,53.17,7.83,44.354,45.72,66.01,NaN,13.37,NaN,9.57,3.69,51.51,454.19,16.66,1.48,46.32,47.41,19.75,22.22,206.69,459.58,417.35,260.17,226.59,293.5,57.66,154.57,180.26
2023-07-19,18.6,195.1,116.43,7.51,135.36,81.87,28.57,15.47,901.37,208.6,29.94,102.585,NaN,NaN,262.75,113.5,35.71,110.15,554.11,NaN,48.55,87.04,NaN,46.3,78.69,NaN,39.25,23.17,122.78,122.03,13.12,NaN,50.27,52.75,34.46,15.52,31.56,158.74,135.35,9.14,37.35,NaN,316.01,355.08,453.1,470.77,160.23,220.28,12.12,101.91,150.29,7.11,385.65,158.53,1.07,53.57,7.93,44.3649,45.89,66.04,NaN,13.11,NaN,9.85,3.6,51.54,455.2,16.66,1.47,46.32,47.12,19.96,22.2,207.47,458.37,418.25,260.05,227.18,293.28,57.63,154.62,179.81
2023-07-20,17.44,193.13,110.25,7.06,129.96,81.58,28.03,15.305,888.34,213.61,29.13,102.61,NaN,NaN,261.09,107.5,35.2,101.26,556.96,NaN,48.69,86.21,NaN,46.05,77.7,NaN,39.06,22.91,119.53,119.2,12.81,NaN,50.25,52.74,33.37,14.92,31.61,168.38,134.87,8.69,37.08,NaN,302.52,346.87,440.83,455.2,164.48,211.95,12.16,97.3,150.56,9.72,376.76,154.99,1.07,54.16,7.81,44.4567,45.5,67.94,NaN,12.93,NaN,9.57,3.17,51.42,452.18,17.85,1.45,43.07,46.57,20.5,21.99,206.11,448.67,415.52,257.68,225.54,287.57,57.3,157.48,176.22
2023-07-21,17.42,191.94,110.95,7.31,130.0,80.79,28.1,15.21,896.75,211.8,28.94,102.61,NaN,NaN,257.65,107.28,34.68,100.82,557.86,NaN,48.55,87.18,NaN,46.02,78.16,NaN,38.95,22.18,120.31,120.02,12.76,NaN,50.27,52.49,34.02,14.42,31.85,170.19,137.15,8.51,37.25,NaN,294.26,343.77,436.65,443.09,165.66,213.3,12.07,98.76,152.93,8.31,375.63,154.54,1.07,53.62,7.5,44.2278,45.32,66.48,NaN,12.74,NaN,9.43,3.17,51.53,452.18,18.03,1.42,42.69,47.23,20.16,21.69,205.62,447.9,415.57,257.85,225.52,286.97,57.39,158.37,176.13
2023-07-24,16.88,192.75,110.61,7.33,128.8,80.84,28.15,15.3,901.59,215.87,28.72,102.665,NaN,NaN,259.37,111.47,34.51,98.85,563.93,NaN,47.48,86.6,NaN,46.125,77.27,NaN,38.78,23.04,121.88,121.53,12.74,NaN,50.28,52.8237,33.63,14.39,32.37,171.08,137.17,8.55,37.2,NaN,291.61,345.11,430.935,446.12,162.07,210.88,12.24,97.69,153.42,7.99,376.23,154.79,1.12,53.29,7.39,44.2453,45.42,66.56,NaN,12.68,NaN,9.45,2.92,51.79,454.2,17.94,1.39,42.86,47.32,19.97,21.84,205.77,448.41,417.33,259.13,226.32,287.88,57.51,159.3,176.44
2023-07-25,16.65,193.62,113.0,7.03,129.13,81.16,28.64,15.23,917.99,214.12,29.06,102.68,NaN,NaN,262.06,110.53,34.82,97.68,565.19,NaN,46.44,85.63,NaN,46.39,78.34,NaN,38.97,22.85,122.79,122.21,12.54,NaN,50.29,52.96,34.1,15.22,33.93,172.39,132.92,8.36,35.53,NaN,294.47,350.98,436.82,456.79,162.31,219.89,12.1,100.04,153.78,7.45,378.78,155.88,1.1,53.23,7.62,43.9453,45.45,65.44,NaN,12.51,NaN,9.33,2.33,52.08,455.44,17.58,1.46,43.72,47.17,19.51,22.35,206.0,453.51,418.56,260.3,226.89,289.63,57.73,159.17,178.46
2023-07-26,16.76,194.5,110.09,7.51,128.15,81.44,29.94,15.18,893.09,232.8,29.25,102.69,NaN,NaN,258.32,112.46,34.96,99.75,566.17,NaN,46.43,85.86,NaN,46.44,77.26,NaN,39.19,22.7,129.66,129.27,12.74,NaN,50.31,53.0,34.36,16.19,33.77,172.72,131.89,8.57,36.26,NaN,298.57,337.77,443.46,454.52,158.28,218.48,12.38,99.25,153.94,7.1,377.52,155.29,1.17,53.58,7.14,43.9998,45.73,66.62,NaN,10.73,NaN,9.52,2.45,52.08,455.51,17.76,1.42,43.27,47.31,19.53,22.09,207.2,448.29,418.66,260.14,227.06,289.29,57.92,159.74,176.06
2023-07-27,16.57,193.22,111.1,8.45,128.25,80.71,29.98,14.92,893.53,233.75,28.97,102.7212,NaN,NaN,258.3,110.1,34.29,92.69,561.83,NaN,45.75,85.36,NaN,45.99,76.58,NaN,38.58,22.22,129.87,129.4,12.23,NaN,50.31,52.32,34.55,15.53,35.4,173.69,130.32,8.14,33.02,NaN,311.71,330.72,426.15,459.0,156.66,221.79,13.01,102.11,152.11,6.66,376.62,154.93,1.12,53.65,6.73,43.069,45.1,65.82,NaN,10.33,NaN,9.09,2.23,51.72,452.49,17.93,1.4,42.9,46.61,19.18,21.55,204.62,446.23,415.82,258.46,225.31,287.37,57.55,159.16,175.55
2023-07-28,16.79,195.83,112.96,9.84,132.21,81.81,31.26,15.2472,899.79,238.69,29.07,102.75,NaN,NaN,260.43,108.94,35.28,94.76,563.32,NaN,45.72,86.13,NaN,46.3,76.8,NaN,38.88,21.93,133.01,132.58,12.73,NaN,50.335,52.84,36.83,17.93,35.74,174.48,130.42,8.57,33.7,NaN,325.48,338.37,434.61,467.5,157.82,223.31,13.66,105.09,156.41,6.84,383.48,157.73,1.02,52.9,7.1,43.5631,45.69,65.96,NaN,10.68,NaN,9.55,2.41,52.2,456.92,16.96,1.43,45.22,48.14,19.71,21.98,207.08,452.57,419.87,261.47,227.66,291.86,58.26,159.91,177.94
2023-07-31,16.75,196.45,114.4,10.08,133.68,81.71,31.4,15.58,898.65,238.85,29.14,102.735,NaN,NaN,265.17,108.29,35.65,98.61,560.67,NaN,46.26,88.89,NaN,46.44,77.72,NaN,38.98,22.2,133.11,132.72,12.86,NaN,50.35,52.95,35.77,19.25,36.06,167.53,129.1,8.45,34.16,NaN,318.6,335.92,437.88,467.29,161.1,222.98,13.87,107.75,156.3,7.03,383.68,157.93,1.02,52.95,7.37,43.9351,46.1,66.1,NaN,11.36,NaN,11.45,2.33,52.36,457.79,16.91,1.52,45.31,49.46,19.89,22.7,208.75,454.81,420.68,261.87,228.35,292.46,58.26,159.86,178.35
2023-08-01,16.23,195.605,117.6,16.13,131.69,81.96,31.43,15.48,920.0,238.01,28.73,102.7497,NaN,NaN,288.65,108.25,35.45,94.15,555.47,NaN,45.4,89.03,NaN,46.38,78.03,NaN,38.58,21.5,131.89,131.55,12.87,NaN,50.13,52.5154,35.8,19.86,35.94,168.89,129.0,8.11,33.43,NaN,322.71,336.34,434.98,465.07,161.73,223.48,13.61,108.09,156.25,7.12,382.79,157.49,1.02,52.88,7.26,43.8845,45.91,65.72,40.02,11.28,NaN,10.35,2.39,52.24,456.48,17.06,1.44,44.96,46.65,19.8,22.54,207.94,455.05,419.38,261.15,227.73,291.54,57.57,159.11,178.65
2023-08-02,15.95,192.58,109.35,11.46,128.21,81.33,31.16,15.0387,892.3,231.38,27.71,102.7892,NaN,NaN,287.57,107.0,32.91,90.43,552.35,NaN,44.8,86.3,NaN,45.9,74.32,NaN,38.4,20.83,128.64,128.38,12.44,NaN,50.14,51.7439,34.39,18.33,36.59,169.91,129.47,7.8,33.37,3.54,314.31,327.5,407.33,442.69,158.34,216.4,13.45,103.57,156.59,6.57,374.39,154.03,1.005,52.29,6.98,43.2691,45.34,65.34,36.92,10.97,NaN,10.08,2.27,51.55,450.13,18.18,1.44,42.02,46.96,19.41,22.02,205.07,442.94,413.57,257.15,224.5,285.35,56.45,159.22,174.23
2023-08-03,15.98,191.17,113.15,9.6,128.91,85.93,30.59,14.9,884.98,231.36,27.56,102.83,NaN,NaN,281.45,104.93,31.66,90.75,557.69,NaN,44.19,85.49,NaN,45.95,75.76,NaN,38.38,20.93,128.77,128.45,11.54,NaN,50.15,51.68,34.87,18.29,36.62,170.64,128.66,7.85,32.26,3.57,313.19,326.66,389.91,445.15,157.53,215.95,13.6,102.7,157.0,6.6,373.79,153.74,0.974,55.2,7.03,43.1438,45.21,65.87,30.05,10.79,NaN,10.05,2.21,51.5,448.84,18.32,1.4,41.72,45.91,19.62,22.04,204.44,441.19,412.4,256.68,223.85,284.7,56.38,159.26,173.52
2023-08-04,15.84,181.99,115.82,10.31,139.57,86.14,31.36,15.02,881.65,231.36,27.53,102.85,NaN,NaN,276.44,103.81,32.2,87.31,552.04,NaN,44.59,86.3,NaN,45.64,56.77,NaN,38.51,20.98,128.54,128.11,11.28,NaN,50.18,52.01,35.14,17.39,36.26,169.04,127.77,7.74,32.73,3.48,310.73,327.78,376.97,446.8,156.6,213.7,13.44,102.31,155.28,6.61,372.04,153.06,0.9948,55.26,6.83,43.1972,45.14,64.92,26.9,10.75,NaN,9.5,2.1,51.22,446.81,18.57,1.38,41.14,45.2,19.56,22.3,204.17,435.43,410.38,254.53,222.9,283.09,56.53,158.34,171.16
2023-08-07,15.99,178.85,116.81,10.045,142.22,86.27,30.78,15.0,897.06,238.25,27.61,102.8175,NaN,NaN,281.65,103.85,32.92,85.96,558.41,NaN,45.24,86.83,NaN,46.03,57.7,NaN,38.42,21.07,131.94,131.53,11.34,NaN,50.19,52.0459,35.23,15.58,36.14,173.1,128.58,7.88,32.97,3.48,316.56,330.11,370.82,454.165,161.36,218.73,13.45,103.59,156.92,6.86,375.19,154.32,0.9802,55.28,6.59,43.3411,45.25,65.97,30.1,10.57,NaN,9.39,2.03,51.77,450.71,18.11,1.36,42.16,44.95,19.76,22.47,205.09,436.16,414.08,256.3,224.61,285.15,56.84,160.49,171.64
2023-08-08,16.18,179.8,113.23,8.7,139.94,82.48,30.05,14.97,883.16,238.04,27.12,102.85,NaN,NaN,282.89,104.04,32.1,88.04,556.12,NaN,45.79,88.13,NaN,45.79,58.57,NaN,38.19,20.74,131.84,131.4,11.1,NaN,50.22,51.6174,35.02,15.33,35.85,173.18,127.54,8.17,33.74,3.61,312.64,326.05,389.48,446.64,189.17,216.89,13.27,101.38,157.09,7.15,372.0,153.01,1.08,55.4,6.66,43.0983,44.93,65.52,28.87,10.54,NaN,9.31,1.99,51.44,448.75,18.59,1.35,41.08,45.16,19.85,22.43,203.57,432.1,412.29,255.66,223.57,283.96,56.37,160.65,170.32
2023-08-09,15.76,178.19,110.47,8.54,137.85,81.7,29.41,14.765,850.73,237.86,26.52,102.9,NaN,NaN,284.53,104.63,31.82,84.34,559.7,NaN,45.03,87.49,NaN,45.7205,59.78,NaN,38.005,19.93,130.15,129.66,10.8,NaN,50.23,51.87,34.28,14.49,35.71,173.07,127.81,9.14,33.63,3.69,305.21,322.23,377.84,425.54,187.59,214.37,12.99,99.09,156.89,7.15,367.91,151.31,0.98,55.21,6.45,42.9489,44.61,65.29,29.95,10.44,NaN,8.99,2.06,51.18,445.75,19.2,1.38,39.71,44.11,19.75,22.47,202.29,426.05,409.55,253.93,221.97,281.01,56.42,160.91,168.12
2023-08-10,15.76,177.97,110.23,9.68,138.56,81.6,37.2,14.79,842.9,238.26,26.57,102.92,NaN,NaN,283.82,104.69,32.08,83.39,561.49,NaN,44.86,91.76,NaN,45.59,60.56,NaN,37.97,20.19,130.21,129.69,10.73,NaN,50.22,51.94,34.68,14.19,35.55,172.17,127.78,8.17,33.84,3.72,305.74,322.93,378.01,423.88,182.09,211.98,12.93,97.73,156.11,6.8,368.59,151.66,0.9824,54.55,6.23,42.8081,44.52,64.54,31.33,10.22,NaN,8.72,1.89,51.21,445.91,19.13,1.37,39.89,44.6,19.64,22.47,201.78,426.45,409.79,254.04,222.01,281.53,56.57,160.26,168.14
2023-08-11,15.65,177.79,107.57,8.765,138.41,81.41,38.89,14.6702,829.76,235.72,26.29,102.93,NaN,NaN,285.22,104.41,31.99,81.01,562.96,NaN,44.17,89.02,NaN,45.55,59.68,NaN,37.97,20.19,130.17,129.56,10.72,NaN,50.24,51.5006,34.89,15.71,35.42,173.85,127.96,8.49,33.7,3.78,301.64,321.01,384.31,408.55,181.6,204.2,12.73,94.57,157.02,6.77,366.24,150.67,0.951,54.82,6.32,42.95,44.56,64.08,32.02,10.03,NaN,8.65,1.94,51.17,445.65,19.51,1.33,39.09,43.71,19.6,22.87,201.92,423.65,409.41,253.7,221.8,280.01,56.13,161.2,166.9
2023-08-14,15.88,179.46,111.98,10.07,140.57,81.96,39.75,14.72,854.1,236.71,26.59,102.9649,NaN,NaN,284.54,103.12,31.37,80.81,561.47,NaN,44.23,88.81,NaN,45.6,59.66,NaN,37.86,19.96,131.83,131.33,10.65,NaN,50.23,51.3873,35.68,14.88,34.7,173.44,127.43,8.33,33.53,3.54,306.19,324.04,388.83,437.53,179.44,207.25,12.55,97.12,155.79,6.37,370.35,152.4,0.9168,53.98,6.31,43.0027,44.57,61.78,30.29,9.94,NaN,8.68,2.4,51.62,448.11,18.86,1.36,40.39,44.85,19.56,22.65,202.07,429.9,411.72,255.95,222.9,283.13,55.88,160.0,169.56
2023-08-15,15.55,177.45,111.35,8.99,137.67,80.52,39.63,14.44,842.52,232.26,26.29,102.97,NaN,NaN,277.37,102.69,30.43,79.18,558.51,NaN,43.02,87.06,NaN,45.17,59.17,NaN,37.75,19.33,130.27,129.78,10.41,NaN,50.23,51.1193,34.77,15.56,34.3,172.94,126.5,7.04,33.12,3.56,301.95,321.86,376.15,439.4,185.11,201.74,12.06,94.13,154.79,5.83,366.42,150.78,0.9648,53.61,6.09,42.4062,43.99,60.97,31.17,9.56,NaN,8.37,2.32,51.09,442.89,19.46,1.31,39.15,44.08,19.07,22.05,199.37,425.65,407.0,253.27,220.37,280.3,55.19,159.18,167.89
2023-08-16,15.44,176.57,107.19,8.93,135.07,80.26,39.05,14.23,832.99,229.95,25.81,103.01,NaN,NaN,274.51,99.85,29.79,79.0,559.05,NaN,42.67,86.35,NaN,44.76,58.18,NaN,37.55,18.59,129.11,128.7,10.19,NaN,50.25,51.34,33.53,13.69,34.03,172.39,126.35,5.83,32.92,3.56,294.29,320.4,369.67,434.86,184.65,196.74,11.99,92.18,153.21,5.49,362.54,149.13,1.01,53.3,5.88,41.6675,43.45,60.45,30.3,9.16,NaN,8.26,2.39,50.74,439.64,20.1,1.28,37.85,43.65,18.59,21.99,197.26,421.62,403.99,251.39,218.55,277.96,54.76,159.26,166.29
2023-08-17,15.05,174.0,104.44,8.62,133.98,79.2,37.82,14.045,827.1,224.54,25.38,103.0398,NaN,NaN,275.17,99.79,29.42,75.56,547.11,NaN,41.78,85.92,NaN,44.27,57.41,NaN,37.48,18.38,130.46,129.92,10.07,NaN,50.275,51.207,32.58,13.01,34.23,174.01,126.84,5.06,32.23,3.21,285.09,316.88,346.79,433.435,184.72,194.53,11.8,90.03,152.11,5.32,358.58,147.51,1.0,53.26,5.56,41.29,42.93,59.77,31.22,9.04,NaN,8.11,2.19,50.51,436.29,20.78,1.28,36.57,43.97,18.34,21.93,194.64,417.01,400.72,249.87,216.76,275.02,54.52,155.69,164.71
2023-08-18,15.04,174.49,105.45,8.65,133.22,81.16,38.23,14.02,825.84,226.65,25.42,103.07,NaN,NaN,273.8,100.23,29.62,73.19,544.94,NaN,41.49,85.96,NaN,44.42,57.16,NaN,37.49,18.36,128.11,127.46,10.25,NaN,50.27,51.3533,32.75,13.42,34.51,172.49,128.24,4.98,32.15,3.25,283.25,316.48,328.62,432.99,183.13,196.57,11.77,90.73,152.54,4.87,358.13,147.31,1.02,52.84,5.86,41.5873,43.17,59.52,31.64,9.18,NaN,8.22,2.16,50.6,436.5,20.88,1.31,36.4,44.69,18.28,22.38,195.58,417.82,401.09,249.76,217.01,274.65,54.43,157.93,164.96
2023-08-21,15.16,175.84,108.22,9.07,134.68,81.55,39.01,14.175,865.14,227.22,25.7,103.0655,NaN,NaN,272.75,99.24,29.29,75.28,543.21,NaN,41.74,85.88,NaN,44.35,58.39,NaN,37.58,18.48,128.93,128.37,10.39,NaN,50.28,51.6499,33.14,14.42,34.06,167.35,126.7,4.8,31.92,3.625,289.9,321.88,335.25,469.67,185.87,201.62,12.0,93.03,151.77,4.66,363.9,149.75,1.0,52.15,5.88,41.5932,43.14,59.4,31.94,9.36,NaN,8.29,2.36,51.09,439.34,19.87,1.36,38.16,44.63,18.16,23.13,195.49,425.01,403.74,252.68,218.26,278.37,54.59,157.51,168.11
2023-08-22,14.83,177.23,105.66,9.05,134.25,81.53,39.48,14.18,855.79,230.07,25.57,103.0951,NaN,NaN,270.2,98.71,29.13,74.9,538.37,NaN,41.61,85.79,NaN,44.1,58.32,NaN,37.64,17.26,129.69,129.08,10.38,NaN,50.285,51.94,32.89,14.92,33.77,166.02,127.95,4.87,31.5,3.45,287.6,322.46,329.51,456.68,185.01,199.66,11.74,92.37,151.83,4.58,363.38,149.5,1.02,51.76,5.83,41.6664,42.99,56.46,33.27,9.25,NaN,8.15,2.36,50.9,438.15,19.98,1.36,37.99,44.35,18.055,23.25,194.76,425.17,402.61,252.19,217.68,278.45,54.49,157.01,167.92
2023-08-23,14.78,181.12,109.43,9.27,135.52,83.06,40.18,14.4027,876.58,228.58,26.11,103.095,NaN,NaN,273.03,99.5,29.97,77.78,540.86,NaN,42.2,85.83,NaN,44.47,59.19,NaN,38.03,16.89,133.21,132.37,10.5,NaN,50.31,52.49,33.98,16.1,33.88,164.53,128.71,4.57,31.57,3.5,294.24,327.0,346.4,471.16,190.04,201.1,11.93,92.88,153.25,4.79,369.11,151.9,0.9889,51.92,5.93,41.8764,43.44,58.02,31.97,9.24,NaN,8.43,2.44,51.45,443.03,19.03,1.38,39.78,45.14,18.1,23.5,197.03,432.89,406.95,255.33,220.06,282.57,55.14,158.1,170.95
2023-08-24,14.57,176.38,101.8,8.67,131.84,82.52,39.31,14.0,854.46,217.31,25.65,103.16,NaN,NaN,269.3,99.56,29.86,73.66,531.71,NaN,41.9,82.47,NaN,44.02,58.15,NaN,38.02,16.36,130.42,129.78,10.37,NaN,50.315,52.2355,32.59,14.62,33.74,165.09,128.54,3.99,31.22,3.45,286.75,319.97,336.56,471.63,185.35,193.82,11.9,89.96,152.54,4.28,361.22,148.58,0.95,51.27,5.65,41.292,42.93,57.84,35.61,9.37,NaN,8.12,2.27,50.8,436.89,20.31,1.36,37.16,44.68,17.73,23.1,194.63,422.84,401.54,251.26,217.11,277.39,54.53,156.89,167.01
2023-08-25,14.58,178.61,102.25,8.925,133.26,83.15,39.76,13.95,851.82,223.41,25.78,103.165,NaN,NaN,272.56,99.7,29.98,74.26,534.01,NaN,41.7,83.36,NaN,44.19,58.81,NaN,37.97,17.13,130.69,129.88,10.54,NaN,50.32,51.89,33.25,14.67,33.93,166.25,129.21,4.44,31.22,3.51,285.5,322.98,336.05,460.18,186.43,196.2,11.83,92.32,153.54,4.31,364.02,149.81,0.9501,51.5,5.79,41.3821,43.1,58.15,34.97,9.25,NaN,8.29,2.32,51.15,439.97,19.82,1.35,38.04,43.96,17.74,23.52,195.47,427.09,404.2,253.16,218.59,279.55,54.82,157.82,168.71
2023-08-28,14.73,180.19,102.61,9.26,133.14,83.64,40.65,14.2487,861.08,227.06,26.13,103.17,NaN,NaN,274.79,99.87,30.35,73.71,536.19,NaN,42.41,84.16,NaN,44.54,58.7,NaN,38.09,17.57,131.79,131.01,10.55,NaN,50.34,52.17,33.62,15.27,34.45,164.29,129.49,4.77,31.09,3.49,290.26,323.7,344.37,468.35,187.49,199.23,11.97,93.63,153.78,4.33,366.76,150.95,0.935,51.76,5.93,41.87,43.46,59.05,35.17,9.45,NaN,8.23,2.42,51.54,442.76,19.38,1.34,38.89,44.15,18.02,23.78,197.15,430.37,406.86,254.78,219.99,281.58,55.33,158.72,170.09
2023-08-29,14.9,184.12,105.92,9.53,134.91,84.96,41.22,14.5,889.93,227.25,26.61,103.17,NaN,NaN,280.03,100.6,31.58,84.7,542.77,NaN,43.77,84.4,NaN,45.08,60.63,NaN,38.46,18.24,135.49,134.57,11.02,NaN,50.37,52.5841,34.31,16.5,34.68,164.31,129.51,4.88,31.81,3.63,297.99,328.41,381.52,487.84,190.37,205.16,11.95,97.61,153.87,4.57,374.77,154.15,0.965,51.63,6.17,42.1701,44.08,59.45,35.12,9.89,NaN,8.46,2.48,52.24,449.16,18.14,1.34,41.37,45.35,18.46,23.77,200.11,439.04,412.64,259.0,223.19,287.01,56.04,160.05,173.5
2023-08-30,14.77,187.65,106.59,9.66,135.07,85.1,42.98,14.54,892.28,228.85,26.83,103.2,NaN,NaN,282.33,100.82,32.11,83.83,542.26,NaN,43.23,84.28,NaN,45.22,61.22,NaN,38.56,18.37,136.93,135.88,11.06,NaN,50.36,52.9,34.53,17.12,34.81,163.73,129.46,5.19,31.63,3.76,295.1,328.79,371.68,492.64,188.07,205.88,11.95,98.85,154.04,4.56,376.86,155.08,0.98,52.17,6.38,42.4672,44.26,59.78,35.33,10.12,NaN,8.74,2.64,52.48,451.01,17.83,1.39,42.06,46.51,18.64,24.05,201.05,442.66,414.36,260.65,224.18,288.88,56.02,161.2,174.81
2023-08-31,14.73,187.87,105.72,9.25,138.01,87.34,43.22,14.6001,922.89,224.03,26.73,103.21,NaN,NaN,281.13,100.5,32.35,79.6,549.28,NaN,42.88,83.68,NaN,45.14,60.21,NaN,38.48,18.55,137.35,136.17,10.89,NaN,50.39,52.665,35.14,17.19,34.92,161.68,128.83,4.76,31.6,4.03,295.89,327.76,357.53,493.55,185.62,205.72,12.28,98.46,154.34,4.77,377.99,155.43,0.9641,51.58,6.31,42.3802,44.22,59.15,34.92,10.35,NaN,8.66,2.52,52.47,450.35,17.71,1.43,42.44,47.23,18.63,24.01,201.03,444.88,413.83,260.14,223.94,289.28,55.7,162.61,175.66
2023-09-01,14.68,189.46,109.45,9.36,138.12,86.44,43.19,14.6,872.52,223.4,26.73,103.25,NaN,NaN,286.25,99.77,32.67,77.99,544.25,NaN,42.86,81.64,NaN,45.482,60.87,NaN,38.51,18.42,136.8,135.66,11.11,NaN,50.17,52.8846,36.61,17.51,35.19,160.48,127.46,4.89,31.42,4.05,296.38,328.66,351.48,485.09,189.31,209.96,12.32,99.4,154.51,4.5,377.59,155.37,0.9584,51.78,6.34,42.7664,44.72,60.5,36.09,10.44,NaN,8.79,2.52,52.55,451.19,17.77,1.43,42.29,47.04,18.67,24.31,202.99,446.67,414.71,260.46,224.68,289.58,55.93,161.57,176.2
2023-09-05,14.3,189.7,110.78,8.725,137.27,88.77,42.54,14.45,872.17,222.57,26.58,103.31,NaN,NaN,281.63,99.99,32.7,77.5,544.73,NaN,41.76,81.19,NaN,44.73,61.91,NaN,38.2,19.23,136.71,135.77,10.82,NaN,50.185,53.04,36.71,18.97,34.32,160.68,127.02,4.96,30.77,3.97,300.15,333.55,349.25,485.48,190.11,207.57,12.01,99.31,152.44,4.16,378.07,155.55,0.97,50.62,6.53,42.16,43.76,59.68,35.43,10.46,NaN,8.75,2.46,52.32,449.24,17.72,1.38,42.4,46.55,18.54,24.86,198.9,447.43,412.9,260.36,223.34,289.63,55.45,160.27,176.83
2023-09-06,14.33,182.91,109.28,8.39,135.36,87.06,42.23,14.538,872.27,217.95,26.46,103.32,NaN,NaN,282.9,99.0,32.32,78.04,546.69,NaN,41.71,80.98,NaN,44.55,62.23,NaN,38.02,18.75,135.37,134.46,10.79,NaN,50.2,53.1155,36.98,19.58,33.88,158.01,126.59,4.77,29.97,3.97,299.17,332.88,350.7,470.61,191.25,207.79,11.86,99.49,152.14,4.07,374.74,154.23,0.9603,50.37,6.41,41.7427,43.63,58.27,34.67,9.63,NaN,8.54,2.41,52.04,446.22,18.18,1.37,41.28,45.9,18.39,24.49,198.28,442.31,410.05,257.47,221.94,286.96,55.26,161.47,174.96
2023-09-07,14.0,177.56,106.59,8.165,137.85,87.12,42.48,14.37,857.03,216.05,26.15,103.355,NaN,NaN,281.43,100.07,32.06,81.79,548.62,NaN,41.13,80.57,NaN,44.33,63.17,NaN,38.06,18.89,136.2,135.26,10.74,NaN,50.24,53.3,38.18,17.49,33.58,160.03,127.13,4.5,29.43,3.92,298.67,329.91,353.07,462.41,195.38,204.01,11.75,98.51,153.59,4.34,372.06,153.06,0.96,49.59,6.32,41.4362,43.22,57.82,33.9,9.72,NaN,8.57,2.34,51.79,444.85,18.61,1.35,40.38,46.27,18.16,24.4,196.7,435.69,408.83,256.47,221.18,285.45,54.95,163.47,172.43
2023-09-08,13.98,178.18,106.09,8.06,138.23,87.86,42.12,14.37,857.55,211.27,25.87,103.35,NaN,NaN,282.28,99.24,32.35,82.09,551.19,NaN,40.82,81.58,NaN,44.3,64.07,NaN,38.07,17.71,137.2,136.38,10.74,NaN,50.24,53.645,38.01,19.34,34.63,160.56,127.48,4.3,29.53,4.08,297.89,334.27,356.28,455.72,195.4,203.05,11.88,97.92,152.93,4.28,372.58,153.28,0.94,50.36,6.2,41.0255,43.13,59.33,35.02,9.39,NaN,8.55,2.3,51.89,445.52,18.54,1.32,40.5,47.24,18.04,24.5,196.26,436.25,409.39,256.84,221.42,285.65,54.92,163.77,172.79
2023-09-11,14.09,179.36,105.32,7.93,143.1,88.6,42.4,14.44,859.14,211.01,25.96,103.3639,NaN,NaN,282.05,98.53,32.38,80.62,558.78,NaN,40.84,82.52,NaN,44.21,65.07,NaN,38.14,17.02,137.74,136.92,10.84,NaN,50.25,54.3765,38.59,19.68,34.6,162.66,128.05,4.53,29.41,4.49,307.56,337.94,342.68,451.78,199.54,203.5,11.96,97.85,154.75,4.37,376.97,155.11,0.9332,50.69,6.04,40.8034,43.17,59.82,40.5,9.44,NaN,8.9,2.25,52.0,448.45,17.89,1.35,41.88,48.94,18.01,24.91,196.59,438.32,412.08,258.6,222.81,288.8,55.54,164.34,173.69
2023-09-12,14.11,176.3,105.31,7.73,141.23,90.16,41.7,14.28,844.52,210.65,25.79,103.3749,NaN,NaN,281.81,97.95,32.86,81.32,558.79,NaN,40.69,83.68,NaN,44.18,63.5,NaN,37.95,17.23,136.07,135.34,10.8,NaN,50.24,53.5849,38.86,19.31,34.5,163.58,124.83,4.39,29.28,4.3,301.66,331.77,347.76,448.7,196.75,199.5,11.95,96.79,152.03,4.48,372.79,153.39,0.94,50.73,5.305,40.71,43.12,60.52,41.71,9.58,NaN,9.0,2.26,51.8,445.99,18.49,1.33,40.54,47.92,17.82,24.9,196.55,430.64,409.87,256.5,221.73,285.65,55.31,164.52,170.54
2023-09-13,13.31,174.21,107.71,7.56,144.85,90.6,40.81,14.2423,852.93,208.4,25.63,103.39,NaN,NaN,275.92,97.44,32.16,79.86,559.76,NaN,39.55,83.48,NaN,43.941,62.62,NaN,37.86,17.81,137.5,136.71,10.62,NaN,50.26,53.3087,38.71,18.69,33.81,163.99,124.99,4.23,28.79,4.31,305.06,336.06,341.84,454.85,192.63,200.4,11.68,96.83,153.09,4.13,374.21,153.99,0.9658,50.27,5.365,40.4234,42.83,58.73,40.17,9.29,NaN,8.8,2.26,51.87,446.51,18.3,1.3,40.94,48.16,17.68,25.66,195.09,431.22,410.35,257.3,221.76,286.41,55.19,164.56,170.97
2023-09-14,13.26,175.74,106.63,7.61,144.72,91.17,42.6,14.34,871.64,209.05,25.79,103.44,NaN,NaN,282.56,98.63,32.68,83.45,564.77,NaN,39.33,84.48,NaN,44.37,63.1,NaN,37.88,18.33,138.99,138.1,10.57,NaN,50.26,53.7187,38.67,18.03,34.61,163.74,125.88,4.28,28.94,4.38,311.72,338.7,346.4,455.81,192.87,202.69,11.88,96.47,154.77,4.05,377.27,155.23,0.9701,50.9,5.26,40.8475,43.41,59.76,40.02,9.16,NaN,9.05,2.15,52.2,450.36,17.88,1.46,41.9,48.32,18.0,26.45,197.45,434.24,413.9,259.18,223.66,288.14,55.8,165.25,172.21
2023-09-15,13.31,175.01,101.49,7.72,140.39,91.78,42.82,14.15,851.68,208.11,25.42,103.465,NaN,NaN,279.15,98.41,33.55,82.15,556.36,NaN,39.9,85.58,NaN,43.82,61.02,NaN,38.13,18.22,138.3,137.4,10.67,NaN,50.27,53.888,37.88,17.08,34.24,161.45,125.01,4.22,29.69,4.26,300.31,330.22,340.78,439.0,190.43,197.38,11.69,93.1,153.47,3.91,370.81,152.5,0.9314,50.23,5.12,40.619,42.99,58.22,40.71,9.16,NaN,9.07,2.13,51.55,443.37,18.82,1.52,39.75,47.52,17.74,26.7,195.73,426.34,408.74,255.79,221.03,283.46,55.67,164.64,168.9
2023-09-18,13.11,177.97,102.37,7.79,139.98,92.06,44.01,14.24,850.0,205.12,25.51,103.455,NaN,NaN,280.94,97.53,32.98,81.61,562.72,NaN,38.89,85.02,NaN,43.75,60.45,NaN,38.36,17.55,138.96,138.21,10.6,NaN,50.27,54.2007,37.99,16.16,34.16,162.47,125.12,4.1,29.08,4.2,302.55,329.06,340.62,439.66,186.61,199.29,11.52,94.6,154.05,3.98,370.66,152.49,0.9409,51.53,5.04,40.7962,42.73,57.86,41.89,8.89,NaN,8.67,2.25,51.58,443.63,18.75,1.42,39.84,46.51,17.65,26.78,195.14,428.07,409.19,256.12,221.05,283.59,55.18,163.42,169.35
2023-09-19,13.19,179.07,101.61,7.66,137.63,91.66,39.73,14.19,849.2,204.48,25.37,103.49,NaN,NaN,279.67,96.97,32.47,78.13,564.35,NaN,39.45,81.94,NaN,43.8038,60.44,NaN,38.32,17.52,138.83,138.04,10.47,NaN,50.3,53.957,36.34,15.78,34.1,162.2,124.37,4.09,28.91,4.5,305.07,328.65,339.26,435.2,187.05,199.14,11.59,94.24,153.6,3.82,369.87,152.18,1.01,51.7,4.66,40.4737,42.59,57.73,43.0,9.0,NaN,8.62,2.13,51.48,442.71,18.89,1.4,39.6,47.59,17.73,26.35,194.38,427.31,408.37,255.81,220.49,283.12,55.14,163.38,169.26
2023-09-20,13.06,175.49,100.34,7.57,135.29,92.02,39.33,14.0548,830.57,202.37,25.09,103.495,NaN,NaN,278.61,96.74,31.97,76.67,563.83,NaN,38.88,82.56,NaN,43.59,60.15,NaN,38.355,17.52,134.59,133.74,10.22,NaN,50.305,53.871,34.69,14.8,33.72,162.91,124.93,4.0,28.52,4.5,299.67,320.77,333.47,422.39,94.73,194.96,11.32,92.84,153.47,3.82,364.54,149.99,0.9731,51.41,4.42,40.0871,42.07,56.67,44.44,9.03,NaN,8.32,2.04,50.93,438.64,19.36,1.35,37.75,46.55,17.48,26.36,192.97,421.02,404.55,252.97,218.54,278.83,54.97,163.91,166.6
2023-09-21,13.06,173.93,96.11,7.59,129.33,90.41,38.44,13.7,808.36,199.95,24.46,103.53,NaN,NaN,272.03,92.9,30.47,74.42,555.08,NaN,38.3,82.73,NaN,42.895,58.78,NaN,38.08,17.02,131.36,130.44,9.83,NaN,50.31,53.15,34.65,13.53,34.13,161.66,125.27,4.02,28.28,4.24,295.73,319.53,326.06,410.17,91.29,194.0,11.09,90.93,152.14,3.83,357.86,147.16,0.9619,51.44,4.48,39.39,41.38,56.01,43.97,8.63,NaN,7.95,1.91,50.16,431.39,20.48,1.32,35.6,44.6,17.1,25.87,188.57,414.04,397.92,248.61,214.09,272.99,54.06,161.92,164.06
2023-09-22,12.9,174.79,96.2,7.62,129.12,90.81,37.76,13.6582,829.08,197.71,24.57,103.41,NaN,NaN,273.06,91.98,30.44,70.96,558.59,NaN,37.67,81.25,NaN,42.83,58.24,NaN,38.21,17.18,131.25,130.25,9.7,NaN,50.33,53.39,34.18,13.28,34.07,160.5,123.97,3.93,28.05,4.43,299.08,317.01,322.81,416.1,91.3,196.79,11.13,93.81,151.58,3.6,357.91,147.25,0.9466,51.32,4.48,39.3136,41.25,55.15,43.78,8.69,NaN,7.54,1.82,50.19,430.42,20.47,1.31,35.625,44.41,16.97,26.79,188.1,415.19,396.96,248.38,213.64,272.62,54.27,162.35,164.41
2023-09-25,12.91,176.08,97.38,7.47,131.27,92.48,38.2,13.59,833.89,198.78,24.62,103.55,NaN,NaN,274.27,92.31,30.62,71.75,558.62,NaN,37.56,81.01,NaN,43.07,58.11,NaN,38.01,17.67,132.17,131.11,9.68,NaN,50.34,53.46,34.29,13.41,34.81,160.26,123.48,3.77,27.5,4.36,300.83,317.54,327.6,422.22,91.13,198.12,11.27,94.46,150.66,3.55,359.61,147.95,0.9336,51.31,4.35,39.4692,41.4,55.35,42.45,8.6,NaN,7.51,1.75,50.45,432.23,20.18,1.3,36.1,44.91,16.75,28.01,189.03,416.84,398.61,249.69,214.5,274.12,54.08,163.07,164.94
2023-09-26,12.7,171.96,95.96,7.28,125.98,89.88,38.59,13.39,816.19,195.64,24.12,103.6,NaN,NaN,269.52,91.08,29.68,70.52,552.96,NaN,36.77,80.05,NaN,42.51,57.43,NaN,37.69,16.78,129.45,128.565,9.53,NaN,50.35,53.4888,33.83,13.1,34.53,159.02,123.53,3.55,26.56,4.28,298.96,312.14,317.3,419.11,91.79,194.99,11.26,90.15,149.32,3.63,354.21,145.69,0.9563,50.93,4.24,39.01,40.85,54.2,43.0,8.34,NaN,7.4,1.6,49.79,425.88,21.1,1.25,34.49,44.27,16.31,27.2,186.24,409.4,392.76,246.27,211.41,269.56,53.32,162.5,161.97
2023-09-27,12.61,170.43,98.07,7.5,125.98,89.55,39.56,13.46,816.81,195.46,24.41,103.605,NaN,NaN,272.71,89.7,29.68,71.52,563.53,NaN,36.66,79.9,NaN,42.7,58.14,NaN,37.24,17.15,131.46,130.54,9.57,NaN,50.34,53.5317,34.61,14.24,34.95,157.11,121.66,3.49,26.81,4.4,297.74,312.79,315.63,424.68,91.7,196.7,11.35,92.05,147.34,3.42,355.04,146.06,0.9402,51.41,4.3,39.4596,41.17,54.38,45.5,8.49,NaN,7.6,1.8,50.01,426.05,20.95,1.26,34.7,45.14,16.26,27.15,187.66,410.66,392.85,246.66,211.63,269.95,53.3,161.72,162.22
2023-09-28,12.92,170.69,102.76,7.5,125.98,91.1,39.74,13.6199,832.0,190.43,24.71,103.64,NaN,NaN,276.24,92.08,30.23,75.16,568.63,NaN,36.95,80.13,NaN,43.12,58.6,NaN,37.05,16.84,133.13,132.31,9.68,NaN,50.36,53.0797,35.18,15.39,35.35,156.88,121.6,3.57,27.22,4.34,303.96,313.64,328.92,430.89,91.52,200.53,11.28,94.05,146.34,3.385,358.01,147.23,0.9633,51.74,4.34,39.5433,41.58,54.55,44.93,8.56,NaN,7.77,1.89,50.31,428.52,20.48,1.29,35.54,46.14,16.65,28.04,189.56,413.27,393.64,247.37,213.03,272.04,53.63,162.54,163.37
2023-09-29,12.81,171.21,102.82,7.55,127.12,89.76,39.96,13.78,830.58,191.68,24.72,103.68,NaN,NaN,273.0,92.03,30.16,75.08,564.96,NaN,37.0,81.05,NaN,42.96,58.68,NaN,36.66,16.46,131.85,130.86,9.81,NaN,50.38,52.9301,35.55,14.88,35.47,155.75,120.85,3.65,27.07,4.37,300.21,315.75,328.28,434.99,90.94,199.92,11.34,92.95,145.86,3.38,358.27,147.41,0.969,52.12,4.38,39.3931,41.42,54.9,46.36,8.91,NaN,7.99,2.01,50.04,427.48,20.44,1.27,35.62,45.99,16.76,27.04,189.07,414.9,392.7,246.84,212.41,272.31,53.52,159.93,163.93
2023-10-02,12.75,173.75,103.27,7.21,129.46,89.6,40.82,13.6079,834.95,187.83,24.7,103.67,NaN,NaN,271.72,90.93,30.06,75.31,571.31,NaN,36.45,81.67,NaN,42.61,58.63,NaN,36.28,15.39,135.17,134.17,9.73,NaN,50.18,53.0631,35.46,14.81,35.47,155.15,119.01,3.95,27.19,3.89,306.82,321.8,329.49,447.82,91.8,200.19,11.03,93.37,145.19,3.33,361.26,148.65,0.96,51.95,4.39,39.03,40.83,53.55,46.5,8.74,NaN,7.84,1.96,50.09,427.31,19.95,1.21,36.47,45.68,16.29,26.07,186.56,418.72,392.67,248.03,212.13,274.45,52.83,160.1,165.69
2023-10-03,12.29,172.4,100.08,6.89,124.72,86.56,39.13,13.31,814.83,188.92,24.14,103.72,NaN,NaN,268.97,88.44,29.55,72.48,565.04,NaN,35.24,79.54,NaN,42.05,57.61,NaN,36.17,14.6,133.3,132.43,9.53,NaN,50.21,52.8014,35.69,13.92,35.15,155.34,120.55,3.94,26.81,3.83,300.94,313.39,311.33,435.17,87.78,195.2,10.75,89.76,145.49,3.16,354.92,145.99,0.9442,51.82,4.17,38.6063,40.11,51.3,45.24,8.54,NaN,7.28,1.9,49.52,421.59,21.01,1.18,34.54,44.51,15.92,25.39,183.16,410.76,387.39,244.76,209.05,269.37,52.18,159.09,162.88
2023-10-04,12.73,173.66,104.07,6.9,127.0,87.97,40.33,13.4237,823.81,186.73,24.35,103.75,NaN,NaN,265.03,89.27,29.96,73.47,571.8,NaN,36.06,79.32,NaN,42.28,58.26,NaN,36.18,14.87,136.27,135.24,9.68,NaN,50.205,52.56,35.93,14.77,35.44,155.52,121.02,3.91,27.2,4.32,305.58,318.955,320.4,440.41,89.04,198.19,10.9,89.99,145.97,3.12,359.75,148.01,0.94,52.06,4.31,38.5,40.18,51.41,45.07,8.69,NaN,7.47,1.97,49.71,424.66,20.17,1.17,35.94,44.94,15.98,25.18,183.99,415.5,390.24,246.77,210.56,273.12,52.15,161.0,164.91
2023-10-05,12.85,174.91,102.91,6.8,125.96,88.58,39.7,13.3522,823.86,186.29,24.43,103.775,NaN,NaN,260.8,89.81,29.57,74.62,569.52,NaN,36.44,80.81,NaN,42.19,58.02,NaN,36.11,14.71,135.99,135.07,9.73,NaN,50.23,53.0,35.89,14.69,34.95,157.14,118.49,3.9,27.32,4.27,304.79,319.36,323.42,446.88,89.99,195.45,11.16,88.17,143.8,3.15,358.69,147.53,0.946,51.52,4.45,38.2927,40.21,51.06,44.63,8.74,NaN,7.65,2.02,49.65,424.5,20.37,1.19,35.56,44.61,15.96,25.8,183.83,415.86,389.91,246.9,210.45,273.3,52.51,159.08,165.13
2023-10-06,12.76,177.49,107.24,6.89,127.96,90.57,40.38,13.49,845.26,187.38,24.73,103.84,NaN,NaN,266.04,91.18,29.59,78.46,557.53,NaN,37.0,82.94,NaN,42.53,59.93,NaN,36.3,15.08,138.73,137.58,9.93,NaN,50.22,53.6879,36.19,15.29,34.55,157.64,118.81,3.93,27.08,4.4,315.43,327.26,340.63,457.62,92.12,199.02,10.95,90.93,144.09,3.12,364.7,149.99,0.95,51.68,4.5,38.5912,40.54,51.52,44.47,8.63,NaN,7.99,2.01,50.24,429.54,19.36,1.21,37.35,45.78,16.0,26.16,185.51,424.2,394.56,249.94,212.96,277.93,53.16,156.41,168.22
2023-10-09,12.24,178.99,106.97,6.53,128.26,89.18,40.85,13.74,855.88,188.49,24.6,103.81,NaN,NaN,271.3,93.18,29.72,79.1,558.97,NaN,35.28,84.7,NaN,43.02,59.51,NaN,36.97,15.4,139.5,138.42,9.87,NaN,50.25,53.0699,36.06,14.64,35.16,158.54,118.57,3.87,26.5,4.52,318.36,329.82,340.45,452.73,92.06,198.12,10.93,90.93,143.36,2.98,366.56,150.79,0.945,52.98,4.62,39.8219,40.75,51.75,44.25,8.61,NaN,8.18,1.94,50.58,432.29,19.06,1.26,37.9,45.45,16.1319,25.73,186.81,426.15,397.19,251.54,214.3,279.18,53.05,155.84,169.09
2023-10-10,12.26,178.39,109.01,6.83,129.48,89.79,40.53,13.9201,858.41,193.53,24.9,103.84,NaN,NaN,273.21,93.11,30.24,79.62,562.09,NaN,35.83,84.99,NaN,43.29,59.4,NaN,36.91,16.0,139.2,138.06,10.04,NaN,50.26,53.55,36.43,16.0,35.37,158.36,119.71,3.92,26.65,4.18,321.84,328.39,340.46,457.98,93.01,201.75,10.94,93.32,144.78,2.96,368.59,151.61,0.9751,53.56,4.86,40.14,41.19,51.78,44.3,8.82,NaN,8.36,1.99,50.79,434.54,18.76,1.24,38.52,46.63,16.38,26.2,188.96,427.56,399.24,252.48,215.63,280.5,53.77,157.6,169.35
2023-10-11,12.48,179.8,108.31,6.795,131.83,89.29,40.28,13.8371,874.56,196.07,24.76,103.85,NaN,NaN,272.83,94.54,30.41,77.35,565.52,NaN,35.98,84.85,NaN,43.38,58.97,NaN,37.16,15.82,141.7,140.55,9.72,NaN,50.27,54.02,36.88,15.69,35.43,156.18,119.35,3.83,26.2,4.28,327.82,332.42,334.61,468.06,98.84,203.46,10.92,95.14,143.0,2.83,371.22,152.71,1.02,53.79,4.83,40.294,41.21,51.91,44.06,9.11,NaN,8.59,1.9,50.86,436.32,18.37,1.2,39.34,46.64,16.26,25.68,189.36,430.95,400.93,253.71,216.48,282.71,53.99,158.23,170.92
2023-10-12,12.06,180.71,108.79,6.41,132.33,87.95,39.69,13.54,905.6,191.3,24.53,103.875,NaN,NaN,269.61,94.31,29.77,75.19,563.78,NaN,35.15,84.35,NaN,42.79,58.0,NaN,37.06,15.09,140.29,138.97,9.29,NaN,50.27,53.76,36.84,15.21,35.12,156.33,119.75,3.57,25.45,4.27,324.16,331.16,323.6,469.45,100.18,202.36,10.62,93.05,143.32,2.7,369.93,152.16,1.02,53.34,4.42,39.7105,40.3,51.51,42.3,9.11,NaN,8.39,1.79,50.8,433.66,18.59,1.15,38.88,45.95,16.05,25.21,185.61,429.93,398.52,252.84,214.74,281.33,53.47,158.95,171.08
2023-10-13,11.72,178.85,105.09,6.33,129.79,87.56,38.52,13.495,883.18,184.91,24.29,103.89,NaN,NaN,267.94,94.54,29.24,73.43,566.84,NaN,34.1,84.35,NaN,42.73,57.76,NaN,38.26,14.92,138.58,137.36,9.14,NaN,50.28,54.08,35.97,14.29,35.15,156.85,120.41,3.67,25.37,4.16,314.69,327.73,318.22,454.61,102.14,194.5,10.5,89.14,144.69,2.57,365.28,150.27,1.02,54.32,4.29,39.6874,40.02,51.33,41.47,8.68,NaN,8.12,1.78,50.62,431.5,19.3,1.16,37.41,43.48,15.95,25.3,184.18,423.04,396.42,251.73,213.53,278.19,53.09,159.83,168.63
2023-10-16,11.94,178.72,106.46,6.21,132.55,87.25,38.89,13.7,902.57,184.93,24.5,103.895,NaN,NaN,270.79,94.58,29.83,75.21,572.24,NaN,34.42,85.71,NaN,43.23,59.14,NaN,38.06,14.43,140.49,139.095,9.32,NaN,50.27,54.5939,36.56,14.41,35.01,157.53,121.7,3.51,25.61,3.85,321.15,332.64,325.8,460.95,101.15,199.78,10.74,91.69,146.07,2.61,369.41,152.01,0.9801,54.49,4.46,40.1467,40.69,53.72,43.16,9.72,NaN,8.25,1.89,51.08,436.04,18.64,1.18,38.67,44.71,16.17,24.87,187.23,427.9,400.57,254.07,216.01,281.38,53.49,161.21,170.25
2023-10-17,11.94,177.15,105.14,6.46,131.47,88.11,39.64,13.8,884.4,185.6,24.48,103.95,NaN,NaN,272.65,93.4,30.08,77.46,574.34,NaN,34.68,86.2,NaN,43.61,58.65,NaN,38.14,14.12,140.99,139.72,9.6,NaN,50.29,54.28,36.06,14.38,35.51,156.09,121.77,3.54,25.79,3.92,324.0,332.06,335.41,439.38,101.16,197.72,10.86,91.69,146.26,2.74,368.2,151.5,0.951,54.92,4.48,40.3964,41.16,53.69,43.54,9.69,NaN,8.25,1.9,51.06,436.02,18.83,1.18,38.3,44.38,16.25,25.38,189.5,426.07,400.58,253.56,216.29,280.64,53.45,161.42,169.46
2023-10-18,11.36,175.84,102.17,6.18,128.13,87.25,38.95,13.62,887.03,185.69,23.71,103.945,NaN,NaN,259.22,90.93,28.94,73.93,574.64,NaN,33.14,84.68,NaN,42.87,57.67,NaN,38.68,13.85,139.28,137.96,9.21,NaN,50.28,53.8793,35.64,13.69,35.26,152.73,123.43,3.33,24.7,3.99,316.97,330.11,329.14,421.96,100.57,193.2,10.47,89.59,150.03,2.58,363.37,149.49,0.9529,55.09,4.25,39.8646,40.26,51.84,43.15,9.6,NaN,7.77,1.78,50.62,430.21,19.61,1.13,36.68,43.0,16.0,25.41,185.34,420.23,395.22,250.35,213.09,276.18,52.54,161.54,167.72
2023-10-19,11.45,175.46,102.4,6.08,128.4,83.38,38.54,13.38,867.83,182.79,23.52,103.965,NaN,NaN,252.89,85.89,27.54,73.1,565.63,NaN,32.71,83.25,NaN,42.22,57.77,NaN,39.17,13.16,138.98,137.75,8.97,NaN,50.31,54.4102,35.67,13.47,34.26,152.32,122.86,3.1,24.37,3.98,312.81,331.32,342.35,421.01,97.66,187.93,10.47,87.01,148.25,2.53,359.97,148.07,0.9801,54.87,4.21,39.4354,39.7,51.9,42.95,9.65,NaN,7.63,1.77,50.22,426.43,20.16,1.13,35.7,42.72,15.79,25.85,182.36,417.24,391.87,247.93,211.08,273.92,52.18,160.77,166.76
2023-10-20,11.08,172.88,101.81,6.02,125.17,82.36,37.58,13.19,853.63,180.04,23.05,103.9716,NaN,NaN,249.2,86.14,27.73,74.66,552.93,NaN,32.23,82.65,NaN,41.69,56.36,NaN,39.26,13.44,136.74,135.6,9.13,NaN,50.32,53.9333,34.92,12.59,33.33,153.0,123.09,3.09,24.2,3.83,308.65,326.67,348.04,413.87,96.29,185.76,10.1,84.83,148.05,2.39,354.6,145.89,0.9699,54.61,4.09,38.849,39.23,50.87,42.75,9.44,NaN,7.37,1.71,49.72,421.19,21.08,1.11,34.09,42.96,15.54,25.69,180.15,409.88,386.99,244.68,208.47,269.78,51.63,158.76,163.94
2023-10-23,11.29,173.0,100.01,5.83,126.56,82.82,37.64,13.15,862.22,181.03,23.15,104.015,NaN,NaN,247.32,86.61,27.85,77.21,552.29,NaN,32.04,83.1,NaN,41.38,56.1,NaN,39.14,13.44,137.9,136.5,9.17,NaN,50.33,53.44,33.85,12.64,32.41,151.39,121.81,2.83,24.29,3.8,314.01,329.32,377.49,429.75,97.12,182.35,10.1,83.61,148.15,2.36,355.67,146.32,0.93,53.42,4.11,38.5658,38.86,49.33,41.38,9.49,NaN,7.26,1.64,49.62,420.46,20.9,1.07,34.39,43.04,15.32,25.66,178.69,409.95,386.31,244.38,207.9,270.63,51.61,161.01,164.13
2023-10-24,11.21,173.44,101.67,6.27,128.56,84.0,38.47,13.16,881.11,182.36,23.33,104.05,NaN,NaN,249.55,88.12,28.26,82.07,551.84,NaN,32.02,82.56,NaN,41.49,57.54,NaN,39.12,14.04,140.12,138.81,9.32,NaN,50.34,53.6628,34.59,11.01,33.26,151.23,120.5,2.86,23.9,3.84,312.55,330.53,424.87,436.63,97.52,183.61,10.31,85.09,149.9,2.39,359.13,147.73,0.9374,53.38,4.14,38.5813,39.15,49.83,40.71,9.71,NaN,7.38,1.69,49.91,423.63,20.31,1.12,35.36,44.19,15.46,26.27,180.04,413.59,389.2,246.01,209.47,272.95,51.98,163.25,165.26
2023-10-25,11.04,171.1,96.055,6.14,121.39,81.4,36.15,12.93,849.63,177.73,22.74,104.07,NaN,NaN,244.94,87.26,27.56,77.79,549.99,NaN,31.41,80.59,NaN,41.09,55.94,NaN,39.29,13.71,126.67,125.61,9.03,NaN,50.335,53.1164,32.83,10.4,33.12,151.57,118.78,2.89,23.6,3.78,299.53,340.67,433.22,417.79,97.43,175.94,10.1,81.16,150.6,2.33,350.34,144.13,0.94,53.99,4.09,38.2589,38.49,49.37,40.68,9.19,NaN,7.08,1.6,49.13,417.55,21.8,1.09,32.77,42.35,15.3,26.45,176.81,406.76,383.71,242.01,206.36,266.78,51.49,162.76,163.31
2023-10-26,11.15,166.89,93.67,6.22,119.57,81.02,36.37,12.82,826.75,179.09,22.41,104.14,NaN,NaN,242.43,91.47,27.85,74.61,547.6,NaN,31.6,79.78,NaN,41.06,55.72,NaN,39.36,13.5,123.44,122.28,9.1,NaN,50.37,52.37,32.52,9.92,32.88,149.0,120.17,2.78,23.39,3.76,288.35,327.89,413.45,403.26,95.2,179.56,9.87,82.79,149.8,2.34,343.66,141.26,0.931,54.72,4.28,38.3161,38.63,51.43,40.48,9.3,NaN,6.9,1.56,48.34,412.55,23.09,1.07,30.86,40.62,15.32,25.82,177.48,399.56,379.0,238.11,204.22,261.54,51.2,161.77,160.19
2023-10-27,10.92,168.22,96.43,6.21,127.74,80.35,36.22,12.68,838.36,179.69,22.34,104.14,NaN,NaN,238.56,89.87,27.6,70.78,543.03,NaN,30.65,79.33,NaN,40.75,56.26,NaN,39.81,13.12,123.4,122.17,8.9,NaN,50.38,52.7853,35.54,10.14,33.14,145.6,116.86,2.67,22.34,3.78,296.73,329.81,406.76,405.0,93.5,179.13,9.27,83.52,147.16,2.22,345.31,142.09,0.9117,53.92,4.16,37.9814,38.13,50.12,40.25,9.3,NaN,6.87,1.57,47.93,410.68,22.75,1.1,31.3,41.23,15.09,25.28,175.26,401.22,377.32,237.26,203.12,262.47,51.06,161.17,161.12
2023-10-30,11.18,170.29,96.18,6.22,132.71,80.16,36.73,12.75,841.25,182.35,22.53,104.17,NaN,NaN,242.16,90.18,27.81,73.6,554.88,NaN,31.23,80.68,NaN,41.01,56.32,NaN,39.58,12.8,125.75,124.46,9.08,NaN,50.385,53.1045,35.69,9.5,33.39,147.03,119.52,2.96,22.51,3.55,302.66,337.31,420.22,411.61,96.4,170.18,9.57,65.34,149.26,2.15,349.2,143.67,0.9152,54.04,4.2,38.1988,38.41,50.75,41.49,9.7,NaN,6.94,1.57,48.43,415.59,22.03,1.09,32.31,42.73,15.31,25.76,176.54,404.75,381.86,239.62,205.46,266.05,51.69,163.02,162.85
2023-10-31,11.15,170.77,98.5,6.265,133.09,77.44,36.44,12.89,841.37,186.82,22.77,104.17,NaN,NaN,226.05,92.98,27.54,77.12,552.44,NaN,31.25,81.59,NaN,41.38,57.17,NaN,39.37,13.77,125.3,124.08,9.14,NaN,50.4,53.09,36.5,9.64,33.73,148.34,119.64,2.99,22.23,3.38,301.27,338.11,423.39,407.8,96.57,172.43,9.48,62.64,150.03,2.18,350.87,144.33,0.87,55.35,4.23,38.7012,38.76,52.04,41.76,10.01,NaN,7.55,1.59,48.67,418.2,21.7,1.08,32.78,43.28,15.55,26.84,178.05,407.8,384.17,240.72,206.79,267.51,51.72,163.41,164.01
2023-11-01,11.14,173.97,108.04,6.4,137.0,83.65,36.7,12.8,852.94,189.38,23.1,104.19,NaN,NaN,231.83,92.43,27.56,77.81,556.8,NaN,31.11,81.07,NaN,41.66,57.31,NaN,39.24,13.01,127.57,126.45,9.08,NaN,50.2,53.2323,37.29,10.22,33.61,148.69,119.47,2.99,22.23,3.37,311.85,346.07,426.67,423.25,97.68,172.52,9.49,64.84,149.61,2.29,356.96,146.93,0.8711,54.39,4.24,38.8422,38.93,52.82,42.46,9.99,NaN,7.58,1.54,48.99,422.66,20.57,1.1,34.47,43.83,15.56,27.08,178.96,414.49,388.4,243.63,208.86,271.64,52.23,164.87,167.18
2023-11-02,11.4,177.57,107.83,7.26,138.07,84.12,37.36,13.28,871.3,192.01,23.85,104.24,NaN,NaN,239.12,97.55,28.84,84.6,555.97,NaN,32.02,83.29,NaN,42.43,57.59,NaN,39.39,13.64,128.58,127.49,9.48,NaN,50.21,53.672,37.7,11.14,34.05,150.24,121.05,3.21,23.16,3.495,310.87,348.32,453.63,435.06,100.93,177.59,9.89,66.63,151.44,2.22,363.44,149.51,0.899,45.47,4.59,39.7984,39.89,54.93,44.14,10.43,NaN,8.17,1.72,49.89,430.76,19.5,1.26,36.3,46.48,16.05,27.41,183.09,421.88,395.78,248.47,213.01,276.89,53.29,165.52,170.01
2023-11-03,11.98,176.65,112.25,7.75,138.6,85.03,39.27,13.46,882.68,195.05,24.45,104.28,NaN,NaN,240.75,98.4,29.38,85.8,560.9,NaN,33.35,85.07,NaN,43.15,50.48,NaN,39.52,13.87,130.37,129.1,9.69,NaN,50.24,54.5665,38.14,11.58,34.6,151.34,119.39,3.41,23.7,3.45,314.6,352.8,453.95,450.05,98.17,181.55,9.7,68.25,150.07,2.35,367.71,151.3,0.925,45.14,4.61,40.2791,40.95,55.83,45.64,10.72,NaN,8.01,1.84,50.23,434.69,18.82,1.3,37.58,47.75,16.53,27.0,187.37,427.88,399.44,250.06,215.41,279.89,54.01,164.66,171.76
2023-11-06,11.66,179.23,111.75,7.75,139.74,83.15,39.42,13.36,880.83,192.95,24.43,104.26,NaN,NaN,238.28,97.13,28.92,86.37,569.82,NaN,32.92,84.02,NaN,42.94,50.1,NaN,39.22,13.53,131.45,130.25,9.59,NaN,50.235,54.477,37.95,11.21,34.35,151.7,120.79,3.21,23.53,3.61,315.8,356.53,459.63,457.51,101.08,182.8,9.68,66.23,150.94,2.58,369.21,151.87,0.965,45.67,4.35,39.8759,40.47,55.62,45.76,10.73,NaN,7.49,1.78,50.35,435.69,18.61,1.34,38.01,48.14,15.67,26.26,185.29,429.82,400.21,251.17,215.5,281.49,53.95,164.88,172.89
2023-11-07,11.75,181.82,113.45,8.1,142.71,84.35,40.89,13.43,897.82,191.41,24.39,104.275,NaN,NaN,234.92,96.56,29.37,89.07,571.27,NaN,33.44,84.59,NaN,42.83,49.52,NaN,39.05,13.64,132.4,130.97,9.76,NaN,50.25,54.735,38.77,11.47,33.85,150.9,120.41,3.17,23.56,3.54,318.82,360.53,473.55,459.55,101.69,185.8,9.62,66.8,150.59,2.3,372.7,153.33,0.9235,44.26,4.5,39.6408,40.42,55.23,46.27,10.96,NaN,7.42,1.82,50.44,436.93,18.1,1.28,39.08,49.92,15.58,26.67,185.02,435.03,401.34,252.24,216.14,284.11,53.62,165.65,174.78
2023-11-08,12.01,182.89,113.59,8.13,142.08,84.77,40.12,13.4,911.13,191.83,24.31,104.275,NaN,NaN,234.82,96.68,30.08,88.32,567.38,NaN,34.17,84.5,NaN,42.78,50.24,NaN,38.67,13.28,133.26,131.84,8.365,NaN,50.26,54.9989,37.92,11.41,33.56,150.35,120.66,3.11,23.99,3.55,319.78,363.2,474.5,465.74,101.76,183.35,9.49,66.25,150.01,2.25,372.94,153.45,0.94,43.56,4.36,39.4751,40.0,54.9,44.0,11.23,NaN,7.31,1.77,50.44,437.25,18.06,1.2,39.15,49.5,15.39,26.06,183.87,436.84,401.67,252.87,216.11,285.21,53.46,164.3,175.77
2023-11-09,11.75,182.41,113.49,7.96,140.6,84.25,39.68,13.28,911.38,193.33,24.19,104.31,NaN,NaN,234.15,95.62,29.93,92.86,563.27,NaN,33.48,90.34,NaN,42.43,49.67,NaN,38.83,12.7,131.69,130.24,7.93,NaN,50.27,54.57,37.8,11.23,33.26,147.42,120.12,3.01,23.35,3.55,320.55,360.69,494.07,469.5,100.03,180.33,9.17,64.35,150.35,2.09,370.07,152.29,0.88,44.21,4.28,39.6191,39.45,54.16,43.62,11.24,NaN,6.85,1.73,50.1,433.84,18.51,1.18,38.22,50.05,15.44,26.69,181.34,434.22,398.64,250.78,214.27,282.94,53.35,163.92,174.95
2023-11-10,11.8,186.4,118.59,7.73,143.56,84.96,43.79,13.37,957.52,196.65,24.57,104.35,NaN,NaN,239.68,95.64,30.16,92.92,577.12,NaN,34.06,88.27,NaN,42.92,50.82,NaN,38.4,12.54,134.06,132.59,8.23,NaN,50.25,54.83,38.86,10.66,33.09,147.25,120.84,2.85,23.16,3.55,328.77,369.67,509.18,483.35,101.19,186.67,9.3,67.38,151.41,2.0,378.39,155.64,0.88,45.14,4.37,40.0601,39.83,54.41,42.91,11.32,NaN,6.94,1.79,50.96,440.61,17.28,1.14,40.77,51.58,15.47,26.86,183.42,445.69,404.86,254.96,217.46,288.48,53.63,166.19,179.52
2023-11-13,11.78,184.8,116.79,8.22,142.59,85.72,41.41,13.51,946.93,204.54,24.61,104.33,NaN,NaN,241.67,95.54,30.01,92.64,578.23,NaN,34.17,89.44,NaN,42.85,50.3,NaN,38.61,12.14,133.64,132.09,8.31,NaN,50.275,54.95,38.23,11.55,32.43,147.63,121.22,2.74,23.09,3.5,329.19,366.68,504.88,486.2,100.78,184.84,9.05,66.65,152.46,1.85,377.21,155.22,0.8759,44.48,4.33,40.35,39.86,53.96,42.14,11.3,NaN,7.04,1.99,50.93,440.19,17.44,1.2,40.4,52.24,15.45,27.67,183.19,443.46,404.45,255.11,217.33,288.34,53.74,167.68,178.47
2023-11-14,12.25,187.44,119.88,8.95,145.8,87.68,42.8,14.01,972.96,207.47,25.53,104.325,NaN,NaN,247.86,101.37,31.81,92.09,590.8,NaN,35.24,91.07,NaN,44.16,51.32,NaN,38.96,12.9,135.43,133.62,8.5,NaN,50.33,55.7781,39.41,12.69,33.52,147.66,121.14,3.04,24.3,3.51,336.31,370.27,480.0,496.56,99.2,194.89,9.1,69.96,152.12,2.2,385.33,158.53,0.8617,45.51,4.32,41.19,41.87,54.79,43.18,12.15,NaN,7.48,2.13,51.71,448.73,16.34,1.22,42.94,53.88,15.98,28.08,191.39,454.19,412.22,259.21,222.15,294.1,55.1,167.65,182.04
2023-11-15,12.42,188.01,118.0,8.91,143.2,86.97,40.45,14.17,975.4,208.71,25.64,104.38,NaN,NaN,251.09,103.26,31.8,98.15,596.78,NaN,35.76,93.93,NaN,44.32,51.06,NaN,38.87,13.27,136.38,134.62,8.33,NaN,50.33,55.4608,40.61,12.99,34.07,148.8,121.55,3.04,24.94,3.56,332.71,369.67,505.95,488.88,96.43,200.75,9.34,71.13,151.42,2.14,385.62,158.66,0.8616,45.61,4.4,41.0624,42.09,56.08,44.0,12.2,NaN,7.37,2.23,51.67,449.68,16.3,1.25,43.06,53.76,16.17,27.65,192.29,454.78,413.12,259.3,222.7,294.1,55.19,169.78,182.27
2023-11-16,12.19,189.71,119.83,9.09,142.83,86.4,38.93,13.92,959.55,206.6,25.68,104.43,NaN,NaN,248.21,104.12,31.44,96.92,578.58,NaN,35.51,94.51,NaN,43.94,50.42,NaN,39.3,12.53,138.7,136.93,7.94,NaN,50.35,55.6949,43.35,12.2,33.62,150.1,121.71,2.97,24.29,3.5,334.19,376.17,489.08,494.8,99.53,200.8,9.07,69.46,152.83,2.03,385.95,158.8,0.87,44.71,4.22,40.5833,41.49,55.67,43.98,12.07,NaN,6.71,2.11,51.64,450.23,16.275,1.2,43.13,54.42,15.9,28.05,189.9,455.79,413.7,259.79,222.55,295.37,54.95,156.04,183.18
2023-11-17,12.29,189.69,120.62,9.26,145.18,86.84,39.1,14.03,977.73,208.04,25.85,104.445,NaN,NaN,253.07,103.92,31.85,99.05,577.15,NaN,36.06,94.15,NaN,44.2443,51.26,NaN,39.3,13.03,136.94,135.31,8.1,NaN,50.35,56.2392,43.81,12.7,33.38,149.79,121.2,2.99,24.81,3.61,335.04,369.85,486.22,492.98,101.39,200.94,9.28,70.03,151.07,2.07,386.04,158.84,0.9,44.65,4.21,40.8556,41.99,56.78,46.0,11.89,NaN,6.83,2.23,51.77,450.79,16.28,1.2,43.16,54.44,16.22,28.65,191.8,455.99,414.31,259.83,223.11,295.12,55.52,155.35,182.8
2023-11-20,12.4,191.45,121.53,9.36,146.13,88.32,39.5,14.16,995.71,217.71,26.23,104.45,NaN,NaN,250.45,104.43,31.88,106.1,580.8,NaN,36.5,95.03,NaN,44.4,51.91,NaN,39.22,12.8,137.92,136.25,8.13,NaN,50.37,56.0701,44.74,12.85,32.58,149.91,120.54,2.98,25.13,3.64,339.97,377.44,508.53,504.09,103.59,203.34,9.3,70.68,150.27,2.01,390.74,160.76,0.89,45.06,4.31,41.1811,42.21,56.56,45.91,12.15,NaN,6.615,2.22,52.18,454.26,15.7,1.23,44.7,54.75,16.28,29.12,192.78,462.42,417.43,262.09,224.79,298.44,55.84,155.3,185.45
2023-11-21,12.13,190.64,119.16,8.83,143.9,87.96,38.77,13.98,981.2,218.27,26.26,104.47,NaN,NaN,249.41,103.6,32.09,105.49,584.3,NaN,35.88,94.45,NaN,44.3397,52.58,NaN,39.65,12.55,138.62,136.97,7.98,NaN,50.39,55.9,43.64,12.29,32.49,151.12,121.55,2.9,24.63,3.69,336.98,373.07,493.04,499.44,102.78,200.44,9.07,68.39,149.61,2.02,388.47,159.83,0.895,45.5,4.21,41.097,41.74,55.99,46.3,12.06,NaN,6.72,2.12,52.09,453.27,15.99,1.21,43.89,54.85,16.07,28.71,191.15,458.58,416.34,261.77,224.18,297.54,55.59,155.86,183.95
2023-11-22,12.31,191.31,122.51,8.98,146.71,90.2,39.24,14.082,972.0,219.91,26.25,104.535,NaN,NaN,246.01,103.1,32.39,109.25,589.08,NaN,35.95,95.07,NaN,44.51,52.97,NaN,39.48,12.29,140.02,138.49,8.22,NaN,50.41,56.5,43.67,12.42,32.92,150.82,122.32,2.91,24.71,3.84,341.49,377.85,507.88,487.16,103.26,199.58,9.13,68.56,151.02,2.07,390.06,160.49,0.8885,45.35,4.26,41.3051,42.03,55.93,47.4,12.31,NaN,6.9,2.17,52.21,455.02,15.81,1.2,44.4,55.37,16.13,28.81,192.35,460.26,418.14,262.46,225.14,298.94,55.64,154.67,184.77
2023-11-24,12.31,189.97,122.31,9.36,146.74,91.14,39.49,14.25,978.87,220.0,26.24,104.55,NaN,NaN,247.36,103.58,32.57,115.54,591.36,NaN,36.1,96.06,NaN,44.7,53.43,NaN,39.7,12.2,138.22,136.69,8.29,NaN,50.425,56.53,43.96,12.36,32.93,152.5,122.43,3.03,24.87,3.89,338.23,377.43,520.24,477.76,105.45,200.12,9.17,69.28,151.38,2.22,389.51,160.26,0.8811,45.49,4.38,41.6135,42.3,56.43,47.79,12.52,NaN,6.86,2.16,52.22,455.3,15.9,1.2,44.18,55.32,16.31,29.07,193.33,459.76,418.37,262.26,225.38,298.68,55.94,156.06,184.41
2023-11-27,12.18,189.79,122.65,8.95,147.73,90.51,39.39,14.1601,950.24,219.3,26.25,104.58,NaN,NaN,247.39,107.15,32.82,119.77,594.9,NaN,35.84,95.17,NaN,44.61,53.74,NaN,39.97,11.91,138.05,136.41,8.39,NaN,50.43,56.35,44.08,12.1,34.12,151.28,122.4,2.95,24.44,3.99,334.7,378.61,495.38,482.42,103.87,199.66,9.2,68.68,151.24,2.35,389.17,160.1,0.8802,45.11,4.27,41.5177,42.18,56.0,46.63,12.68,NaN,7.03,2.23,52.01,454.48,15.93,1.18,44.05,56.06,16.23,29.03,192.89,459.52,417.64,261.82,225.09,298.46,55.77,156.77,184.4
2023-11-28,12.17,190.4,122.01,8.84,147.03,90.63,38.4,14.2295,946.35,222.37,26.16,104.6,NaN,NaN,247.5,111.13,34.43,128.27,594.0,NaN,36.04,92.5,NaN,44.4501,52.79,NaN,40.48,13.49,138.62,137.2,8.64,NaN,50.46,56.8757,44.23,12.21,34.26,151.63,121.99,3.03,24.82,4.0,338.99,382.7,505.87,478.21,101.43,200.03,9.24,69.1,152.29,2.23,390.19,160.52,0.8806,44.09,4.4,41.4253,42.03,55.81,48.9,12.84,NaN,7.34,2.28,51.96,454.93,15.82,1.23,44.4,56.21,16.22,28.83,192.1,460.37,418.05,261.98,225.23,299.19,55.96,158.64,184.75
2023-11-29,12.23,189.37,123.85,9.25,146.32,92.27,39.03,14.29,940.83,224.43,26.53,104.605,NaN,NaN,249.45,115.98,34.52,127.82,587.86,NaN,36.64,92.5,NaN,44.72,53.6,NaN,40.56,16.25,136.4,134.99,8.92,NaN,50.48,57.18,44.94,12.48,35.79,152.11,121.77,2.88,25.33,3.95,332.2,378.85,507.1,481.4,102.0,204.33,9.57,71.62,151.13,2.39,389.81,160.4,0.865,44.01,4.39,41.3944,42.29,59.61,46.52,12.98,NaN,7.35,2.3,51.79,454.61,15.89,1.24,44.24,56.4,16.44,27.86,193.33,462.16,417.78,261.47,225.33,298.75,55.94,156.08,184.89
2023-11-30,12.43,189.95,121.16,9.46,146.09,92.0,37.48,14.29,925.73,231.63,26.43,104.61,NaN,NaN,250.72,117.28,34.28,124.72,592.74,NaN,36.93,92.69,NaN,45.24,52.56,NaN,40.38,14.55,133.92,132.53,8.8,NaN,50.475,57.76,44.7,12.23,36.94,154.66,123.73,2.85,25.57,4.04,327.15,378.91,498.3,467.7,101.84,204.08,9.41,71.33,153.52,2.5,388.83,159.95,0.8849,43.96,4.38,41.7928,42.45,61.32,47.0,13.83,NaN,7.29,2.14,51.94,456.4,16.02,1.19,43.87,56.38,16.37,28.96,194.43,462.03,419.4,261.89,226.26,298.57,55.98,155.69,185.16
2023-12-01,13.02,191.24,121.39,9.78,147.03,92.7,38.25,14.79,930.0,233.87,27.03,104.68,NaN,NaN,256.76,118.57,35.18,133.76,596.25,NaN,38.05,92.58,NaN,45.98,52.49,NaN,41.07,15.3,133.32,131.86,9.32,NaN,50.31,58.0701,43.74,13.61,37.19,158.38,124.04,2.94,26.69,4.05,324.82,374.51,527.68,467.65,100.4,205.68,9.92,74.18,152.66,2.52,389.94,160.43,0.8877,44.67,4.46,42.4207,43.75,63.16,49.01,14.14,NaN,7.83,2.3,52.19,459.1,15.895,1.27,44.24,57.35,16.77,28.94,199.76,464.65,421.86,262.81,228.17,299.62,56.49,154.34,185.58
2023-12-04,13.35,189.43,118.57,9.86,144.84,89.86,37.37,14.83,923.97,234.87,26.72,104.68,NaN,NaN,254.75,118.43,35.63,141.09,599.08,NaN,38.16,92.01,NaN,46.1,52.25,NaN,40.19,16.98,130.63,129.27,9.55,NaN,50.3,58.0932,42.35,13.76,37.36,158.88,124.17,3.33,27.3,3.93,320.02,369.14,563.22,455.1,100.92,206.28,9.83,73.1,152.06,2.72,386.32,158.93,0.8897,45.24,4.58,42.6553,44.22,62.64,46.64,14.3,NaN,7.96,2.28,51.87,456.69,16.35,1.22,42.98,58.63,16.62,29.39,201.31,459.92,419.74,260.92,227.35,296.84,55.99,154.3,183.32
2023-12-05,13.13,193.42,118.38,9.95,146.88,90.73,37.07,14.68,913.12,234.16,26.57,104.65,NaN,NaN,255.19,117.95,35.4,140.2,605.35,NaN,37.61,90.79,NaN,45.71,52.52,NaN,40.05,14.91,132.39,130.99,10.53,NaN,50.32,58.2727,41.92,13.01,36.44,158.55,121.45,3.13,27.17,3.93,318.29,372.52,577.5,465.66,99.63,205.83,9.65,72.28,146.76,2.53,387.29,159.35,0.854,44.72,4.45,42.1325,43.59,62.23,48.46,14.6,NaN,7.99,2.1,51.81,456.6,16.23,1.21,43.29,57.97,16.5,28.76,198.64,462.41,419.61,261.88,226.91,298.24,55.81,155.73,184.42
2023-12-06,13.48,192.32,116.82,9.9,144.52,90.57,36.6,14.5,903.64,236.89,26.36,104.7,NaN,NaN,255.97,117.09,35.49,134.63,607.43,NaN,38.94,91.5,NaN,45.64,51.83,NaN,40.21,14.84,131.43,130.02,11.27,NaN,50.34,58.3943,41.27,12.97,36.55,156.62,122.45,3.24,27.99,3.9,317.45,368.8,568.885,455.03,97.59,205.92,9.6,73.44,146.65,2.72,385.05,158.4,0.7601,44.99,4.46,42.1696,43.33,62.16,47.41,14.77,NaN,7.89,2.09,51.55,454.76,16.52,1.2,42.52,59.75,16.57,28.48,198.35,458.39,417.86,260.36,225.95,296.63,55.87,154.04,182.86
2023-12-07,13.91,194.27,128.37,9.94,146.88,90.8,36.84,14.57,922.26,237.33,26.55,104.745,NaN,NaN,257.41,117.64,36.29,136.19,610.95,NaN,40.34,92.35,NaN,45.87,51.32,NaN,40.25,16.36,138.45,136.93,11.48,NaN,50.36,58.6399,42.15,13.2,36.82,155.4,121.49,3.185,29.16,3.8,326.59,370.95,571.09,465.96,96.81,211.7,9.82,75.84,146.5,2.65,390.43,160.69,0.5501,44.61,4.7,42.3264,43.68,62.96,47.71,14.76,NaN,7.96,2.11,51.94,458.23,15.85,1.18,44.3,60.98,16.89,28.49,199.47,463.34,421.13,262.77,227.76,300.19,56.15,152.46,185.08
2023-12-08,13.76,195.71,128.92,10.0,147.42,92.09,37.36,14.69,944.3,244.7,26.72,104.77,NaN,NaN,259.5,116.07,36.93,146.62,610.78,NaN,40.35,92.82,NaN,45.95,52.16,NaN,39.73,15.55,136.64,134.99,11.73,NaN,50.345,58.0872,42.7,13.69,36.84,154.42,119.94,3.06,29.07,3.73,332.75,374.23,599.39,475.06,96.64,215.55,9.74,76.14,145.15,2.62,392.17,161.37,0.59,43.85,4.8,42.6352,43.96,64.07,47.58,15.09,NaN,8.13,2.1,52.18,460.2,15.66,1.22,44.83,61.7,16.96,28.78,200.6,467.48,422.92,263.75,228.85,301.64,56.14,150.86,186.66
2023-12-11,13.72,193.18,134.41,10.21,145.89,91.94,36.74,14.67,1029.24,248.08,26.84,104.76,NaN,NaN,260.92,114.52,36.78,138.02,623.86,NaN,40.51,92.2,NaN,46.42,53.64,NaN,39.29,15.07,134.7,133.29,11.71,NaN,50.355,58.6483,44.54,13.05,36.91,155.06,120.97,3.01,29.34,3.65,325.28,371.3,555.8,466.27,96.65,220.55,9.89,79.4,145.82,2.59,395.52,162.75,0.6,43.45,4.66,42.957,44.06,64.02,47.65,15.75,NaN,8.07,2.04,52.74,461.99,15.26,1.22,45.97,62.46,16.9,28.73,201.61,470.7,424.56,264.08,229.79,301.84,56.26,151.24,188.29
2023-12-12,14.04,194.71,137.61,10.46,147.48,93.23,36.26,14.7,1072.28,248.63,26.98,104.8,NaN,NaN,261.43,113.97,36.9,139.62,629.5,NaN,41.24,91.07,NaN,46.43,55.04,NaN,39.27,15.22,133.64,132.52,11.63,NaN,50.3605,58.4452,44.04,12.76,36.05,155.07,121.77,2.86,30.31,3.89,334.22,374.38,558.32,476.57,96.21,219.13,9.87,78.39,145.94,2.52,398.67,164.08,0.5501,43.51,4.6,42.9342,44.02,64.57,47.28,15.85,NaN,7.95,1.97,53.12,464.1,14.9,1.17,47.08,62.72,16.72,29.09,201.46,473.51,426.67,265.48,230.66,304.01,56.32,151.36,189.54
2023-12-13,14.09,197.96,138.19,10.92,148.84,92.26,37.93,15.03,1089.69,250.91,27.44,104.77,NaN,NaN,267.97,116.76,38.9,150.46,642.0,NaN,41.19,92.83,NaN,47.27,55.35,NaN,40.14,16.69,133.97,132.57,11.99,NaN,50.41,59.3345,44.57,13.43,36.91,155.79,123.62,2.9,29.15,4.04,334.74,374.37,586.0,480.88,98.9,221.33,10.59,81.06,148.58,2.51,403.74,166.12,0.5652,44.16,4.93,43.7799,45.47,66.3,48.46,16.45,NaN,8.94,2.19,53.7,470.5,14.34,1.23,48.74,61.97,17.11,28.78,207.34,478.98,432.48,268.54,234.24,307.52,57.14,154.05,191.21
2023-12-14,14.59,198.11,138.0,10.99,147.42,93.13,38.69,15.25,1106.49,256.24,27.92,104.81,NaN,NaN,285.17,114.55,41.99,153.63,630.78,NaN,42.44,93.94,NaN,48.02,57.05,NaN,40.4,17.44,133.2,131.94,12.09,NaN,50.22,59.7012,45.18,14.76,37.67,156.87,120.84,2.88,29.76,4.04,333.17,365.93,582.37,483.5,98.0,232.68,11.32,86.21,144.66,2.64,403.39,165.97,0.585,43.77,5.17,44.0076,46.66,70.94,50.0,16.94,NaN,9.47,2.26,53.79,472.01,14.41,1.35,48.66,62.5,17.75,29.76,212.49,479.91,433.75,268.45,235.63,307.07,57.72,152.17,190.74
2023-12-15,14.49,197.57,139.15,11.15,149.97,94.48,39.95,15.2,1129.74,264.27,28.19,104.845,NaN,NaN,285.74,112.84,41.84,147.9,658.82,NaN,42.34,93.46,NaN,47.53,57.83,NaN,40.02,17.26,133.84,132.6,11.69,NaN,50.215,59.12,46.16,14.93,37.43,155.16,119.44,2.8,29.01,4.0,334.92,370.73,570.41,488.9,97.1,232.93,10.96,85.65,143.96,2.62,405.34,166.63,0.64,43.63,4.61,43.7421,46.24,70.98,49.17,16.92,NaN,9.35,2.21,53.69,469.33,14.25,1.38,49.24,61.86,17.43,29.01,210.74,482.22,433.09,268.56,235.31,307.91,57.2,152.74,191.7
2023-12-18,14.24,195.89,138.9,10.795,154.07,94.08,40.87,15.17,1147.0,260.41,28.25,104.85,NaN,NaN,285.71,112.42,41.79,153.43,681.24,NaN,41.18,92.86,NaN,47.58,56.11,NaN,40.2,17.86,137.19,135.8,11.93,NaN,50.23,57.0424,45.69,14.57,36.84,155.44,120.59,2.71,28.97,3.91,344.62,372.65,571.9,500.77,98.98,229.33,10.54,83.76,146.17,2.57,407.08,167.48,0.6449,43.91,4.49,43.5819,46.27,69.31,50.12,17.02,NaN,9.66,2.17,53.94,471.97,13.93,1.38,50.27,61.73,17.37,29.65,210.96,483.33,435.54,270.85,236.33,310.27,56.46,154.97,191.85
2023-12-19,14.3,196.94,140.15,11.04,153.79,94.76,43.59,15.4,1139.58,263.51,28.59,104.86,NaN,NaN,292.96,113.99,41.47,161.16,677.74,NaN,41.15,93.93,NaN,47.99,57.76,NaN,40.48,17.72,138.1,136.65,13.17,NaN,50.245,57.41,46.66,14.32,36.86,156.46,120.77,2.74,29.52,4.23,350.36,373.26,571.3,496.04,99.99,229.38,10.56,84.74,146.17,2.55,409.16,168.29,0.62,44.97,4.69,44.1837,47.13,69.74,51.34,17.18,NaN,9.94,2.24,54.22,474.84,13.74,1.44,51.02,62.12,17.73,28.6,214.22,485.0,438.19,272.04,238.06,311.98,56.97,155.53,192.58
2023-12-20,13.98,194.83,135.47,10.2,152.12,91.67,43.1,15.0,1110.38,260.25,27.91,104.87,NaN,NaN,289.71,114.41,40.29,161.86,661.0,NaN,40.34,91.27,NaN,47.39,57.45,NaN,40.26,16.93,139.66,138.34,12.62,NaN,50.26,56.11,45.76,13.39,36.59,153.27,118.8,2.59,29.07,4.35,349.28,370.62,573.47,481.11,101.31,222.9,10.16,81.17,143.91,2.45,403.08,165.81,0.6556,44.63,4.41,43.1724,46.2,67.12,49.7,16.6,NaN,9.31,2.09,53.44,468.26,14.06,1.4,48.54,60.68,17.34,28.25,210.27,477.22,430.09,267.64,234.51,307.89,56.25,153.71,189.67
2023-12-21,14.35,194.68,139.91,10.53,153.84,91.8,43.0,15.29,1127.29,262.02,28.5,104.897,NaN,NaN,290.07,114.6,40.91,168.03,665.16,NaN,41.12,92.02,NaN,47.91,58.51,NaN,40.55,16.98,141.8,140.42,12.89,NaN,50.29,56.88,47.08,13.79,36.58,154.84,119.43,2.56,29.6,4.77,354.09,373.54,581.95,489.9,103.48,229.25,10.06,83.65,144.26,2.53,407.77,167.75,0.7981,45.12,4.43,43.7426,47.01,68.18,50.51,17.23,NaN,9.64,2.13,53.94,472.7,13.6,1.42,50.145,61.46,17.88,29.28,212.39,483.14,434.28,270.5,236.09,310.61,57.24,154.8,191.8
2023-12-22,14.31,193.6,139.6,11.06,153.42,91.58,41.21,15.43,1121.98,260.44,28.39,104.965,NaN,NaN,290.36,114.83,40.7,175.48,671.6,NaN,41.13,91.02,NaN,48.02,59.27,NaN,40.71,16.97,142.72,141.49,12.95,NaN,50.31,57.43,48.0,13.64,36.64,155.46,120.21,2.5,29.5,4.66,353.39,374.58,619.24,488.3,102.71,228.95,10.08,84.01,145.28,2.93,408.38,168.02,0.78,45.56,5.44,44.517,47.37,68.58,50.64,17.05,NaN,9.71,2.07,53.99,473.65,13.53,1.43,50.35,61.71,18.18,29.52,213.81,483.61,435.29,270.58,236.63,310.58,57.26,156.65,192.05
2023-12-26,14.11,193.05,143.41,11.4,153.41,92.59,40.4,15.6,1131.89,262.79,28.61,104.96,NaN,NaN,295.63,115.59,40.88,172.05,674.62,NaN,40.76,90.95,NaN,48.32,59.8,NaN,41.03,17.36,142.82,141.52,12.94,NaN,50.32,57.68,50.5,13.52,36.58,156.14,120.09,2.43,29.15,4.565,354.83,374.66,603.89,492.79,102.68,231.95,10.3,85.47,145.94,2.94,410.88,169.03,0.8365,45.43,5.64,45.0565,47.91,68.95,51.0,16.78,NaN,9.96,2.13,54.22,475.65,13.29,1.47,51.27,61.98,18.57,29.92,215.47,486.0,437.1,271.47,237.8,311.69,57.54,156.41,192.85
2023-12-27,13.99,193.15,146.07,11.66,153.34,93.16,40.65,15.62,1126.17,262.1,28.69,104.9899,NaN,NaN,298.12,116.09,41.69,185.24,666.8,NaN,40.59,90.38,NaN,48.36,59.34,NaN,41.23,18.37,141.44,140.37,13.26,NaN,50.335,58.41,50.76,13.21,36.47,156.35,120.31,2.53,29.21,4.87,357.83,374.07,670.71,494.17,103.68,232.1,10.22,85.05,146.06,2.99,411.5,169.35,0.8477,45.84,5.74,45.0774,48.02,69.27,51.48,16.95,NaN,10.32,2.13,54.21,476.51,13.22,1.49,51.54,63.28,18.68,29.46,215.9,486.47,437.9,271.89,238.25,312.04,57.89,157.88,192.84
2023-12-28,13.98,193.58,148.76,11.45,153.38,94.27,40.76,15.56,1122.41,260.35,28.72,105.05,NaN,NaN,296.88,116.11,41.7,186.36,663.1,NaN,40.63,90.4,NaN,48.31,59.4,NaN,40.99,18.07,141.28,140.23,13.18,NaN,50.35,58.58,50.39,13.23,36.25,156.58,120.82,2.43,29.38,4.83,358.32,375.28,667.88,495.22,103.47,231.07,10.42,84.98,145.73,3.03,411.3,169.28,0.815,45.76,5.79,45.0204,47.91,69.55,51.47,17.05,NaN,10.28,2.23,54.15,476.69,13.27,1.46,51.41,63.14,18.69,27.46,215.72,486.79,437.97,271.78,238.13,312.16,57.92,157.57,193.07
2023-12-29,13.74,192.53,147.41,11.14,151.94,93.19,39.85,15.41,1116.25,260.66,28.5,105.15,NaN,NaN,295.67,115.19,40.69,173.92,660.08,NaN,40.23,90.29,NaN,48.13,58.53,NaN,40.91,17.53,140.93,139.69,12.74,NaN,50.36,58.78,50.25,12.39,36.15,156.74,121.51,2.555,28.88,4.91,353.96,376.04,631.62,495.22,103.45,229.68,10.23,83.53,146.54,2.76,409.52,168.54,0.88,45.45,5.53,44.7153,47.24,68.8,51.17,16.93,NaN,9.95,2.12,54.08,475.31,13.45,1.4,50.7,61.57,18.66,27.69,213.33,484.0,436.8,270.79,237.22,310.88,57.96,157.65,192.48
2024-01-02,13.44,185.64,138.58,10.84,149.93,91.33,38.78,15.04,1085.38,251.76,27.71,105.11,NaN,NaN,292.71,116.62,39.99,156.88,650.65,NaN,40.45,90.71,NaN,47.94,57.78,NaN,40.81,16.67,139.56,138.17,12.37,NaN,50.365,58.57,47.8,12.16,36.54,159.97,122.36,2.36,28.48,4.92,346.29,370.87,685.15,481.68,102.11,221.18,10.41,81.45,148.74,2.58,402.59,165.7,0.85,45.05,5.31,44.1391,46.95,69.1,50.44,16.14,NaN,9.65,2.08,53.7,472.65,14.14,1.38,48.13,58.38,18.19,27.13,211.91,471.29,434.01,266.55,235.63,305.58,57.3,159.29,187.44
2024-01-03,12.95,184.25,135.32,10.91,148.47,92.17,38.21,14.62,1058.58,243.91,26.93,105.15,NaN,NaN,284.3,113.49,39.07,152.24,644.69,NaN,38.74,91.65,NaN,47.27,57.85,NaN,40.47,16.69,140.36,138.92,11.79,NaN,50.38,58.45,47.05,11.93,36.35,160.97,121.74,2.24,27.31,4.61,344.47,370.6,631.06,475.69,103.62,216.08,10.23,79.31,147.84,2.59,398.33,163.92,0.89,44.39,5.1,43.411,45.66,67.05,47.95,15.78,NaN,8.31,1.98,53.35,468.79,14.59,1.35,46.59,58.25,17.84,26.83,206.65,464.98,430.79,264.32,233.37,302.49,56.94,159.3,185.53
2024-01-04,13.09,181.91,136.01,11.34,144.57,94.8,38.12,14.68,1049.01,244.94,26.87,105.23,NaN,NaN,286.1,114.0,38.94,155.6,648.35,NaN,39.2,90.56,NaN,47.17,58.39,NaN,40.52,16.36,138.04,136.39,11.98,NaN,50.37,58.9506,46.87,12.28,36.47,160.63,122.53,2.11,27.93,4.7,347.12,367.94,655.81,479.98,107.63,207.76,10.22,76.2,148.65,2.42,396.28,163.11,0.905,44.08,5.47,43.4655,45.59,66.89,48.65,16.2,NaN,8.42,2.06,53.17,467.28,14.84,1.34,45.81,57.8,17.79,27.2,206.42,462.18,429.43,262.92,232.77,301.05,56.97,157.76,184.17
2024-01-05,13.6,181.18,138.58,11.43,145.24,94.93,38.11,14.58,1049.28,249.0,26.84,105.225,NaN,NaN,288.93,113.77,39.33,153.98,656.01,NaN,40.54,90.9,NaN,47.29,58.34,NaN,40.52,15.96,137.39,135.73,11.89,NaN,50.385,59.38,46.89,12.0,37.27,161.13,122.25,2.3,29.15,4.75,351.95,367.75,631.08,490.97,105.98,205.72,10.46,75.7,147.42,2.52,396.75,163.32,0.8638,44.64,5.4,43.2524,45.55,67.23,48.93,16.55,NaN,8.22,1.99,53.21,467.92,14.8,1.36,45.98,57.58,17.73,26.96,206.87,462.29,429.98,263.02,233.12,301.39,57.01,156.71,184.12
2024-01-08,14.58,185.56,146.18,10.79,149.1,96.29,39.29,14.76,1074.85,229.0,27.7,105.2,NaN,NaN,292.25,114.76,39.87,159.42,661.69,NaN,41.63,91.55,NaN,47.77,61.26,NaN,40.2,15.79,140.53,138.84,12.42,NaN,50.4,59.16,48.45,12.64,37.66,161.53,123.21,2.29,29.12,4.7,358.66,374.69,598.01,522.53,106.4,212.17,10.59,77.94,148.69,2.6,404.95,166.7,0.8201,44.11,5.55,43.3464,46.43,67.8,50.09,17.31,NaN,8.53,2.1,53.95,474.6,13.89,1.4,48.75,59.01,17.85,27.36,210.14,474.06,436.13,268.6,236.45,307.75,57.48,158.25,188.74
2024-01-09,14.38,185.14,149.26,10.22,151.37,95.66,39.14,14.6,1082.49,225.76,27.73,105.25,NaN,NaN,292.29,113.76,39.24,151.99,667.18,NaN,42.32,89.67,NaN,47.57,59.4,NaN,40.23,15.16,142.56,140.95,12.2,NaN,50.405,59.0014,48.05,12.45,37.67,161.63,123.64,2.3,29.32,4.77,357.43,375.79,577.29,531.4,106.95,211.71,10.46,77.03,149.3,2.83,405.75,167.02,0.8015,43.75,5.45,42.8778,46.0,66.75,50.0,17.05,NaN,8.32,1.87,53.96,473.88,13.82,1.37,49.07,60.3,17.69,28.47,208.6,474.9,435.07,269.36,236.01,308.42,56.92,159.31,189.04
2024-01-10,14.35,186.19,148.54,10.39,153.73,96.72,40.53,14.7,1080.57,227.84,28.41,105.24,NaN,NaN,293.35,113.41,39.5,151.29,672.76,NaN,42.11,89.29,NaN,47.77,61.37,NaN,40.12,15.73,143.8,142.28,12.14,NaN,50.42,59.2938,47.47,12.09,37.56,161.87,123.27,2.83,29.71,4.94,370.47,382.77,565.67,543.5,108.67,211.29,10.53,75.61,149.94,2.61,408.5,168.16,0.7704,43.59,5.34,42.8941,46.06,65.82,49.54,17.37,NaN,8.48,1.875,54.23,476.56,13.54,1.45,50.04,62.41,18.2,28.79,209.07,478.93,437.94,272.02,237.23,311.74,57.17,161.29,190.65
2024-01-11,14.59,185.59,148.02,10.06,155.18,95.34,41.42,14.64,1099.98,222.66,28.68,105.27,NaN,NaN,292.06,112.72,39.27,141.16,673.58,NaN,42.26,89.45,NaN,47.74,62.25,NaN,40.21,15.25,143.67,142.08,11.71,26.63,50.45,59.4151,47.64,11.56,37.82,161.15,123.82,2.39,29.84,4.7,369.67,384.63,536.18,548.22,106.69,211.49,10.15,74.43,150.51,2.52,409.35,168.54,0.7568,44.29,5.16,42.6327,45.79,65.26,49.17,17.09,NaN,8.17,1.77,54.36,476.35,13.49,1.42,50.28,63.47,17.71,29.39,207.99,480.61,437.79,272.58,237.07,312.52,57.2,161.11,191.62
2024-01-12,13.21,185.92,146.56,10.11,154.62,95.41,41.71,14.68,1107.68,217.7,28.79,105.32,NaN,NaN,290.41,112.71,39.36,130.78,683.24,NaN,38.47,90.35,NaN,47.66,62.44,38.58,40.61,14.75,144.24,142.65,11.02,24.97,50.49,60.0232,47.12,11.4,37.67,162.39,124.17,2.56,28.57,4.65,374.49,388.47,485.53,547.1,107.16,209.11,10.0,73.47,150.6,2.46,409.56,168.6,0.786,44.28,5.17,42.8576,45.68,65.23,49.26,16.43,NaN,7.89,1.82,54.5,476.68,13.47,1.45,50.34,63.2,17.69,31.48,207.39,481.68,437.99,272.98,237.11,312.77,57.4,161.32,192.24
2024-01-16,13.19,183.63,158.74,9.72,153.16,95.46,40.72,14.38,1114.96,200.52,28.59,105.36,NaN,NaN,287.23,110.83,38.45,133.88,681.49,NaN,37.47,93.05,NaN,47.41,62.0,38.32,40.22,13.98,144.08,142.49,10.93,24.72,50.485,59.4037,47.06,10.97,37.31,160.52,123.07,2.59,28.72,4.45,367.46,390.27,482.14,563.82,106.35,208.99,9.82,73.8,149.79,2.41,409.52,168.57,0.761,44.0,4.94,42.1711,45.22,64.31,48.5,15.54,NaN,7.72,1.82,54.35,474.93,13.49,1.41,50.31,63.65,17.6,31.23,205.65,482.39,436.5,272.86,236.01,312.36,56.36,161.83,192.72
2024-01-17,12.93,182.68,160.17,10.24,151.71,96.06,41.18,14.3,1103.67,203.06,28.14,105.385,NaN,NaN,278.63,108.5,38.61,133.86,684.19,NaN,37.14,90.34,NaN,47.07,60.62,37.94,39.79,14.08,142.89,141.47,10.65,24.41,50.48,58.55,46.06,10.85,36.9,160.43,123.32,2.59,28.11,4.7,368.37,389.47,499.0,560.53,106.68,205.48,9.79,72.27,149.94,2.21,407.21,167.62,0.7525,43.75,4.92,41.9514,44.84,63.45,47.69,15.5,NaN,7.53,1.79,54.08,472.29,13.72,1.32,49.44,63.12,17.44,30.61,204.0,479.75,434.07,271.5,234.59,310.98,55.74,161.07,191.77
2024-01-18,13.82,188.63,162.67,9.75,153.5,96.58,43.09,14.38,1143.91,211.61,28.45,105.41,NaN,NaN,281.9,107.79,38.81,124.34,687.31,NaN,38.09,92.21,NaN,47.36,61.41,36.29,40.1,14.29,144.99,143.48,10.67,23.34,50.5182,58.57,46.74,10.72,36.69,161.21,123.04,2.57,30.03,4.75,376.13,393.87,486.6,571.07,107.55,211.61,9.83,73.22,148.14,2.12,412.99,170.09,0.756,43.69,4.85,42.4536,45.12,62.72,47.96,16.21,NaN,7.41,1.81,54.63,476.49,13.15,1.3,51.56,64.88,17.46,30.78,205.65,489.08,437.93,275.33,236.66,315.12,56.16,163.24,195.66
2024-01-19,13.66,191.56,174.23,9.67,155.34,98.94,41.14,14.46,1211.2,215.02,28.71,105.44,NaN,NaN,285.28,107.97,39.73,124.75,694.97,NaN,37.28,93.06,NaN,47.75,60.9,37.01,40.23,14.51,147.97,146.38,10.71,23.8,50.515,59.594,48.15,10.85,36.74,161.68,122.77,2.61,29.99,4.7,383.45,398.67,481.0,594.91,106.96,218.36,9.97,73.87,147.57,2.17,421.18,173.39,0.752,43.67,4.86,42.5283,45.54,63.78,48.19,16.42,NaN,7.49,1.85,55.46,482.43,12.38,1.34,54.54,65.11,17.08,30.43,207.71,499.7,443.29,279.82,239.54,319.98,56.44,162.38,200.17
2024-01-22,13.62,193.89,168.18,10.03,154.78,97.45,43.355,14.66,1220.5,214.93,29.07,105.43,NaN,NaN,288.67,108.76,39.91,128.21,692.51,NaN,36.98,95.08,NaN,48.3,62.66,35.82,40.08,14.9,147.71,145.99,10.99,22.95,50.525,59.55,48.22,11.72,36.35,162.47,122.34,2.8,30.16,4.68,381.78,396.51,470.19,596.54,105.49,218.84,10.17,75.19,147.86,2.08,421.73,173.6,0.7525,44.15,5.05,43.1297,46.37,63.63,49.5,16.61,NaN,7.92,1.98,55.61,483.45,12.34,1.28,54.76,64.55,17.29,29.52,210.66,502.96,444.3,280.28,240.58,320.49,56.41,162.39,201.05
2024-01-23,14.0,195.18,168.42,10.03,156.02,95.31,44.73,14.68,1226.31,211.5,29.05,105.44,NaN,NaN,288.83,107.95,39.62,124.19,687.59,NaN,38.01,93.77,NaN,48.11,64.41,34.88,40.22,14.18,148.68,147.04,10.95,22.32,50.535,58.46,48.89,11.75,36.51,159.81,124.95,2.77,31.11,4.57,385.2,398.9,450.19,598.73,105.37,223.93,10.25,76.75,153.98,2.07,423.48,174.37,0.72,44.03,5.08,43.2051,46.19,63.92,50.17,16.33,NaN,7.75,1.92,55.76,484.86,12.19,1.36,55.41,64.32,17.32,30.33,209.92,505.05,445.62,281.18,241.02,321.49,56.45,162.8,201.86
2024-01-24,13.93,194.5,178.29,9.75,156.87,98.08,43.31,14.43,1253.87,214.13,28.86,105.47,NaN,NaN,290.68,105.56,39.73,121.34,686.51,NaN,38.19,93.5,NaN,47.82,66.11,35.27,39.9,13.95,150.35,148.7,10.81,22.6,50.54,59.14,49.09,11.07,36.18,158.96,118.04,2.64,31.11,4.41,390.7,402.56,450.99,613.62,105.21,221.69,10.31,75.15,152.12,2.04,425.83,175.29,0.6951,43.49,5.03,42.8037,45.78,63.48,49.66,16.32,NaN,7.56,1.9,55.84,485.39,11.99,1.43,56.32,63.76,17.11,30.01,208.29,507.47,445.99,282.82,240.98,322.66,56.85,160.5,203.25
2024-01-25,15.36,194.17,180.33,13.25,157.75,99.98,44.07,14.47,1230.0,201.88,29.0,105.52,NaN,NaN,300.77,110.81,40.96,121.01,679.9,NaN,40.18,94.86,NaN,48.32,65.55,35.44,40.07,14.52,153.64,151.87,10.7,22.76,50.565,59.24,49.55,11.28,37.65,159.56,120.49,2.57,30.39,4.39,393.18,404.87,457.78,616.17,105.68,219.41,10.21,72.69,155.62,1.97,426.35,175.49,0.6572,43.94,4.92,42.6,46.12,63.71,49.78,16.29,NaN,7.65,1.86,56.21,488.03,11.97,1.46,56.48,66.0,16.98,29.47,209.83,508.68,448.5,283.45,242.32,323.42,57.0,162.84,204.1
2024-01-26,15.13,192.42,177.25,13.77,159.12,100.31,44.3,14.41,1204.88,205.47,29.2,105.5,NaN,NaN,299.43,108.6,40.6,125.2,686.88,NaN,39.63,95.36,NaN,48.38,66.12,37.51,40.04,14.49,153.79,152.185,10.79,23.99,50.56,58.92,43.65,11.01,37.57,159.5,121.17,2.57,30.09,4.37,394.14,403.93,494.5,610.31,108.07,215.12,10.42,71.71,156.14,2.02,423.81,174.47,0.6595,44.15,4.88,42.6619,46.17,64.04,50.65,16.25,NaN,7.62,1.84,56.03,487.41,12.19,1.42,55.44,65.52,16.9,29.59,210.24,503.4,448.23,282.71,242.12,322.82,57.18,164.27,201.75
2024-01-29,14.94,191.73,177.83,13.64,161.26,101.21,46.57,14.66,1217.77,205.19,29.56,105.53,NaN,NaN,303.25,108.95,41.14,132.82,694.01,NaN,40.09,97.49,NaN,48.58,66.45,38.51,40.32,14.78,154.84,153.51,11.31,24.67,50.575,59.75,43.84,11.21,36.72,159.36,121.27,3.05,30.21,4.37,401.02,409.72,513.81,624.65,109.02,217.47,10.44,73.02,156.16,2.04,428.15,176.25,0.6965,44.32,5.14,42.9545,46.87,63.94,50.54,16.89,NaN,9.16,1.88,56.47,491.27,11.83,1.52,57.07,66.98,16.96,30.03,213.05,509.28,451.49,285.87,244.32,326.66,57.45,165.04,203.6
2024-01-30,14.53,188.04,172.06,13.44,159.0,101.6,42.47,14.54,1208.16,200.44,29.23,105.56,NaN,NaN,304.76,107.98,40.76,130.82,700.74,NaN,39.52,96.94,NaN,48.73,66.71,38.87,40.37,14.55,153.05,151.46,11.01,24.88,50.58,59.3522,42.92,10.69,36.32,158.77,121.7,3.4,30.19,4.3,400.06,408.59,519.51,627.74,109.02,215.17,10.38,72.57,157.49,2.01,425.3,175.05,0.6731,44.82,4.98,42.7311,46.54,64.38,49.12,16.47,NaN,8.4,1.79,56.59,490.89,12.07,1.56,55.93,66.84,16.77,30.55,212.03,504.38,451.17,284.69,243.98,324.6,57.27,165.59,201.92
2024-01-31,14.23,184.4,167.69,11.0,155.2,100.4,41.13,14.27,1180.0,211.04,28.58,105.52,NaN,NaN,300.31,108.25,40.02,128.2,694.88,NaN,39.14,96.05,NaN,48.04,64.49,37.99,40.34,14.23,141.8,140.1,10.74,24.3,50.595,59.7089,43.08,10.27,35.83,158.9,120.97,3.78,29.89,4.31,390.14,397.58,501.21,615.27,114.74,210.57,6.47,71.13,157.14,2.06,416.97,171.61,0.6705,43.66,4.85,42.3013,45.46,62.92,46.72,15.89,NaN,7.83,1.66,55.68,482.88,12.78,1.48,52.64,65.27,16.55,30.32,207.58,493.91,443.82,278.36,239.87,317.59,56.97,165.25,197.68
2024-02-01,14.34,186.86,170.48,11.31,159.28,100.55,40.96,14.24,1200.01,209.81,29.13,105.61,NaN,NaN,307.69,111.06,40.58,128.95,704.48,NaN,39.76,97.06,NaN,48.62,66.45,38.41,40.75,14.42,142.71,141.16,10.91,24.54,50.41,60.47,43.36,10.24,34.36,158.36,123.43,3.69,30.18,4.44,394.78,403.78,503.48,630.27,115.79,213.01,5.75,70.19,159.18,1.99,421.88,173.72,0.685,44.81,4.02,42.3312,46.06,62.27,47.87,15.87,NaN,7.73,1.71,56.25,489.2,12.34,1.48,54.5,66.73,16.59,32.21,210.41,500.28,449.66,282.91,243.1,322.76,57.5,168.31,200.17
2024-02-02,14.56,185.85,177.66,11.17,171.81,103.13,45.86,14.25,1224.34,209.38,29.39,105.64,NaN,NaN,315.09,108.32,40.95,129.22,709.48,NaN,39.98,97.13,NaN,48.71,66.44,38.34,40.37,14.73,143.54,142.38,10.92,24.5,50.385,60.28,42.6,10.27,33.46,156.61,122.26,3.74,30.37,4.41,474.99,411.22,500.1,661.6,113.7,214.99,6.04,70.83,158.09,1.9,429.01,176.67,0.6483,43.63,3.975,42.2212,45.86,62.94,48.67,17.05,NaN,7.88,1.7,56.57,494.35,11.72,1.42,57.24,68.07,16.53,31.52,210.19,505.16,454.28,288.88,245.18,329.25,57.1,169.57,202.24
2024-02-05,14.26,187.68,174.23,10.99,170.31,103.0,45.48,14.1,1243.1,206.63,29.3,105.64,NaN,NaN,321.4,105.59,40.31,117.3,711.16,NaN,39.24,96.65,NaN,48.33,66.09,37.84,40.16,13.46,144.93,143.68,10.56,24.19,50.4,60.0732,42.77,9.87,32.97,155.8,120.98,3.66,29.75,4.31,459.41,405.65,490.6,693.32,118.26,221.02,5.4,77.59,158.21,1.98,428.45,176.38,0.602,43.2,4.07,41.9357,45.22,62.37,47.65,16.75,NaN,7.58,1.63,56.64,492.55,11.78,1.34,56.95,68.99,16.33,31.01,207.67,505.4,452.62,289.13,244.02,329.04,56.85,168.66,202.7
2024-02-06,14.9,189.3,167.88,10.59,169.15,104.47,46.04,14.34,1222.65,208.58,29.07,105.665,NaN,NaN,322.72,107.66,40.72,119.79,710.79,NaN,40.18,99.29,NaN,48.5613,67.48,38.47,40.38,14.1,145.41,144.1,10.78,24.6,50.41,60.7975,42.74,10.44,33.14,158.06,121.33,3.62,31.03,4.48,454.72,405.49,498.0,682.23,117.61,223.0,4.2,76.32,158.96,2.16,427.59,176.04,0.6075,43.29,4.26,42.566,45.61,61.89,47.98,17.45,NaN,7.8,1.72,56.74,493.98,11.86,1.35,56.62,70.47,16.57,30.95,209.06,504.54,454.03,288.97,244.85,329.14,57.45,169.81,201.77
2024-02-07,14.91,189.41,170.94,10.28,170.53,105.9,47.69,14.2894,1257.06,211.92,29.32,105.63,NaN,NaN,323.59,106.87,44.24,122.07,719.78,NaN,40.21,99.14,NaN,48.72,70.03,39.43,40.34,14.07,146.68,145.54,11.0,25.22,50.405,61.4735,42.78,10.41,33.86,157.98,121.07,3.5,30.74,4.44,469.59,414.05,508.01,700.99,118.66,221.37,4.48,76.96,159.12,2.04,431.99,177.82,0.577,43.37,4.27,42.657,45.56,62.43,48.17,11.41,NaN,7.66,1.71,57.21,498.1,11.51,1.35,58.31,70.65,16.445,31.3,209.64,511.06,457.76,292.82,246.78,333.41,57.46,169.38,204.44
2024-02-08,14.95,188.32,169.35,10.93,169.84,107.41,46.55,14.42,1274.76,209.22,29.37,105.67,NaN,NaN,322.0,107.5,45.61,132.55,724.16,NaN,40.35,110.54,NaN,49.1,67.85,40.68,40.32,14.35,147.22,145.91,11.22,26.03,50.415,60.8051,42.5,10.9,34.89,156.4,120.27,3.78,32.33,4.41,470.0,414.11,587.81,696.41,118.39,227.83,4.19,80.71,158.64,2.05,432.79,178.17,0.6435,44.43,4.3,42.8734,46.24,62.47,49.87,11.1,NaN,8.08,1.95,57.28,498.32,11.45,1.35,58.55,71.61,16.58,30.0,212.15,513.65,458.07,293.04,247.39,333.97,57.31,169.37,205.08
2024-02-09,14.88,188.85,172.48,11.31,174.45,109.93,46.35,14.65,1283.44,209.2,29.91,105.71,NaN,NaN,317.16,108.4,44.78,141.99,723.4,NaN,40.51,108.39,NaN,49.2,70.44,42.48,40.15,14.66,150.22,149.0,11.55,27.15,50.42,61.2,43.31,11.16,35.26,156.76,119.81,4.99,32.49,4.4,468.11,420.55,646.32,721.33,121.2,233.55,4.9,80.8,157.42,2.15,437.05,179.9,0.698,44.53,4.34,43.1579,46.82,63.37,51.02,11.11,NaN,8.13,2.26,57.58,501.2,11.12,1.37,60.27,70.91,16.77,29.77,214.13,521.44,460.67,296.32,248.9,337.68,57.55,169.28,207.84
2024-02-12,14.93,187.15,171.91,13.03,172.34,108.88,47.06,14.83,1265.0,209.33,29.99,105.69,NaN,NaN,321.63,108.19,45.31,147.31,722.41,NaN,40.58,109.29,NaN,49.42,70.26,44.86,40.06,14.73,148.73,147.53,12.01,28.66,50.43,60.9,44.03,11.62,35.5,157.85,120.07,5.3,32.79,4.51,468.9,415.26,717.52,722.48,120.53,236.68,4.89,80.92,157.11,2.15,435.34,179.2,0.6561,44.87,4.72,43.55,47.51,64.5,52.36,11.64,NaN,8.33,2.35,57.6,500.98,11.26,1.42,59.56,69.12,17.06,29.76,216.52,518.19,460.46,294.33,249.14,335.74,57.72,170.3,206.26
2024-02-13,14.61,185.04,171.54,12.71,168.64,109.87,45.83,14.43,1251.65,204.46,29.28,105.75,NaN,NaN,312.84,105.23,43.39,140.39,714.25,NaN,40.01,110.46,NaN,48.6491,69.4,44.11,39.51,14.17,146.37,145.14,11.84,28.22,50.41,60.28,43.16,10.54,34.61,156.47,118.55,5.15,32.53,4.31,460.12,406.32,686.02,721.28,119.99,232.07,4.59,78.59,156.27,2.11,428.55,176.4,0.6217,42.99,4.44,42.56,45.81,62.71,50.79,11.14,NaN,8.02,2.275,57.02,494.08,11.8,1.39,56.74,68.99,16.55,28.8,210.18,508.06,453.97,290.31,245.15,330.79,56.7,169.14,202.76
2024-02-14,14.86,184.15,178.7,14.44,170.98,112.57,46.87,14.96,1262.22,203.38,29.89,105.76,NaN,NaN,316.71,105.8,44.03,160.38,722.18,NaN,40.84,111.56,NaN,49.1641,70.88,46.19,39.49,14.41,147.14,145.94,13.38,29.55,50.4301,61.4189,44.19,10.93,34.53,155.74,118.4,4.98,33.75,4.31,473.28,409.49,769.88,739.0,123.29,233.96,4.64,81.67,155.63,2.11,433.22,178.35,0.7035,43.5,4.8,43.54,46.74,63.03,50.9,11.4,NaN,8.42,2.255,57.39,498.57,11.41,1.49,58.54,79.15,17.07,29.25,214.17,514.85,458.29,293.85,247.86,335.14,57.4,168.6,204.88
2024-02-15,14.9,183.86,176.76,14.37,169.8,114.05,58.5,14.92,1265.07,205.33,30.14,105.83,NaN,NaN,323.07,107.99,44.87,165.67,724.51,NaN,41.0,112.45,NaN,49.85,70.26,46.18,39.75,14.51,143.94,142.77,13.42,29.52,50.46,61.984,44.05,11.01,35.07,157.92,118.79,6.7,34.21,4.32,484.03,406.56,718.0,726.58,121.75,234.49,4.93,80.62,157.01,2.12,434.51,178.88,0.685,43.68,4.89,43.81,47.7,64.63,51.46,11.6,NaN,8.53,3.76,57.66,502.01,11.33,1.52,59.03,81.39,17.31,29.2,218.2,514.45,461.39,294.26,249.77,335.64,57.96,169.29,204.45
2024-02-16,14.64,182.31,173.87,14.28,169.51,112.71,59.87,14.83,1245.48,203.89,29.97,105.82,NaN,NaN,321.91,108.22,44.58,180.31,723.99,NaN,40.12,111.6,NaN,49.57,68.48,46.28,39.9,14.12,141.76,140.52,14.0,29.62,50.455,62.58,43.51,10.82,35.8,156.55,118.29,7.32,33.93,4.41,473.32,404.06,699.56,726.13,124.01,232.16,4.9,78.64,157.51,2.13,430.57,177.25,0.6886,43.24,4.89,43.74,47.23,64.4,52.51,11.17,NaN,8.36,3.82,57.26,499.51,11.65,1.54,57.41,78.41,17.29,28.96,216.19,509.0,459.03,292.24,248.46,333.24,58.08,170.36,202.57
2024-02-20,14.7,181.56,165.69,13.27,167.08,109.6,57.33,14.66,1226.55,203.37,29.82,105.87,NaN,NaN,313.74,108.92,44.26,173.3,725.69,NaN,40.6,109.44,NaN,49.57,67.91,46.41,40.15,13.49,142.2,141.12,14.09,29.67,50.485,62.97,44.52,10.62,35.74,157.86,119.15,10.99,33.86,4.53,471.75,402.79,704.98,694.52,121.45,231.35,4.69,77.47,158.51,2.13,427.32,175.91,0.6967,43.46,4.83,43.438,46.68,63.58,52.45,10.95,NaN,8.51,3.99,56.84,496.76,11.92,1.52,56.08,76.6,17.12,28.06,214.4,502.99,456.51,289.18,246.9,329.79,58.26,175.86,200.51
2024-02-21,14.79,182.32,164.29,13.21,168.59,109.28,55.42,14.56,1227.45,201.57,29.46,105.89,NaN,NaN,317.14,107.69,44.6,162.41,723.02,NaN,40.76,107.67,NaN,49.74,65.34,45.48,40.15,13.41,143.84,142.55,13.59,29.08,50.475,62.4641,43.47,10.63,34.73,158.68,120.45,9.32,34.54,4.86,468.03,402.18,672.8,674.72,120.93,235.32,4.5,77.62,160.4,1.99,425.61,175.18,0.695,43.95,4.64,43.58,46.53,64.13,53.92,10.74,NaN,8.11,3.77,57.05,497.21,12.07,1.5,55.38,76.44,17.07,28.35,213.75,498.7,456.97,288.8,246.95,328.93,58.32,173.7,199.25
2024-02-22,15.24,184.37,181.86,13.04,174.58,111.51,57.8,14.485,1304.9,201.5,30.76,105.96,NaN,NaN,322.09,107.97,44.99,170.91,734.4,NaN,42.12,107.64,NaN,50.23,66.96,46.44,40.14,13.36,145.32,144.09,13.97,29.72,50.49,63.3598,42.98,10.99,34.49,160.45,121.05,8.28,34.24,4.73,486.13,411.65,713.15,785.38,124.52,239.5,4.62,78.36,160.56,1.99,438.07,180.36,0.7051,42.99,4.44,43.7817,46.79,64.63,53.23,10.73,NaN,8.16,3.97,58.46,507.5,11.02,1.48,60.17,78.03,16.97,27.73,216.01,514.92,466.57,298.18,251.83,339.44,58.92,175.41,205.77
2024-02-23,15.13,182.52,176.52,12.84,174.99,111.61,57.39,14.4,1296.37,200.83,30.73,105.96,NaN,NaN,323.88,108.69,44.64,165.98,737.93,NaN,41.72,107.74,NaN,50.5584,67.64,45.59,40.38,13.51,145.29,143.96,14.48,29.16,50.5,63.43,42.99,10.65,34.73,161.84,121.64,9.59,33.78,4.81,484.03,410.34,687.44,788.17,123.45,238.85,4.52,76.19,161.03,1.9,436.78,179.81,0.713,43.13,4.38,43.7292,47.0,64.44,53.76,10.8,NaN,8.17,3.92,58.5,507.85,11.12,1.5,59.62,78.2,16.88,26.98,216.71,513.18,466.78,297.71,252.0,338.84,58.95,175.56,205.29
2024-02-26,15.28,181.16,176.01,13.29,174.73,110.88,58.99,14.53,1309.13,200.54,31.01,105.97,NaN,NaN,325.38,105.93,43.91,193.94,745.35,NaN,41.79,107.68,NaN,50.44,68.4,48.63,40.31,13.68,138.75,137.57,15.59,31.12,50.505,63.32,42.99,11.24,33.8,160.79,121.23,6.27,34.15,4.95,481.74,407.54,796.48,790.92,123.49,243.79,4.41,77.57,160.22,1.9,436.55,179.74,0.72,42.48,4.57,43.8409,47.19,64.4,54.6,10.72,NaN,8.54,5.75,58.4,505.99,11.15,1.48,59.54,78.36,16.91,27.54,216.95,514.52,465.07,296.8,251.24,337.92,58.82,59.6,205.49
2024-02-27,15.54,182.63,178.0,13.23,173.54,110.82,60.63,14.6,1296.23,201.4,31.14,105.99,NaN,NaN,327.63,105.64,44.82,199.22,744.71,NaN,41.98,109.42,NaN,50.62,69.95,50.85,40.25,14.21,140.1,138.88,16.25,32.59,50.505,63.23,42.73,11.57,34.2,160.98,121.19,6.705,34.52,4.92,487.05,407.48,871.8,787.01,122.23,245.73,4.69,76.97,159.3,1.9,437.6,180.16,0.721,43.1,4.71,43.9779,47.76,65.35,53.77,10.9,NaN,9.15,6.86,58.36,506.93,11.07,1.53,59.91,78.75,17.17,28.01,218.77,515.27,465.93,297.32,251.94,338.5,58.93,59.59,205.67
2024-02-28,15.46,181.42,176.54,13.06,173.16,111.79,58.01,14.42,1289.42,207.0,30.81,106.0,NaN,NaN,329.56,108.57,45.03,200.8,747.96,NaN,42.01,110.8,NaN,50.69,69.51,53.83,40.34,14.24,137.43,136.38,16.13,34.45,50.53,62.24,41.99,11.26,34.62,161.55,121.23,5.88,34.47,4.91,484.02,407.72,962.95,776.63,121.54,243.98,4.54,76.47,160.05,1.88,435.27,179.19,0.745,43.16,4.59,43.8043,47.48,65.65,53.8,11.0,NaN,8.86,6.34,58.31,506.26,11.25,1.48,58.94,77.73,16.83,27.52,218.12,512.88,465.21,296.45,251.52,337.53,58.5,59.62,204.7
2024-02-29,15.68,180.75,192.53,13.45,176.76,111.8,59.72,14.47,1300.49,203.72,31.18,106.05,NaN,NaN,333.96,109.94,45.85,203.56,743.89,NaN,42.27,111.58,NaN,50.76,69.11,55.35,40.54,14.27,139.78,138.46,16.31,35.42,50.545,62.51,43.05,10.36,35.36,161.38,121.17,6.03,34.27,4.9,490.13,413.64,1022.84,791.12,119.77,249.73,4.79,78.92,158.94,1.85,439.0,180.69,0.7313,43.32,4.585,43.9555,47.67,66.78,54.0,11.02,NaN,8.98,7.42,58.45,508.08,10.99,1.55,60.36,79.5,16.85,27.46,219.56,517.79,466.93,298.36,252.58,340.03,58.63,58.61,206.98
2024-03-01,15.66,179.66,202.64,13.71,178.22,111.01,62.26,14.57,1399.17,200.0,31.74,106.055,NaN,NaN,336.7,111.06,45.61,205.77,749.44,NaN,42.16,111.95,NaN,51.19,70.44,56.28,41.3,14.95,138.08,137.14,16.58,35.99,50.35,63.69,43.82,10.66,35.05,162.12,122.9,5.85,33.96,5.32,502.3,415.5,1079.39,822.79,124.23,257.51,3.55,81.14,158.85,2.25,445.61,183.48,0.746,42.89,4.54,44.2018,48.13,66.47,55.83,11.25,NaN,8.99,6.035,59.22,512.85,10.49,1.57,63.13,81.03,17.02,28.29,221.29,527.39,471.43,302.39,254.9,343.57,59.3,58.76,210.76
2024-03-04,14.81,175.1,205.36,14.35,177.58,111.36,61.87,14.53,1402.26,200.54,31.97,106.06,NaN,NaN,338.65,112.8,45.97,229.15,759.18,NaN,41.57,113.69,NaN,51.39,71.39,60.38,41.96,15.22,134.2,133.35,16.63,38.65,50.35,63.7,45.61,10.09,35.89,159.84,123.49,5.33,34.11,5.07,498.19,414.92,1334.01,852.37,127.95,254.3,2.73,79.88,159.56,2.1,444.02,182.76,0.7636,42.89,4.43,44.2826,48.03,67.64,56.45,11.03,NaN,8.58,5.625,59.18,512.3,10.62,1.56,62.38,81.3,16.78,27.7,221.69,528.37,470.87,301.2,254.65,342.04,59.12,59.3,210.76
2024-03-05,14.67,170.12,205.13,13.42,174.12,109.41,60.96,14.7,1342.75,201.14,31.7,106.08,NaN,NaN,333.53,111.57,46.08,216.77,759.95,NaN,41.8,112.87,NaN,51.1,69.04,55.23,42.22,15.0,133.78,132.67,15.93,35.32,50.385,63.36,43.16,9.37,35.85,159.97,123.62,5.3,34.41,5.14,490.22,402.65,1051.01,859.64,124.65,248.46,3.22,76.99,159.32,2.07,436.05,179.51,0.809,42.24,4.24,43.8696,47.6,68.1,56.25,11.43,NaN,7.27,4.96,58.63,507.18,11.19,1.5,59.04,79.09,16.72,27.55,220.03,515.68,466.15,296.28,251.95,336.56,58.9,60.04,205.58
2024-03-06,14.88,169.12,210.63,13.91,173.51,108.8,62.62,15.0,1350.0,201.0,32.35,106.1,NaN,NaN,335.63,112.07,46.67,238.55,773.24,NaN,42.02,110.06,NaN,51.47,71.32,59.8,42.56,15.26,132.56,131.4,16.4,38.29,50.385,63.8,44.51,9.92,35.71,159.34,124.81,4.9,34.56,5.19,496.09,402.09,1246.21,887.0,124.75,251.25,3.46,77.62,159.57,2.03,438.79,180.67,0.79,42.47,4.3,44.0327,47.89,68.1,55.38,11.16,NaN,7.4,5.04,59.05,509.75,10.98,1.61,60.13,78.64,16.85,28.01,221.52,521.4,468.62,297.69,253.44,338.11,59.66,60.57,207.21
2024-03-07,14.9,169.0,211.38,14.4,176.82,110.91,63.19,15.09,1407.01,203.03,32.89,106.115,NaN,NaN,340.22,111.61,47.62,242.62,785.59,NaN,42.78,110.18,NaN,51.98,73.07,60.45,42.82,15.26,135.24,134.38,16.36,38.63,50.405,64.35,46.15,10.9,35.88,158.87,125.9,5.12,34.83,5.12,512.19,409.14,1300.02,926.69,135.92,259.04,3.66,82.96,160.62,2.09,445.45,183.39,0.8034,43.62,4.43,44.36,48.24,68.19,55.68,11.85,NaN,7.47,5.63,59.84,514.81,10.51,1.64,62.81,79.41,17.03,29.35,223.4,530.16,473.26,301.95,255.91,342.72,60.23,60.36,210.48
2024-03-08,14.68,170.73,207.39,14.96,175.35,108.75,63.42,15.051,1308.72,198.49,32.38,106.135,NaN,NaN,339.19,112.92,47.35,256.62,725.56,NaN,42.24,110.32,NaN,51.75,71.35,61.9,43.18,14.65,136.29,135.41,17.0,39.55,50.42,64.27,44.0,10.81,36.24,159.52,125.65,5.47,34.26,4.99,505.95,406.22,1425.59,875.28,133.07,252.03,3.42,78.95,160.35,1.95,439.02,180.74,0.85,45.38,4.42,44.1983,48.23,67.17,56.0,12.39,NaN,7.71,5.86,59.16,511.72,10.96,1.74,60.06,78.7,17.05,28.06,222.88,521.49,470.39,298.74,254.43,339.43,60.06,60.12,207.35
2024-03-11,14.65,172.75,198.39,14.7,171.96,108.76,60.03,14.98,1293.12,192.49,31.84,106.155,NaN,NaN,334.97,112.26,46.83,254.17,714.08,NaN,42.68,112.31,NaN,51.7,71.46,64.32,43.26,14.43,138.94,137.67,16.86,41.12,50.415,63.68,44.86,9.79,36.62,161.23,126.78,5.95,33.78,4.85,483.59,404.52,1484.23,857.74,131.24,253.29,3.25,81.6,161.55,2.02,437.39,180.08,0.8459,45.42,4.48,43.9547,47.93,66.95,55.88,11.87,NaN,7.68,5.98,59.21,511.28,11.09,1.8,59.36,77.47,17.29,28.04,221.83,519.26,470.0,297.06,254.02,337.57,59.86,60.66,206.78
2024-03-12,13.96,173.23,202.76,14.54,175.39,109.94,61.11,14.98,1291.88,184.24,32.35,106.16,NaN,NaN,337.24,110.97,47.02,256.14,736.88,NaN,42.76,112.46,NaN,52.06,71.34,63.67,42.79,14.72,139.62,138.5,16.39,40.73,50.41,63.18,45.24,9.87,36.13,162.74,126.71,5.81,28.76,5.04,499.75,415.28,1593.35,919.13,135.11,257.46,3.44,82.59,161.93,1.98,443.66,182.63,0.82,45.4,4.34,43.7494,47.86,66.5,57.29,11.77,NaN,7.48,6.93,59.91,516.78,10.61,1.72,61.88,78.32,17.2419,28.15,222.44,530.0,475.03,302.6,256.53,343.59,60.345,61.41,211.02
2024-03-13,14.0,171.13,194.79,14.65,176.555,109.98,63.09,14.9,1257.87,182.35,32.08,106.155,NaN,NaN,341.52,110.09,46.37,251.73,734.2,NaN,43.91,112.5,NaN,52.2,70.18,65.58,43.07,14.87,140.77,139.79,17.16,41.95,50.42,61.73,43.23,9.63,36.29,161.1,127.9,5.29,28.28,5.15,495.57,415.1,1766.15,908.88,133.49,250.98,3.75,79.89,162.3,1.96,440.25,181.24,0.818,45.48,4.29,43.8975,47.98,67.13,58.33,11.9,NaN,7.38,8.65,59.84,515.97,10.88,1.91,60.44,78.25,17.15,27.33,223.23,524.39,474.31,301.26,256.21,341.97,60.26,61.28,208.74
2024-03-14,13.99,173.0,187.06,13.56,178.75,110.01,63.19,14.7,1262.27,181.15,31.56,106.22,NaN,NaN,341.92,106.19,45.15,233.67,731.95,NaN,43.06,112.06,NaN,51.78,68.04,61.8,42.9,14.63,144.34,143.1,18.05,39.51,50.43,62.38,42.75,9.2,36.19,159.21,124.81,5.07,28.11,4.99,491.83,425.22,1676.85,879.44,134.58,243.73,3.75,77.17,161.5,1.9,439.14,180.81,0.79,45.18,4.17,43.3843,47.16,66.6,57.53,11.39,NaN,7.05,8.37,59.81,514.95,10.96,1.86,59.95,77.65,16.83,27.43,220.17,522.42,473.27,301.66,255.22,342.09,59.88,61.02,208.78
2024-03-15,13.96,172.62,191.06,14.05,174.42,110.41,63.13,14.57,1235.5,182.53,31.65,106.23,NaN,NaN,346.97,105.77,44.58,242.36,725.63,NaN,43.12,111.95,NaN,51.62,66.72,61.6,42.77,14.24,142.17,141.18,18.15,39.39,50.43,62.34,42.64,9.31,36.35,158.18,124.47,5.49,28.35,5.02,484.1,416.42,1782.36,878.365,132.37,237.54,3.9,74.87,161.38,1.83,433.92,178.64,0.75,45.88,4.12,43.5585,47.31,67.04,57.95,11.19,NaN,7.03,8.91,59.16,509.83,11.36,1.91,57.76,76.07,16.74,27.89,220.01,515.56,470.01,298.19,253.71,338.08,59.59,60.68,205.63
2024-03-18,14.11,173.72,190.65,13.31,174.48,110.28,68.15,14.53,1237.24,179.84,31.87,106.255,NaN,NaN,351.9,104.35,45.01,239.62,731.54,NaN,43.44,113.85,NaN,51.57,67.55,59.58,42.84,13.91,148.48,147.68,18.21,38.14,50.43,62.4,42.71,9.54,34.94,156.76,124.23,5.32,28.01,4.99,496.98,417.32,1502.76,884.55,132.89,236.62,3.63,73.82,161.21,1.84,437.48,179.99,0.78,45.87,4.0,43.2063,47.1,67.4,57.62,11.06,NaN,7.08,8.24,59.29,512.86,11.05,1.94,59.39,75.7,16.43,28.19,219.71,517.98,472.95,301.12,255.0,341.17,59.6,60.86,206.3
2024-03-19,13.93,176.08,181.42,13.17,175.9,110.74,67.64,14.58,1238.01,181.14,31.89,106.275,NaN,NaN,353.9,104.56,45.2,230.12,732.17,NaN,43.74,114.51,NaN,52.01,67.79,57.41,42.79,13.41,147.92,147.03,17.24,36.7,50.46,61.62,42.05,9.24,38.77,156.21,125.05,5.49,28.17,5.04,496.24,421.41,1417.5,893.98,131.37,236.38,3.51,74.04,161.83,1.93,438.57,180.43,0.73,45.87,4.06,43.4158,47.45,68.35,59.15,11.05,NaN,6.92,8.33,59.65,515.71,10.97,1.91,59.8,77.08,16.41,27.79,221.02,520.17,475.6,302.84,256.47,343.12,59.62,60.87,207.37
2024-03-20,14.57,178.67,179.73,13.41,178.15,112.64,70.52,14.85,1276.0,187.78,32.27,106.27,NaN,NaN,356.45,104.52,46.38,256.88,740.72,NaN,45.38,116.46,NaN,52.53,67.87,58.75,43.28,13.48,149.68,148.74,18.56,37.55,50.485,62.1,42.2,9.58,39.23,155.76,124.42,5.605,28.84,5.04,505.52,425.23,1546.52,903.72,130.36,241.27,3.59,75.57,161.99,1.92,443.77,182.59,0.73,46.05,4.03,43.8383,48.2,69.67,59.59,11.2,NaN,7.36,7.93,60.12,520.48,10.43,2.04,61.7,78.64,16.66,28.7,224.46,527.22,479.75,306.19,259.07,346.61,60.26,61.25,209.69
2024-03-21,14.78,171.37,178.68,13.11,178.15,114.53,71.91,14.93,1348.0,187.7,32.24,106.33,NaN,NaN,364.56,103.66,47.39,262.0,742.56,NaN,46.0,116.7,NaN,52.99,68.57,58.11,43.26,13.66,148.74,147.6,19.09,37.15,50.495,62.67,42.42,9.42,39.88,155.75,124.81,6.23,28.68,4.9,507.76,429.37,1599.29,914.35,129.83,246.11,3.71,75.78,161.86,1.93,445.87,183.42,0.7153,45.96,4.09,44.2048,48.7,71.85,59.59,11.16,NaN,7.44,6.68,60.48,522.2,10.3,2.0,62.5,80.25,16.7,28.94,226.96,528.7,481.35,306.7,260.14,345.96,60.27,61.45,209.84
2024-03-22,14.82,172.28,179.65,13.03,178.87,112.58,71.23,14.78,1353.47,188.85,32.14,106.32,NaN,NaN,358.11,102.8,46.42,255.51,734.8,NaN,45.59,115.87,NaN,52.66,68.3,56.98,42.91,13.1,151.77,150.77,18.3,36.41,50.51,62.85,42.57,9.39,39.53,155.23,124.93,6.4,28.45,4.89,509.58,428.74,1523.0,942.89,128.76,244.33,3.54,74.68,161.66,1.75,446.38,183.59,0.77,45.63,4.05,44.1433,48.12,71.6,60.44,11.4,NaN,7.3,6.14,60.41,521.21,10.28,1.99,62.63,80.23,16.6,28.85,223.99,528.28,479.18,306.83,258.5,346.27,60.04,60.87,209.91
2024-03-25,14.92,170.85,178.63,13.2,179.71,113.42,72.6,14.81,1351.58,191.41,31.94,106.31,NaN,NaN,355.95,103.52,46.46,279.71,730.96,NaN,45.42,119.36,NaN,52.54,67.89,63.34,43.04,15.12,151.15,150.07,19.08,40.55,50.51,62.85,41.83,9.55,40.85,155.22,125.18,6.15,28.51,4.93,503.02,422.86,1856.0,950.02,129.05,240.34,3.33,73.54,160.19,1.8,444.76,183.0,0.7757,45.88,4.08,44.1015,48.13,71.33,60.31,11.26,NaN,7.45,5.86,60.26,519.77,10.39,2.14,61.99,79.41,16.61,28.38,224.11,526.15,477.94,305.83,257.92,345.15,59.99,60.57,208.52
2024-03-26,14.92,169.71,177.87,12.9,178.3,113.89,71.09,14.8,1331.49,187.5,31.92,106.41,NaN,NaN,356.39,101.93,46.44,266.81,730.98,NaN,45.93,119.93,NaN,52.48,67.45,61.93,43.18,15.5,151.7,150.67,19.28,39.63,50.53,63.32,41.99,9.11,38.2,155.77,126.09,7.13,28.41,5.05,495.89,421.65,1876.99,925.61,129.41,239.06,3.2,72.89,160.55,1.8,443.32,182.4,0.77,45.99,4.06,43.92,48.09,71.0,60.89,11.31,NaN,7.2,5.81,60.02,518.81,10.48,2.08,61.41,77.91,16.61,28.38,223.92,523.84,476.6,304.68,257.46,344.29,59.99,60.51,207.66
2024-03-27,15.3,173.31,179.59,13.45,179.83,113.58,68.86,14.92,1318.73,191.95,31.82,106.44,NaN,NaN,364.65,105.59,46.78,256.7,732.08,NaN,47.31,120.98,NaN,53.27,67.27,61.19,43.5,13.17,151.94,150.87,20.01,39.13,50.55,63.21,43.77,9.55,39.39,157.96,127.27,6.88,29.27,4.94,493.86,421.43,1919.16,902.5,128.05,245.44,3.34,75.61,162.61,1.78,444.83,183.07,0.789,46.23,4.14,44.7428,49.07,72.38,62.94,11.45,NaN,7.36,5.93,60.3,523.17,10.4,2.21,61.95,78.11,16.8931,28.56,227.8,525.08,480.76,305.41,259.73,345.04,60.32,60.72,208.72
2024-03-28,15.35,171.48,180.49,13.51,180.38,112.45,69.22,14.94,1325.41,192.99,31.81,106.46,NaN,NaN,366.43,105.83,46.91,265.12,732.63,NaN,47.87,122.36,NaN,53.46,68.31,63.17,44.05,12.52,152.26,150.93,20.13,40.47,50.56,64.01,44.17,9.99,39.02,158.19,129.35,6.25,29.19,5.0,485.58,420.72,1704.56,903.56,128.4,247.77,3.22,73.55,162.25,1.82,444.01,182.69,0.765,46.15,4.11,44.8538,49.24,72.34,62.29,11.48,NaN,7.3,5.89,60.42,523.07,10.48,2.17,61.56,76.99,17.02,28.83,228.59,524.34,480.7,304.71,259.9,344.2,60.3,60.17,208.27
2024-04-01,15.41,170.03,183.34,13.49,180.97,112.47,69.14,14.88,1350.26,189.5,31.63,106.52,NaN,NaN,363.74,104.26,46.4,252.11,721.24,NaN,48.22,121.53,NaN,53.18,67.82,62.18,44.52,11.99,156.5,155.49,19.41,39.75,50.33,63.51,44.52,9.99,39.03,157.78,128.8,6.65,29.18,4.99,491.35,424.57,1636.74,903.63,127.55,246.28,3.21,73.85,160.58,1.74,444.95,183.11,0.78,45.8,4.08,44.2941,48.8,72.37,61.67,11.25,NaN,7.22,5.56,60.39,522.16,10.41,2.19,61.94,76.4,16.61,30.12,226.63,525.42,480.07,305.13,259.7,344.27,60.19,60.0,208.85
2024-04-02,14.4,168.84,178.7,13.02,180.69,110.56,69.72,14.62,1338.76,188.04,31.05,106.51,NaN,NaN,364.83,102.85,46.36,245.84,711.3,NaN,46.9,122.82,NaN,52.65,68.85,58.7,45.16,11.28,155.87,154.56,19.2,37.6,50.35,63.87,43.94,9.36,38.7,157.73,127.69,6.35,28.33,4.93,497.37,421.44,1578.83,894.52,126.46,240.77,3.07,70.48,160.57,1.73,441.11,181.5,0.8,45.81,3.87,43.9372,47.94,71.46,61.22,11.08,NaN,7.2,5.38,60.06,518.84,10.68,2.33,60.28,76.98,16.14,30.39,223.21,519.49,476.93,303.11,257.3,341.86,59.94,59.16,206.84
2024-04-03,14.16,169.65,180.77,13.04,182.41,112.59,72.86,14.66,1363.21,184.92,31.09,106.51,NaN,NaN,375.79,102.17,46.87,251.58,705.69,NaN,46.57,118.98,NaN,52.69,71.32,58.64,45.57,11.38,156.37,154.92,19.21,37.54,50.365,63.53,40.33,9.32,39.07,154.26,126.06,5.98,28.03,4.83,506.74,420.45,1606.11,889.64,126.99,243.88,3.25,70.73,156.15,1.77,442.1,181.91,0.81,45.74,3.88,44.0167,48.19,71.42,62.5,11.15,NaN,7.54,5.05,60.1,519.41,10.62,2.44,60.68,76.81,16.185,31.38,224.15,520.56,477.36,303.96,257.7,342.57,60.2,59.43,207.39
2024-04-04,13.83,168.82,165.83,12.69,180.0,111.08,72.78,14.47,1317.5,183.29,30.57,106.56,NaN,NaN,369.79,101.31,46.97,249.61,704.88,NaN,45.88,117.09,NaN,52.13,69.23,61.04,45.31,11.53,151.94,150.53,18.45,39.08,50.375,63.82,39.73,9.12,39.29,152.5,126.5,5.7,27.97,4.72,510.92,417.88,1615.42,859.05,123.96,239.17,3.22,69.1,155.45,1.74,435.34,179.12,0.819,46.55,3.9,43.8026,47.7,71.35,62.92,11.02,NaN,7.31,5.27,59.24,513.07,11.12,2.3,57.82,74.92,16.07,30.21,221.79,512.15,471.48,299.6,254.61,337.78,59.79,59.5,204.11
2024-04-05,13.76,169.58,170.42,12.83,185.07,114.67,74.795,14.62,1339.43,183.14,30.7,106.53,NaN,NaN,379.3,100.78,47.15,240.9,713.72,NaN,46.06,118.38,NaN,52.5,70.91,59.99,46.06,11.25,153.94,152.5,18.4,38.41,50.38,64.26,38.71,9.21,38.66,152.39,126.31,5.52,28.34,4.74,527.34,425.52,1439.0,880.08,125.86,241.01,3.12,69.32,156.1,1.7,440.47,181.24,0.781,46.62,3.8,44.0252,47.94,71.89,64.72,11.0,NaN,7.4,5.18,59.93,518.43,10.74,2.38,59.86,77.16,16.04,30.54,223.55,518.38,476.49,304.11,257.18,342.78,60.01,59.85,206.45
2024-04-08,13.9,168.45,169.9,12.76,185.19,116.06,78.05,14.82,1336.1,181.56,30.77,106.57,NaN,NaN,373.47,100.19,47.47,256.99,711.81,NaN,47.01,117.35,NaN,52.62,68.39,63.96,46.37,10.83,156.14,154.85,18.56,40.95,50.39,64.95,37.98,8.37,38.21,151.59,126.05,5.12,28.65,4.74,519.25,424.59,1512.99,871.33,127.46,244.92,3.29,68.75,156.04,1.7,440.6,181.31,0.8201,47.61,3.77,44.0053,48.24,72.37,64.83,11.11,NaN,7.76,5.0,59.9,518.72,10.74,2.45,59.9,75.03,16.18,30.35,224.58,517.63,476.68,304.16,257.48,342.78,60.31,59.78,206.21
2024-04-09,13.95,169.67,170.78,13.1,185.67,111.87,76.52,14.83,1334.08,178.12,31.02,106.58,NaN,NaN,371.9,102.0,47.85,242.95,718.59,NaN,47.32,117.97,NaN,52.66,68.22,61.45,46.61,11.01,158.14,156.6,18.3,39.33,50.4,64.49,38.33,8.4,38.14,152.29,127.94,5.08,29.05,4.64,516.9,426.28,1441.02,853.54,124.86,251.83,3.22,70.94,156.66,1.51,442.23,181.95,0.8322,47.18,3.84,43.7597,48.5,72.28,63.56,11.23,NaN,7.89,4.85,60.01,519.32,10.61,2.53,60.52,75.14,16.22,30.04,225.29,518.8,477.27,303.95,257.85,342.83,60.47,59.79,207.25
2024-04-10,13.41,167.78,167.14,12.68,185.95,114.22,76.34,14.55,1322.37,174.63,30.55,106.58,NaN,NaN,372.07,97.7,46.94,250.99,722.58,NaN,46.24,117.19,NaN,51.75,68.13,62.47,46.18,10.85,157.66,156.14,18.34,40.0,50.365,64.23,37.2,8.0,38.25,150.2,127.16,5.0,27.96,4.57,519.83,423.26,1566.0,870.39,124.93,241.08,2.96,69.23,157.24,1.47,438.37,180.38,0.899,46.6,3.74,43.1349,47.28,71.1,62.95,10.88,NaN,7.56,4.51,59.65,514.12,10.9,2.49,58.93,74.35,15.97,30.34,220.38,514.08,472.65,302.13,254.97,340.85,59.62,60.62,204.71
2024-04-11,13.62,175.04,170.5,13.01,189.05,113.02,78.24,14.68,1382.46,173.36,30.89,106.61,NaN,NaN,371.98,97.08,47.23,263.01,732.35,NaN,47.63,117.15,NaN,51.59,68.22,62.79,47.06,11.29,160.79,159.41,19.0,40.17,50.385,64.44,37.63,8.24,37.81,148.79,126.08,5.24,28.52,4.7,523.16,427.93,1551.81,906.16,125.4,244.33,3.0,70.6,155.84,1.215,445.37,183.29,0.89,46.77,3.86,43.3548,47.48,70.62,62.51,11.36,NaN,7.64,4.77,60.25,518.0,10.4,2.51,61.7,76.18,16.05,30.91,220.78,524.0,476.06,306.75,256.7,346.14,59.83,60.09,208.8
2024-04-12,13.15,176.55,163.28,12.48,186.13,110.13,75.57,14.4,1344.07,169.55,30.09,106.67,NaN,NaN,365.63,96.71,45.79,245.75,731.31,NaN,46.86,114.01,NaN,50.95,66.45,59.55,46.45,10.77,159.19,157.73,17.97,38.14,50.39,63.5,35.69,8.03,37.14,147.52,123.89,5.08,27.54,4.76,511.9,421.9,1479.58,881.86,124.51,233.61,2.84,66.64,155.33,1.115,438.27,180.33,0.8799,45.72,3.73,42.6126,46.62,70.03,61.27,10.85,NaN,7.33,4.38,59.45,510.85,10.89,2.49,58.72,75.28,15.7,30.22,216.95,514.68,469.57,302.43,253.0,341.33,58.79,60.14,205.42
2024-04-15,12.94,172.69,160.32,12.06,183.62,107.58,71.43,14.2,1310.69,167.82,29.51,106.66,NaN,NaN,363.91,95.65,45.27,223.41,718.28,NaN,46.65,112.95,NaN,50.45,64.73,56.38,47.31,10.06,156.33,154.86,17.19,36.08,50.39,63.01,36.31,7.53,36.77,147.59,125.4,4.86,27.84,4.68,500.23,413.64,1335.88,860.01,123.9,230.11,2.91,65.64,155.45,0.98,431.06,177.36,0.95,45.49,3.53,42.1994,45.95,71.23,61.76,10.34,NaN,7.12,3.97,58.74,504.45,11.44,2.44,55.77,73.4,15.34,29.45,213.73,504.89,463.61,297.11,249.89,334.96,58.52,59.93,201.52
2024-04-16,13.03,169.38,163.46,11.95,183.32,107.83,72.32,14.15,1329.06,170.55,29.41,106.68,NaN,NaN,359.88,93.96,45.06,218.83,715.97,NaN,46.55,113.88,NaN,50.21,64.48,55.88,47.39,10.37,156.0,154.4,17.31,35.75,50.4,63.15,36.26,7.52,35.91,144.45,125.28,5.04,28.05,4.69,499.76,414.58,1254.03,874.15,123.45,230.68,2.92,64.72,155.95,0.81,431.1,177.37,1.12,45.45,3.56,42.1673,45.7,73.07,62.59,10.41,NaN,7.2,4.06,58.75,503.53,11.44,2.49,55.78,74.13,15.3,28.89,212.67,505.19,462.78,297.08,249.14,335.08,57.86,59.84,201.76
2024-04-17,13.89,168.0,154.02,11.88,181.28,107.49,70.9,14.02,1282.63,170.21,29.08,106.72,NaN,NaN,358.32,93.05,44.63,213.78,715.19,NaN,47.88,112.94,NaN,49.88,64.66,54.31,47.05,10.3,156.88,155.47,17.08,34.76,50.4,63.19,35.68,7.28,35.06,144.77,125.96,5.01,28.78,4.78,494.17,411.84,1188.05,840.35,124.53,226.92,2.97,64.47,156.96,0.892,425.84,175.23,1.42,45.62,3.57,41.9317,45.25,72.5,63.19,10.9,NaN,7.16,3.96,58.19,500.55,11.86,2.45,53.71,71.94,15.11,29.0,211.21,497.69,459.99,294.29,247.68,331.93,57.9,59.65,198.85
2024-04-18,14.02,167.04,155.08,11.75,179.22,107.3,68.86,14.07,1258.99,170.23,29.24,106.74,NaN,NaN,357.93,94.37,43.68,218.08,711.25,NaN,47.85,112.43,NaN,49.87,64.03,56.58,47.19,10.31,157.46,156.01,17.08,36.21,50.425,63.1,35.04,7.37,35.26,145.74,125.61,5.31,29.06,4.85,501.8,404.27,1208.16,846.71,122.75,219.35,2.95,62.93,157.29,0.8858,423.41,174.26,1.06,46.12,3.55,41.8843,45.24,72.93,62.08,11.63,NaN,7.13,3.83,58.0,499.52,12.07,2.49,52.75,71.3,15.17,28.88,210.76,492.97,458.94,293.2,247.17,329.9,57.91,59.26,196.58
2024-04-19,14.11,165.0,146.64,11.66,174.63,107.63,66.8,14.09,1204.71,169.82,28.65,106.77,NaN,NaN,354.66,95.2,44.08,211.01,709.51,NaN,47.57,112.61,NaN,49.93,63.4,57.31,47.35,10.42,155.72,154.09,16.63,36.67,50.44,63.41,34.2,7.09,35.37,147.91,126.83,5.2,29.38,5.11,481.07,399.12,1174.11,762.0,122.71,215.12,2.95,60.71,158.14,0.878,414.65,170.63,1.12,46.75,3.55,41.9922,45.44,73.42,61.86,11.16,NaN,7.11,3.55,57.33,495.16,12.84,2.46,49.48,69.2,15.24,28.83,211.37,479.9,455.1,286.24,245.23,322.46,57.89,59.53,192.53
2024-04-22,14.53,165.84,148.64,11.74,177.23,110.6,67.85,14.25,1224.46,170.48,29.11,106.78,NaN,NaN,357.61,95.08,45.2,225.86,715.46,NaN,49.02,111.99,NaN,50.37,63.69,59.26,46.17,10.01,157.95,156.28,17.19,37.93,50.455,64.12,34.41,7.49,34.76,149.12,128.93,5.16,29.73,5.1,481.73,400.96,1324.01,795.18,125.26,218.66,3.12,60.65,160.54,0.8789,418.82,172.35,1.3,46.75,3.59,42.27,45.95,74.26,61.84,11.14,NaN,7.25,3.78,57.92,499.72,12.47,2.37,50.92,68.98,15.19,28.99,213.54,486.46,459.05,288.79,247.64,325.61,58.49,60.14,194.25
2024-04-23,14.23,166.9,152.27,12.33,179.54,113.77,71.185,14.44,1249.19,169.18,29.64,106.78,NaN,NaN,363.25,95.47,46.33,236.43,722.68,NaN,49.23,113.71,NaN,50.73,64.8,59.21,46.04,10.16,159.92,158.26,17.62,37.9,50.46,64.47,34.28,7.97,34.41,149.56,136.04,5.5,29.46,5.15,496.1,407.57,1338.64,824.23,128.64,225.61,3.18,61.68,161.5,0.8898,425.07,174.9,1.2,46.89,3.68,43.0651,46.68,75.23,62.55,11.39,NaN,7.58,4.17,58.64,505.65,11.91,2.36,53.19,70.8,15.5086,29.23,216.7,494.45,464.84,293.54,250.59,331.14,59.05,59.09,197.13
2024-04-24,13.92,169.02,151.74,11.87,176.59,112.72,69.7,14.44,1256.82,164.33,29.56,106.807,NaN,NaN,363.52,95.44,46.12,224.37,723.89,NaN,47.94,113.92,NaN,50.73,65.45,56.9,45.99,10.93,161.1,159.13,17.31,36.41,50.46,64.19,34.5,8.2,34.43,148.53,137.78,5.45,29.3,5.07,493.5,409.06,1265.67,796.77,126.16,235.04,3.06,65.53,162.6,0.857,426.51,175.49,1.52,46.42,3.69,42.7485,46.6,75.19,62.93,11.08,NaN,7.6,4.01,58.57,505.41,11.81,2.36,53.71,69.36,15.47,29.05,216.48,495.24,464.5,293.65,250.65,331.07,58.97,59.87,198.03
2024-04-25,14.13,169.89,153.76,11.86,173.67,111.88,69.21,14.38,1294.42,166.81,29.34,106.85,NaN,NaN,338.0,94.21,45.62,223.61,721.86,NaN,49.88,112.77,NaN,50.64,64.03,57.6,46.25,11.21,157.95,156.0,17.12,36.86,50.48,64.61,35.11,8.18,33.52,146.82,136.43,5.43,27.26,5.54,441.38,399.04,1240.41,826.32,125.79,238.08,3.07,66.38,162.55,0.83,424.45,174.65,1.46,46.23,3.65,43.1924,46.25,74.89,62.79,11.4,NaN,7.59,4.16,58.55,503.49,12.0,2.47,52.85,69.31,15.34,29.18,215.4,495.44,462.58,292.51,249.46,329.19,58.86,60.21,197.6
2024-04-26,13.88,169.3,157.4,12.27,179.62,112.22,73.82,14.83,1344.07,167.22,30.08,106.88,NaN,NaN,343.38,93.58,46.11,236.32,729.18,NaN,49.92,112.73,NaN,50.64,64.18,56.74,46.38,11.9,173.69,171.95,17.88,36.32,50.485,64.74,31.88,8.97,33.83,146.14,135.24,5.44,27.03,6.0,443.29,406.32,1282.38,877.35,126.85,242.7,2.97,68.06,161.29,0.8101,431.0,177.35,1.39,46.47,3.77,43.8291,46.59,74.99,63.84,14.55,NaN,7.87,4.4,59.38,508.26,11.43,2.6,55.28,69.05,15.58,29.5,216.56,503.94,467.21,297.56,251.78,335.18,59.34,60.16,199.83
2024-04-29,13.98,173.5,160.2,12.51,180.96,110.91,72.99,14.9,1338.62,173.49,30.27,106.8799,NaN,NaN,349.8,95.32,46.31,218.16,726.33,NaN,50.45,112.08,NaN,51.0,64.3,56.06,46.3,11.29,167.9,166.15,17.34,35.87,50.5,64.64,31.36,8.92,35.32,146.82,135.93,5.51,26.84,5.89,432.62,402.25,1292.97,877.57,126.88,247.13,2.79,70.82,161.66,0.912,432.75,178.06,1.5,46.26,3.8,44.0865,46.95,74.56,64.95,14.49,NaN,7.045,4.62,59.37,510.06,11.31,2.66,55.94,67.4,15.61,30.38,217.95,505.94,468.84,298.6,252.77,336.03,59.71,60.24,200.69
2024-04-30,13.51,170.33,158.38,12.35,175.0,108.38,70.57,14.67,1300.27,167.84,29.88,106.9,NaN,NaN,334.57,93.78,44.8,203.93,722.9,NaN,50.07,111.1,NaN,50.16,63.18,52.51,45.4,11.09,164.64,162.78,16.49,33.57,50.5,64.69,30.47,8.55,34.94,144.59,136.53,5.06,25.94,5.94,430.17,389.33,1065.03,864.02,128.31,256.19,2.65,70.16,163.2,0.9215,424.59,174.68,1.53,46.23,3.76,43.5375,46.06,73.95,64.28,15.05,NaN,6.78,4.24,58.33,501.98,11.95,2.46,52.735,66.27,15.3,28.77,213.79,494.73,461.43,293.02,248.61,329.82,58.9,59.35,196.27
2024-05-01,13.58,169.3,144.27,12.64,179.0,107.77,69.74,14.72,1242.86,171.46,29.82,106.915,NaN,NaN,331.07,95.23,40.97,210.09,722.22,NaN,50.02,110.48,NaN,50.07,63.53,50.64,45.8,10.91,165.57,163.86,16.65,32.39,50.315,64.98,30.37,8.75,35.28,151.18,136.47,5.16,25.67,6.0,439.19,394.94,1028.27,830.41,129.21,249.43,3.4,69.01,163.4,0.94,421.52,173.45,1.51,46.45,3.85,43.5734,46.18,74.57,64.12,15.86,NaN,6.92,4.41,57.79,500.35,12.22,2.38,51.6,67.79,15.4871,29.67,213.82,489.37,459.93,291.37,247.99,328.89,58.85,58.85,194.26
2024-05-02,13.86,173.03,146.16,12.99,184.72,112.07,72.47,14.91,1238.57,178.85,30.4,106.965,NaN,NaN,335.44,96.44,40.58,228.85,732.44,NaN,51.03,112.62,NaN,50.39,65.2,52.86,45.66,12.76,168.46,166.62,17.61,33.8,50.345,65.7,30.51,9.0,35.81,149.92,136.5,5.16,26.41,6.38,441.68,397.84,1129.42,858.17,124.02,254.26,3.37,70.01,163.84,0.93,426.9,175.65,1.41,46.85,3.95,43.8889,46.91,75.33,65.12,16.3,NaN,6.99,4.49,58.28,505.03,11.78,2.4,53.51,68.57,15.64,30.55,216.79,496.06,464.22,295.21,250.56,333.2,59.86,59.71,197.06
2024-05-03,13.85,183.38,150.6,13.37,186.21,109.46,75.07,14.96,1278.11,179.79,30.92,106.99,NaN,NaN,336.75,97.39,41.06,223.25,743.9,NaN,51.55,113.66,NaN,50.84,58.88,55.32,45.62,16.47,168.99,167.24,17.95,35.4,50.36,65.5,30.9,8.94,36.28,149.27,136.09,5.57,26.15,6.65,451.96,406.66,1223.01,887.89,123.05,257.85,3.53,70.37,164.46,0.821,435.48,179.2,1.13,46.92,4.0,44.2666,47.36,76.04,66.08,16.25,NaN,6.96,4.5,58.96,511.29,11.08,2.41,56.7,69.23,15.67,30.83,218.74,509.46,469.98,300.62,253.53,338.99,60.39,59.82,202.55
2024-05-06,14.65,181.71,155.78,13.74,188.7,111.48,76.85,15.22,1310.31,178.35,31.38,107.01,NaN,NaN,342.1,95.92,41.99,226.93,756.45,NaN,52.93,116.47,NaN,51.35,58.81,56.24,46.09,16.31,169.83,168.1,17.78,36.01,50.37,65.13,30.97,9.28,36.92,148.58,135.97,5.57,27.42,6.65,465.68,413.54,1268.81,921.4,124.59,259.63,3.65,69.67,164.44,0.8498,440.25,181.19,1.19,46.28,4.06,44.7417,47.98,76.86,65.98,16.84,NaN,7.16,5.21,59.63,516.57,10.7,2.5,58.56,71.51,15.8,31.72,221.77,516.83,474.72,304.86,256.25,343.54,60.72,59.87,204.93
2024-05-07,14.25,182.4,154.43,13.53,188.76,113.18,77.09,15.16,1303.11,176.71,31.4,107.0,NaN,NaN,345.0,96.15,41.98,214.34,771.31,NaN,52.2,105.39,NaN,51.33,59.43,56.11,45.89,16.31,172.98,171.25,17.99,35.93,50.375,65.0,30.68,8.63,38.84,148.72,135.98,5.76,27.0,6.58,468.24,409.34,1257.45,905.54,127.29,258.65,3.67,70.79,165.76,0.8787,440.32,181.19,1.23,46.33,3.97,44.6497,48.04,75.54,66.93,17.14,NaN,7.06,4.94,59.74,517.14,10.72,2.53,58.56,70.43,15.8,31.74,221.76,514.67,475.4,304.92,256.48,343.39,60.68,60.62,204.26
2024-05-08,14.42,182.74,153.62,13.57,188.0,113.32,74.0,15.18,1325.37,180.35,31.2,107.03,NaN,NaN,344.5,97.31,41.48,211.2,763.41,NaN,52.28,105.44,NaN,51.25,59.63,55.3,45.77,15.92,171.16,169.38,17.85,35.38,50.385,65.6,30.0,8.78,39.28,148.95,135.93,5.86,27.18,6.56,472.6,410.54,1233.12,904.12,126.69,260.21,3.58,70.67,165.07,0.8093,440.06,181.08,1.19,43.1,4.1,44.8488,47.78,76.4,67.03,16.74,NaN,7.05,4.81,59.77,517.19,10.74,2.45,58.45,66.4,15.695,30.97,220.83,515.42,475.42,304.65,256.3,342.82,60.6,60.3,204.84
2024-05-09,14.48,184.57,152.39,13.81,189.5,112.19,84.69,15.34,1305.67,181.25,31.34,107.08,NaN,NaN,351.78,99.88,42.37,210.45,779.04,NaN,52.75,105.8,NaN,51.82,58.11,55.57,46.47,18.01,171.58,169.96,17.3,35.58,50.4,65.51,30.09,9.2,39.84,149.85,136.66,6.07,27.28,6.42,475.42,412.32,1263.64,887.47,128.66,260.8,3.59,71.26,166.04,0.7989,441.02,181.48,1.2,43.06,4.26,45.2897,48.27,75.44,71.35,16.55,NaN,7.06,4.75,59.88,520.17,10.68,2.57,58.77,67.93,15.68,31.82,223.42,514.91,478.15,305.48,257.81,344.0,60.965,60.44,204.78
2024-05-10,14.4,183.05,151.92,13.52,187.48,112.06,86.43,15.19,1332.8,178.51,31.27,107.12,NaN,NaN,354.79,99.51,42.5,200.92,787.19,NaN,52.6,105.79,NaN,52.02,58.16,53.99,46.86,17.46,170.29,168.65,16.23,34.58,50.395,65.51,29.85,8.71,38.58,149.91,136.67,5.77,27.36,6.42,476.2,414.74,1180.48,898.78,128.42,261.73,3.45,70.46,166.85,0.7831,442.06,181.9,1.17,43.58,4.11,45.1372,48.03,76.11,71.84,16.01,NaN,6.94,5.09,60.12,520.84,10.61,2.55,59.17,66.99,15.52,31.22,222.54,516.26,478.74,305.54,258.05,343.81,61.05,60.48,205.54
2024-05-13,14.93,186.28,150.56,14.01,186.57,109.78,86.37,15.28,1337.51,178.44,31.32,107.13,NaN,NaN,356.68,100.04,41.72,199.51,775.15,NaN,52.99,105.83,NaN,51.9,59.63,56.19,46.35,30.45,170.9,169.14,16.89,36.0,50.41,65.55,30.51,8.77,39.52,151.22,136.29,6.07,27.98,6.53,468.01,413.72,1245.96,903.99,132.41,263.93,3.71,72.33,165.87,0.829,443.08,182.34,1.14,42.99,4.16,45.0179,48.09,74.7,70.38,15.76,NaN,7.11,5.52,60.21,520.91,10.55,2.57,59.56,66.02,15.61,30.85,222.9,518.78,478.77,305.78,258.19,343.82,61.15,60.41,206.51
2024-05-14,15.19,187.43,153.16,14.03,187.07,110.87,83.44,15.59,1380.03,180.76,31.49,107.13,NaN,NaN,358.18,101.06,42.3,203.05,777.9,NaN,53.06,105.35,NaN,52.13,60.2,54.78,46.72,48.75,171.93,170.34,18.02,35.07,50.415,65.72,31.05,9.22,39.85,151.38,135.1,5.7,28.13,6.43,471.85,416.56,1297.63,913.56,132.92,267.66,3.89,72.99,165.76,0.85,445.93,183.5,1.12,43.12,4.56,45.6199,48.59,77.07,71.4,15.62,NaN,7.47,5.3,60.45,523.3,10.34,2.74,60.67,65.32,16.06,31.14,225.16,524.12,481.04,307.66,259.45,345.65,61.53,59.86,208.34
2024-05-15,14.94,189.72,159.67,14.49,185.99,115.32,84.06,15.63,1436.17,176.99,31.95,107.12,NaN,NaN,360.04,103.52,44.06,219.91,787.04,NaN,53.26,102.77,NaN,52.61,60.73,58.82,47.32,39.55,173.88,172.51,18.52,37.67,50.44,65.61,31.27,9.0,39.71,152.67,134.11,5.21,27.77,6.65,481.54,423.08,1503.47,946.3,134.66,272.0,3.67,74.74,166.51,0.8001,452.9,186.35,1.11,43.07,4.34,45.5668,49.04,78.68,72.13,16.21,NaN,7.27,5.32,61.32,529.78,9.87,2.72,63.47,66.62,15.95,31.46,226.94,536.12,486.9,312.79,262.64,351.38,62.15,59.83,213.03
2024-05-16,14.79,189.84,162.62,14.21,183.63,112.73,83.23,15.52,1412.13,182.96,31.76,107.2,NaN,NaN,350.72,104.02,43.4,199.17,793.07,NaN,52.51,103.37,NaN,52.33,61.24,58.02,47.16,27.67,175.43,174.18,17.9,37.15,50.45,65.83,32.03,8.71,40.52,154.28,134.67,5.31,27.98,6.89,473.23,420.99,1439.98,943.59,133.04,269.61,3.67,73.0,167.86,0.839,451.98,185.99,1.11,43.09,4.24,45.6176,48.7,78.04,73.2,16.02,NaN,7.12,5.11,61.2,528.69,9.94,2.72,63.08,66.05,16.15,31.52,225.36,533.85,485.97,311.32,261.93,350.32,61.94,64.01,212.29
2024-05-17,14.73,189.87,164.47,14.01,184.7,113.08,82.49,15.6,1395.29,184.95,31.6,107.21,NaN,NaN,356.27,102.89,43.05,207.6,795.81,NaN,52.7,103.25,NaN,52.42,61.43,59.73,47.92,22.21,177.29,176.06,20.09,38.28,50.46,66.5,31.83,8.78,40.64,154.64,134.29,5.14,27.86,6.77,471.91,420.21,1584.5,924.79,131.89,267.72,3.69,73.17,167.64,0.8358,451.76,185.91,1.01,43.05,4.25,45.68,48.69,78.78,74.46,16.05,NaN,7.28,5.05,61.19,529.45,9.97,2.97,62.94,65.67,16.27,32.65,225.56,532.55,486.69,311.34,262.3,350.63,62.21,64.65,211.82
2024-05-20,14.52,191.04,166.33,14.34,183.54,112.95,84.57,15.67,1414.03,186.61,31.92,107.215,NaN,NaN,362.75,100.62,43.37,225.19,793.0,NaN,52.99,102.9,NaN,52.45,62.34,62.4,48.11,23.14,178.46,176.92,20.84,39.97,50.475,66.68,32.1,8.88,41.18,151.27,133.62,5.19,28.2,6.93,468.84,425.34,1727.24,947.8,132.91,273.57,3.58,74.28,167.31,0.7705,454.91,187.2,1.06,42.41,4.4,45.9786,48.82,78.66,76.26,16.43,NaN,7.19,5.48,61.41,530.06,9.76,3.05,64.24,64.65,16.49,33.21,225.86,539.3,487.17,313.53,262.57,352.48,62.21,64.18,214.31
2024-05-21,14.03,192.35,164.66,15.24,183.15,114.7,84.0,15.62,1399.2,184.78,31.57,107.23,NaN,NaN,359.07,100.75,44.39,225.78,800.93,NaN,52.23,103.01,NaN,52.31,61.31,61.6,48.04,22.12,179.54,177.85,20.96,39.47,50.47,66.13,31.74,8.48,41.89,151.24,133.74,5.12,27.97,6.96,464.63,429.04,1655.42,953.86,135.16,274.42,3.43,72.82,168.35,0.7501,455.8,187.57,1.09,42.91,4.46,46.0592,48.72,78.9,77.41,15.63,NaN,7.08,5.12,61.45,531.36,9.71,3.03,64.57,63.97,16.36,33.12,225.31,539.81,488.48,314.54,263.11,353.84,62.03,65.15,214.66
2024-05-22,14.1,190.9,165.52,15.8,183.13,113.84,80.0,15.53,1392.24,186.28,31.21,107.24,NaN,NaN,355.94,100.22,43.71,231.51,801.86,NaN,51.58,103.02,NaN,52.04,61.57,61.95,47.16,21.12,178.0,176.38,19.66,39.71,50.475,66.3932,31.42,8.6,42.1,153.5,133.87,5.06,27.88,6.88,467.78,430.52,1647.0,949.5,134.03,278.83,3.32,76.29,167.81,0.809,455.71,187.52,1.1,43.28,4.34,45.6642,48.41,75.27,75.19,15.91,NaN,7.02,5.07,61.44,529.83,9.73,2.87,64.53,65.48,15.95,32.0,223.8,539.94,487.06,313.36,262.22,353.04,61.56,65.25,215.14
2024-05-23,13.82,186.88,160.43,15.11,181.05,112.88,79.26,15.32,1393.29,172.21,31.25,107.29,NaN,NaN,350.7,99.01,43.96,218.86,796.34,NaN,51.2,100.66,NaN,51.48,60.93,59.7,46.22,18.32,175.06,173.55,19.24,38.27,50.5,67.18,30.08,8.32,44.16,149.7,131.84,4.96,26.65,6.76,465.78,427.0,1544.07,1037.99,135.57,272.72,3.23,71.65,165.49,0.7249,453.66,186.7,1.1,43.32,4.22,45.0829,47.64,72.34,75.16,15.18,NaN,6.83,4.99,61.36,525.96,9.88,2.78,63.57,63.6,15.6,31.44,220.4,539.98,483.44,313.36,259.99,351.58,61.15,64.84,213.39
2024-05-24,13.84,189.98,166.36,16.06,180.75,115.52,82.15,15.41,1407.84,174.52,31.53,107.325,NaN,NaN,348.9,98.12,44.55,237.65,809.73,NaN,51.84,101.76,NaN,51.85,61.35,61.53,46.28,19.0,176.33,174.99,20.51,39.46,50.51,67.29,30.72,8.43,45.46,146.97,131.94,5.13,26.84,6.88,478.22,430.16,1684.84,1064.69,136.04,277.17,3.33,72.56,165.33,0.6956,457.95,188.48,1.025,43.55,4.21,45.4793,48.1,72.27,76.88,15.22,NaN,6.92,5.06,61.73,529.44,9.6,2.85,65.35,64.26,15.84,32.0,222.59,545.23,486.73,315.94,261.87,355.46,61.64,65.38,215.19
2024-05-28,13.44,189.99,171.61,15.93,182.15,115.6,83.23,15.32,1412.45,175.08,31.55,107.32,NaN,NaN,346.47,97.7,43.09,245.0,813.17,NaN,50.28,102.44,NaN,51.53,59.45,60.78,46.74,23.78,178.02,176.4,20.47,38.98,50.51,66.53,31.06,8.28,45.15,144.38,129.15,5.12,26.52,7.13,479.92,430.32,1675.35,1139.01,134.08,279.63,3.3,73.65,163.11,0.709,459.68,189.18,0.9902,43.03,4.39,45.183,47.93,70.79,74.89,15.32,NaN,6.89,4.91,61.97,529.81,9.49,2.95,66.06,63.52,16.0,32.48,221.3,549.92,487.12,318.06,261.87,357.39,61.62,65.04,216.1
2024-05-29,11.62,190.29,165.14,15.79,182.02,113.17,83.89,15.15,1390.67,171.65,31.05,107.325,NaN,NaN,338.11,97.87,41.73,236.65,806.52,NaN,49.9,100.88,NaN,50.96,59.73,59.71,46.31,21.24,177.4,175.9,21.085,38.32,50.515,66.21,30.13,8.14,44.4,144.44,128.16,5.02,25.51,7.11,474.36,429.17,1618.7,1148.25,132.68,273.83,3.24,71.01,161.65,0.71,456.44,187.88,1.0,42.88,4.18,44.5596,47.31,70.53,75.46,15.16,NaN,6.85,4.7,61.5,526.1,9.69,2.83,64.68,64.93,16.32,32.17,218.71,548.0,483.69,316.79,259.72,356.12,60.59,64.92,214.73
2024-05-30,11.44,191.29,166.75,17.44,179.32,116.77,82.5,15.07,1364.08,172.75,30.74,107.33,NaN,NaN,339.25,99.63,42.61,234.76,815.34,NaN,50.11,101.7,NaN,51.33,58.0,61.04,46.41,22.61,173.56,172.11,21.84,39.16,50.53,66.02,30.19,8.4,44.58,145.28,129.67,5.04,26.11,7.01,467.05,414.67,1541.0,1105.0,132.8,271.43,3.31,72.11,162.58,0.7172,451.55,185.85,1.01,43.37,4.33,45.017,47.71,71.88,76.31,15.17,NaN,6.91,4.88,61.06,522.61,10.02,2.81,62.6,64.12,16.36,32.07,220.08,535.08,480.44,311.97,258.45,350.97,60.97,64.89,209.83
2024-05-31,11.5,192.25,166.9,19.18,176.44,116.16,81.48,15.2,1328.55,177.61,30.78,107.38,NaN,NaN,338.52,102.5,42.96,225.92,809.89,NaN,51.02,103.91,NaN,52.11,59.32,60.09,46.13,23.14,173.96,172.5,20.9,38.55,50.55,65.38,30.85,8.15,45.09,146.67,133.3,5.01,26.84,6.86,466.83,415.13,1524.49,1096.33,135.28,272.1,3.29,73.04,164.54,0.71,450.71,185.87,1.0,44.44,4.37,45.4277,48.14,73.28,76.62,15.02,NaN,6.9,5.05,61.46,527.37,10.02,2.76,62.53,64.56,16.54,32.24,222.29,534.61,484.62,312.66,260.44,350.68,61.27,65.76,210.16
2024-06-03,11.53,194.03,163.55,20.77,178.34,116.55,82.7,15.09,1321.9,184.57,31.12,107.39,NaN,NaN,331.36,103.11,43.41,231.39,815.39,NaN,50.79,102.77,NaN,51.53,58.8,61.51,46.53,28.0,174.42,173.17,21.28,39.44,50.345,66.67,30.29,7.78,45.55,147.74,134.89,4.94,27.69,6.73,477.49,413.52,1627.41,1150.0,135.62,269.94,3.26,73.19,164.65,0.76,453.13,186.49,0.9755,44.35,4.33,45.3565,47.94,72.37,77.43,15.32,NaN,6.77,4.78,61.52,527.8,9.93,2.52,63.14,63.79,16.44,31.56,220.75,537.42,485.15,314.14,260.52,353.38,61.53,65.82,210.69
2024-06-04,11.5,194.35,159.99,21.03,179.34,113.88,81.64,15.1,1330.82,188.62,31.13,107.41,NaN,NaN,327.57,103.62,42.18,244.2,827.39,NaN,49.86,103.33,NaN,51.16,58.64,62.62,46.12,26.5,175.13,173.79,20.78,40.17,50.36,65.92,30.03,7.71,44.22,147.8,137.39,4.9,27.8,6.67,476.99,416.07,1638.77,1164.37,139.92,266.3,3.13,71.52,167.01,0.764,454.37,186.97,0.9545,43.13,4.28,45.1053,47.3,71.99,76.12,14.89,NaN,6.72,4.93,61.73,528.39,9.86,2.42,63.61,64.55,16.45,30.68,217.72,537.75,485.74,315.11,260.49,354.89,61.13,66.6,211.13
2024-06-05,11.62,195.87,166.17,22.35,181.28,116.28,83.67,15.23,1413.09,189.85,31.64,107.43,NaN,NaN,329.45,102.38,42.86,251.4,834.3,NaN,50.82,101.5,NaN,51.61,59.71,63.35,46.67,31.57,177.07,175.41,21.57,40.67,50.37,68.58,30.78,7.93,44.4,145.97,136.84,4.71,28.46,7.0,495.06,424.01,1694.69,1224.4,141.0,275.7,3.11,74.54,166.05,0.75,463.53,190.73,0.935,43.1,4.44,45.4464,47.94,74.39,79.01,15.2,NaN,6.91,4.98,62.67,534.67,9.26,2.45,67.45,65.82,16.41,30.55,220.74,551.45,491.55,321.1,263.68,361.09,61.68,67.09,215.82
2024-06-06,11.43,194.48,166.78,21.54,185.0,112.97,83.23,15.17,1401.27,191.42,31.47,107.455,NaN,NaN,328.29,101.64,41.33,257.08,842.64,NaN,50.43,101.21,NaN,51.39,59.75,62.63,47.02,46.55,178.35,176.73,22.97,40.16,50.385,68.47,30.42,7.83,44.43,146.42,137.0,4.49,27.85,6.91,493.76,424.52,1656.63,1209.98,142.4,272.01,3.19,72.45,168.47,0.69,463.37,190.7,0.8848,42.84,4.37,45.0623,47.65,74.25,75.93,15.2,NaN,7.08,4.84,62.65,534.66,9.29,2.49,67.37,68.9,16.39,31.15,219.8,549.89,491.44,320.99,263.45,361.5,61.88,67.15,215.1
2024-06-07,11.5,196.89,167.87,21.36,184.3,112.36,81.91,15.02,1406.64,190.24,31.06,107.47,NaN,NaN,328.94,100.62,40.68,244.16,845.58,NaN,50.44,101.54,NaN,51.26,59.72,61.48,45.36,28.22,175.95,174.46,22.18,39.42,50.37,68.92,30.74,7.86,45.21,147.08,134.48,4.49,27.75,6.79,492.96,423.85,1596.2,1208.88,142.88,271.89,3.12,72.31,167.06,0.65,462.96,190.53,0.8108,43.03,4.44,44.9377,47.19,73.93,75.8,15.59,NaN,6.99,4.65,62.61,534.01,9.32,2.37,67.12,69.31,16.2,29.96,217.92,549.85,490.8,320.53,262.95,361.13,61.18,65.88,215.6
2024-06-10,11.49,193.12,160.34,22.07,187.06,118.77,80.38,15.09,1440.47,190.12,31.29,107.47,NaN,NaN,329.61,99.85,40.7,249.81,848.34,NaN,50.5,102.74,NaN,51.49,60.09,61.73,45.77,24.83,176.63,175.01,23.42,39.59,50.39,69.51,30.91,8.22,44.79,147.13,135.47,4.39,29.7,7.01,502.6,427.87,1599.92,121.79,143.63,276.85,3.08,73.5,167.35,0.6274,464.83,191.28,0.885,42.85,4.56,44.9951,47.33,74.11,75.25,15.19,NaN,7.03,4.77,62.84,535.66,9.22,2.45,67.83,68.6,15.96,30.31,218.58,551.75,492.41,322.32,263.83,362.23,61.34,66.96,216.15
2024-06-11,11.28,207.15,158.96,21.96,187.23,116.71,77.35,15.09,1461.03,185.5,31.13,107.48,NaN,NaN,327.31,100.26,39.92,244.2,849.31,NaN,49.29,100.87,NaN,51.31,59.74,59.88,45.89,30.49,178.19,176.62,23.22,38.43,50.395,69.44,30.92,7.87,45.05,146.76,135.65,4.15,28.05,7.18,507.47,432.68,1555.49,120.91,141.79,277.93,3.32,73.98,167.48,0.636,468.02,192.6,0.91,43.1,4.57,44.8382,47.14,73.45,75.28,15.6,NaN,7.0,4.65,63.03,536.95,9.03,2.31,69.23,69.59,16.27,28.98,217.77,559.49,493.53,325.29,264.28,365.85,60.79,66.73,220.17
2024-06-12,11.5,213.07,160.24,23.55,186.89,118.38,76.54,15.18,1495.51,182.67,31.82,107.5,NaN,NaN,328.73,99.67,40.37,254.96,847.81,NaN,50.62,100.8,NaN,51.81,60.62,59.95,46.02,25.46,179.56,177.79,23.7,38.45,50.42,69.54,30.76,7.95,44.91,145.41,135.19,4.16,28.44,6.82,508.84,441.06,1603.67,125.2,143.26,282.99,3.27,76.22,165.18,0.7737,474.15,195.09,1.0,42.94,4.64,45.2098,47.87,73.56,77.29,15.87,NaN,7.07,4.65,63.44,541.36,8.68,2.34,71.96,73.15,16.27,29.89,220.81,571.52,497.64,330.48,266.77,370.79,61.43,66.31,225.04
2024-06-13,11.44,214.24,159.9,26.34,183.83,116.28,75.65,15.02,1678.99,180.7,31.62,107.53,NaN,NaN,326.36,99.83,39.66,247.64,845.96,NaN,50.17,100.09,NaN,51.7,60.23,59.14,45.64,29.12,176.74,175.16,23.31,37.9,50.44,69.51,30.46,7.71,45.35,145.45,139.43,4.03,28.41,6.55,504.1,441.58,1483.88,129.61,142.49,275.47,3.14,75.04,166.41,0.569,476.72,196.18,0.97,42.62,4.55,44.6597,47.34,73.39,78.89,15.61,NaN,6.8,4.62,64.03,542.45,8.54,2.26,73.11,70.86,15.95,29.94,219.02,577.17,498.58,331.79,266.89,371.22,60.79,66.7,226.82
2024-06-14,11.28,212.49,159.63,25.92,183.66,115.87,77.52,14.79,1735.04,177.27,31.4,107.59,NaN,NaN,321.47,99.1,39.05,244.5,855.67,NaN,48.72,99.97,NaN,51.22,60.78,58.18,46.24,28.7,178.37,176.79,22.42,37.3,50.45,70.6,30.45,7.7,44.89,145.54,139.49,3.88,28.38,6.4,504.16,442.57,1495.54,131.88,142.5,268.85,3.05,71.97,166.79,0.5084,479.19,197.19,1.04,42.32,4.39,44.0777,46.71,73.25,78.32,15.59,NaN,6.46,4.43,64.43,542.78,8.43,2.32,74.17,70.06,15.57,29.56,216.02,579.41,498.98,332.83,266.69,372.5,60.45,67.02,227.67
2024-06-17,11.44,216.67,158.4,25.04,184.06,116.29,78.46,14.87,1828.87,178.39,31.45,107.6,NaN,NaN,322.4,96.34,39.27,245.1,867.91,NaN,49.71,101.52,NaN,51.73,60.9,59.21,45.98,25.22,178.78,177.24,22.25,37.98,50.44,70.76,30.98,7.56,45.37,145.95,140.45,3.74,28.77,6.36,506.63,448.37,1507.26,130.98,140.37,271.26,3.18,70.73,167.5,0.499,485.06,199.61,1.12,42.73,4.34,44.4605,47.06,72.81,79.9,15.84,NaN,6.46,4.29,65.05,547.1,8.13,2.5,76.86,70.49,15.89,29.36,217.83,586.47,502.94,336.16,268.72,375.55,60.66,67.42,231.12
2024-06-18,11.28,214.29,154.63,25.18,182.81,117.32,80.84,15.1,1802.52,174.99,31.63,107.66,NaN,NaN,325.14,95.34,39.56,235.95,870.75,NaN,49.58,101.5,NaN,51.96,59.15,57.18,46.18,24.7,176.45,175.09,21.86,36.64,50.46,71.0095,30.63,7.21,46.25,145.65,141.67,3.68,28.43,6.35,499.49,446.34,1469.43,135.58,140.8,271.4,3.07,70.73,168.56,0.51,485.21,199.67,1.02,42.47,4.91,44.694,47.15,72.84,79.49,15.8,NaN,6.42,4.09,65.34,548.49,8.12,2.58,76.9,70.33,15.89,30.09,218.09,588.82,504.28,337.0,269.4,376.25,60.94,67.6,231.41
2024-06-20,11.24,209.68,161.78,24.5,186.1,118.43,77.18,14.86,1734.56,176.3,31.06,107.65,NaN,NaN,329.13,96.41,41.0,235.03,862.44,NaN,49.61,101.84,NaN,51.85,57.94,57.73,46.75,25.59,177.71,176.3,21.73,37.04,50.46,69.85,30.62,6.8,46.55,147.78,140.12,3.66,28.06,6.17,501.7,445.7,1465.4,130.78,140.99,264.68,3.06,67.63,167.67,0.49,481.47,198.12,1.01,42.54,4.8,44.5107,46.91,72.7,77.73,15.39,NaN,6.32,4.05,64.92,547.0,8.32,2.59,75.09,70.3,15.89,30.13,217.43,580.75,502.88,334.54,268.72,373.75,60.9,68.01,228.81
2024-06-21,11.2,207.49,161.23,24.43,189.08,117.78,78.58,14.91,1658.63,176.56,30.76,107.72,NaN,NaN,327.84,96.5,40.1,225.86,848.31,NaN,49.38,102.27,NaN,51.56,58.56,57.04,46.02,23.93,180.26,179.63,22.29,36.58,50.49,69.06,31.09,6.76,46.08,148.75,139.47,3.66,28.36,6.24,494.78,449.78,1483.76,126.57,141.96,271.03,3.06,68.52,168.26,0.499,480.18,197.54,1.02,40.82,5.01,44.8331,47.08,73.34,79.09,15.51,NaN,6.32,4.0,64.57,544.51,8.4,2.51,74.4,70.21,15.76,29.63,218.21,577.74,501.78,333.56,268.31,373.39,60.06,67.91,228.41
2024-06-24,11.16,208.14,160.25,23.21,185.57,118.28,78.05,14.89,1592.21,179.1,30.46,107.75,NaN,NaN,330.0,97.43,40.47,212.31,848.16,NaN,49.4,101.98,NaN,51.78,58.28,52.61,46.22,23.65,180.79,179.22,21.37,33.765,50.5,69.98,30.57,6.76,47.32,149.12,139.7,3.61,28.49,6.42,498.91,447.67,1372.15,118.11,142.28,267.27,3.1,67.79,168.45,0.4743,473.96,195.05,1.13,42.06,4.83,44.6951,47.32,74.53,78.68,15.67,NaN,6.54,3.98,64.06,542.74,8.69,2.62,71.88,70.54,15.72,29.16,219.34,567.14,500.43,329.91,267.86,369.74,60.5,68.9,222.42
2024-06-25,11.13,209.07,160.25,24.04,186.34,118.47,81.21,14.84,1580.79,175.1,30.83,107.76,NaN,NaN,327.4,95.65,39.82,221.71,855.51,NaN,48.81,102.2,NaN,51.34,58.69,55.02,45.98,24.93,185.58,184.03,22.14,35.3,50.52,69.84,30.74,6.59,46.59,147.19,138.42,3.57,28.51,6.23,510.6,450.95,1495.74,126.09,146.91,269.92,2.99,67.84,166.85,0.4659,479.38,197.27,1.06,41.75,4.74,44.511,47.1,73.9,77.25,16.71,NaN,6.45,3.92,63.94,544.83,8.39,2.53,74.28,71.38,15.55,28.86,217.74,575.26,502.51,334.56,268.74,374.85,60.5,67.42,226.5
2024-06-26,11.12,213.25,157.54,23.6,193.61,118.06,80.48,14.9,1592.0,178.5,30.8,107.72,NaN,NaN,326.73,95.93,39.6,214.58,856.84,NaN,48.18,102.18,NaN,51.13,58.11,54.13,45.58,24.2,185.37,183.88,22.31,34.71,50.495,69.53,30.54,6.73,46.61,146.82,139.17,3.48,28.45,6.43,513.12,452.16,1457.73,126.4,143.67,268.17,3.06,68.17,167.45,0.472,480.37,197.7,1.07,41.32,4.76,44.5366,46.84,73.26,77.2,16.77,NaN,6.46,3.98,63.81,545.51,8.18,2.48,74.46,70.85,15.76,29.1,217.21,576.41,503.07,336.03,268.73,376.47,60.14,68.29,226.24
2024-06-27,11.28,214.1,159.47,24.27,197.85,118.0,83.12,14.87,1586.66,182.51,30.78,107.74,NaN,NaN,327.46,97.39,39.89,224.0,850.62,NaN,48.6,102.17,NaN,51.14,60.04,54.52,46.08,25.09,186.86,185.41,22.59,34.98,50.52,69.94,30.59,7.1,43.25,145.8,139.35,3.54,28.47,6.87,519.56,452.85,1525.4,123.99,144.49,265.01,3.04,67.86,166.62,0.4982,481.61,198.19,1.12,41.85,4.86,44.6905,47.22,73.56,76.01,16.57,NaN,6.54,3.99,63.81,546.37,8.13,2.44,75.0,70.34,15.83,29.58,218.33,577.56,503.85,336.8,269.38,377.11,60.25,67.88,226.35
2024-06-28,11.33,210.62,162.21,23.39,193.25,118.07,83.22,14.92,1605.53,182.01,30.85,107.815,NaN,NaN,333.1,97.7,40.15,222.23,849.99,NaN,47.44,99.29,NaN,51.29,60.27,53.24,46.09,24.69,183.42,182.15,22.71,34.14,50.53,69.91,30.97,7.03,43.15,146.16,138.2,3.3,28.61,6.74,504.22,446.95,1377.48,123.54,142.74,269.09,3.22,68.55,164.92,0.48,479.11,197.11,1.15,41.65,4.8,44.6454,47.45,73.69,75.15,16.61,NaN,6.61,3.95,63.54,544.22,8.28,2.45,73.82,72.68,16.01,28.95,218.04,576.59,500.13,333.45,267.51,374.01,60.3,67.71,226.23
2024-07-01,11.04,216.75,157.69,22.98,197.2,118.74,84.82,14.79,1640.8,186.7,30.72,107.83,NaN,NaN,329.08,95.98,39.58,233.37,845.67,NaN,46.92,98.04,NaN,50.75,59.85,56.09,46.21,23.33,184.49,182.99,22.79,36.0,50.32,70.39,30.84,6.84,43.34,146.44,137.82,3.49,28.11,6.48,504.68,456.73,1365.97,124.3,145.42,265.67,3.24,69.18,162.72,0.4958,481.92,198.33,1.2,41.42,4.54,44.2434,47.06,73.42,77.18,16.02,NaN,6.43,3.89,63.5,545.34,8.12,2.45,75.03,71.1,15.78,29.14,216.31,582.25,501.28,336.07,268.05,376.7,60.37,67.48,227.94
2024-07-02,11.05,220.27,164.31,24.09,200.0,120.04,83.68,14.93,1657.48,185.42,30.79,107.82,NaN,NaN,327.76,95.29,40.01,227.51,859.36,NaN,46.71,97.99,NaN,50.87,61.01,54.89,46.2,23.98,186.61,185.24,22.46,35.22,50.35,70.21,31.07,7.14,43.5,146.03,137.99,3.86,28.29,6.84,509.5,459.28,1320.19,122.67,142.98,272.04,3.45,72.92,163.9,0.4948,486.98,200.4,1.17,41.27,4.61,44.6951,47.16,74.15,75.22,16.26,NaN,6.45,3.94,63.96,549.01,7.88,2.45,77.33,70.67,15.92,28.9,217.14,586.12,504.53,339.19,269.6,379.95,60.6,68.07,229.08
2024-07-03,11.12,221.55,163.9,25.95,197.59,119.8,86.96,15.08,1729.22,184.31,31.09,107.87,NaN,NaN,330.61,96.66,40.59,224.94,862.66,NaN,47.39,98.61,NaN,50.84,60.73,53.66,46.73,24.37,187.39,185.82,22.89,34.44,50.3699,70.42,31.23,7.17,43.54,145.69,137.52,3.65,28.58,7.49,509.96,460.77,1302.09,128.28,138.87,272.29,3.35,72.68,163.83,0.4501,491.04,202.06,1.17,41.3,4.62,44.86,47.23,74.13,75.68,15.75,NaN,6.52,3.93,64.29,551.46,7.69,2.52,79.23,71.3,16.2887,29.83,217.58,592.89,506.81,341.89,270.71,382.77,61.32,68.24,232.17
2024-07-05,11.04,226.34,171.9,25.65,200.0,118.74,86.8,15.2,1703.31,184.83,31.21,107.92,NaN,NaN,328.35,96.07,40.29,223.68,885.67,NaN,46.02,97.99,NaN,50.66,61.09,50.15,47.34,24.18,191.96,190.6,22.68,32.2,50.4,70.85,32.02,7.41,42.82,146.48,138.29,3.59,26.94,7.73,539.91,467.56,1281.72,125.83,142.37,273.54,3.35,73.38,165.21,0.4505,496.16,204.19,1.15,41.17,4.88,44.9042,46.96,73.2,73.93,16.38,NaN,6.47,4.19,64.59,554.64,7.45,2.65,81.63,71.06,16.4824,29.69,216.48,595.91,509.84,345.51,272.12,387.36,61.63,70.04,232.88
2024-07-08,10.93,227.82,178.69,28.06,199.29,115.92,85.18,15.23,1745.86,185.84,31.36,107.94,NaN,NaN,329.06,96.62,40.49,220.56,880.84,NaN,46.35,97.37,NaN,50.76,60.11,50.09,46.77,24.45,190.48,189.03,22.09,32.16,50.42,70.95,33.99,7.67,43.17,145.48,139.28,3.67,27.35,7.44,529.32,466.24,1290.58,128.2,143.07,277.22,3.28,75.01,166.52,0.4786,497.34,204.7,1.17,41.09,4.97,45.1641,47.19,73.24,73.93,16.5,NaN,6.35,4.2,64.57,555.28,7.4,2.56,82.17,71.25,16.31,29.43,217.13,599.91,510.33,346.05,272.49,387.4,61.45,69.68,234.47
2024-07-09,10.98,228.68,177.1,27.28,199.34,116.68,84.71,15.05,1733.31,183.24,31.35,107.95,NaN,NaN,326.06,97.06,40.3,219.97,886.85,NaN,46.89,97.05,NaN,50.64,60.28,51.35,46.85,24.6,190.44,188.98,22.6,32.96,50.43,71.62,34.59,7.93,42.55,147.05,139.43,3.78,27.47,6.97,530.0,459.54,1301.77,131.38,140.43,274.91,3.45,73.48,165.66,0.4821,497.77,204.85,1.29,40.9,5.08,44.9573,46.99,74.53,70.85,16.75,NaN,6.38,4.14,64.43,555.82,7.39,2.51,82.35,71.32,16.39,29.72,216.09,598.63,510.89,346.54,272.42,388.33,61.34,69.9,234.28
2024-07-10,11.15,232.98,183.96,27.43,199.79,119.21,84.36,15.17,1744.69,183.73,31.69,107.93,NaN,NaN,328.48,97.8,41.5,219.56,884.31,NaN,46.86,96.97,NaN,51.05,59.59,50.92,47.01,24.97,192.66,191.18,22.32,32.67,50.44,71.53,34.87,8.45,42.7,149.43,140.79,3.92,27.63,7.02,534.69,466.25,1305.72,134.91,142.74,282.37,3.47,76.59,166.8,0.488,502.96,207.0,1.38,41.13,5.13,45.4147,47.44,74.63,71.42,16.84,NaN,6.57,5.07,64.73,561.32,7.17,2.55,84.93,69.27,16.36,31.04,217.88,606.85,515.81,350.41,275.06,391.94,62.06,70.41,237.68
2024-07-11,10.73,227.57,181.94,29.07,195.05,121.1,82.01,15.34,1705.95,183.91,31.67,107.98,NaN,NaN,331.13,102.34,42.6,214.63,846.59,NaN,44.99,96.6,NaN,51.93,58.79,50.9,47.85,25.57,187.3,185.57,22.04,32.7,50.455,71.485,33.5,8.02,42.91,149.7,141.02,4.19,26.97,7.14,512.7,454.7,1358.56,127.4,139.79,274.58,3.68,74.24,165.54,0.51,491.93,202.44,1.61,42.01,5.33,46.1009,48.87,76.08,73.28,16.37,NaN,6.77,5.37,64.23,556.48,7.63,2.49,79.35,73.53,16.72,31.26,223.63,595.16,511.39,343.02,273.83,383.75,62.35,69.8,231.73
2024-07-12,10.68,230.54,181.61,29.8,194.49,120.54,84.86,15.55,1700.67,182.31,32.21,108.03,NaN,NaN,335.59,103.55,43.23,218.02,842.9,NaN,43.62,97.13,NaN,52.45,59.55,51.14,47.83,26.05,186.78,185.07,22.28,32.85,50.475,71.535,34.49,8.45,43.63,149.88,141.53,4.19,27.53,7.4,498.87,453.55,1396.76,129.24,142.08,280.19,11.01,76.87,166.61,0.5,494.82,203.67,1.75,41.36,5.65,46.528,49.4,75.38,73.84,16.18,NaN,6.97,6.2,64.68,559.99,7.51,2.52,80.64,72.43,17.1,31.18,225.85,600.7,514.55,345.0,275.64,386.08,62.89,69.24,233.8
2024-07-15,10.63,234.4,179.83,31.19,192.72,122.5,87.93,15.65,171.42,179.11,32.03,108.05,NaN,NaN,345.77,103.12,44.07,242.85,848.73,NaN,43.0,96.87,NaN,52.57,59.9,56.29,47.98,27.0,188.19,186.53,23.94,36.15,50.48,71.82,34.46,8.95,44.14,149.24,141.01,4.33,27.71,7.8,496.16,453.96,1611.28,128.44,141.39,282.77,10.1,76.37,164.58,0.545,496.15,204.2,1.76,43.59,5.72,46.9411,50.11,75.07,73.57,16.21,NaN,7.33,5.63,64.98,561.53,7.46,2.36,81.24,72.29,17.25,30.84,228.34,603.78,516.11,346.37,276.82,387.04,62.37,69.61,234.22
2024-07-16,11.19,234.82,177.55,32.42,193.02,124.0,86.53,15.92,169.375,186.05,32.23,108.06,NaN,NaN,360.58,103.9,46.51,251.49,850.77,NaN,46.02,98.47,NaN,53.78,59.48,57.85,48.94,28.54,185.5,183.92,24.63,37.17,50.505,72.34,34.34,9.03,45.51,151.01,142.46,4.5,28.71,7.67,489.79,449.52,1664.3,126.36,140.87,290.78,10.55,78.74,166.95,0.562,496.34,204.26,1.91,44.83,5.63,47.99,51.61,67.43,73.84,16.14,NaN,7.75,5.83,65.51,564.86,7.46,2.39,81.3,74.3,17.51,30.45,234.39,604.51,519.04,346.27,279.1,386.97,62.72,69.99,233.44
2024-07-17,11.01,228.88,159.43,28.995,187.93,121.18,80.19,15.69,155.98,184.84,31.42,108.06,NaN,NaN,357.8,105.63,45.47,249.1,846.28,NaN,45.76,97.31,NaN,53.47,59.11,57.33,48.71,27.98,182.62,181.02,24.18,36.84,50.52,71.87,34.46,8.56,45.75,156.58,143.55,4.2,28.32,8.0,461.99,443.52,1590.0,117.99,135.42,276.29,11.44,75.46,169.44,0.56,481.77,198.3,1.92,44.76,5.45,47.4582,51.01,63.8,71.88,14.57,NaN,7.84,5.49,64.76,556.94,8.11,2.29,74.15,68.62,17.46,29.1,231.63,582.73,511.79,336.38,275.16,376.39,62.24,71.03,224.36
2024-07-18,10.62,224.18,155.77,26.23,183.75,120.33,80.93,15.46,160.52,180.23,30.81,108.1,NaN,NaN,356.03,105.04,46.46,233.24,839.37,NaN,44.92,96.79,NaN,53.09,58.13,56.4,48.41,25.88,179.22,177.69,22.83,36.22,50.52,71.69,34.87,8.21,45.87,155.42,144.06,4.05,27.41,8.12,475.85,440.37,1555.16,121.09,129.99,279.27,11.09,75.43,168.44,0.539,479.49,197.3,1.7,44.23,5.26,46.9236,50.12,62.27,72.0,14.57,NaN,7.53,5.0,64.37,552.66,8.23,2.22,73.04,66.26,16.98,28.4,228.12,579.7,507.94,334.29,272.76,373.38,61.64,70.82,224.38
2024-07-19,10.58,224.31,151.58,26.25,183.13,120.51,81.8,15.24,157.35,179.67,30.85,108.15,NaN,NaN,347.63,105.08,45.94,257.79,838.13,NaN,45.44,95.74,NaN,52.7,58.48,59.68,47.55,24.97,179.39,177.66,23.41,38.4,50.53,70.82,32.98,7.43,45.72,154.69,143.63,4.21,27.18,8.15,476.79,437.11,1778.5,117.93,131.54,269.29,11.18,72.53,167.96,0.505,475.24,195.56,1.84,43.28,5.2,46.4248,49.92,62.08,71.27,14.4,NaN,7.47,4.93,63.74,548.99,8.46,2.21,71.06,67.31,16.85,28.2,227.2,572.82,504.55,332.11,271.06,371.14,61.23,70.75,220.87
2024-07-22,10.69,223.96,155.87,28.53,182.55,123.99,83.24,15.49,161.06,178.9,31.24,108.17,NaN,NaN,347.87,103.94,46.43,265.15,847.42,NaN,43.83,94.13,NaN,53.16,58.45,60.56,47.55,25.22,183.35,181.67,23.42,38.93,50.53,71.51,33.37,8.08,46.49,154.24,144.14,4.21,27.66,7.99,487.4,442.94,1800.09,123.54,133.18,283.81,11.02,77.33,168.25,0.491,482.32,198.49,1.84,43.47,5.34,47.0523,50.7,64.75,71.84,14.78,NaN,7.54,4.98,64.46,554.65,8.09,2.23,74.16,67.73,16.78,28.45,229.94,584.23,509.79,337.27,273.89,376.91,61.79,70.38,226.1
2024-07-23,10.48,225.01,154.0,28.78,186.41,124.84,83.81,15.68,163.77,186.48,31.12,108.19,NaN,NaN,344.17,104.29,46.48,257.63,852.11,NaN,43.61,90.94,26.24,53.04,57.94,58.1,47.71,25.5,183.6,181.79,22.87,37.34,50.57,71.4,32.95,8.3,45.92,152.35,135.88,4.25,27.18,7.71,488.69,444.85,1721.77,122.59,133.28,262.3,11.52,73.39,166.62,0.4269,480.62,197.78,2.17,43.75,5.4,47.9081,51.06,65.14,71.81,14.33,NaN,7.43,4.94,64.27,553.78,8.18,2.23,73.36,67.52,17.39,28.26,230.88,583.15,508.94,337.3,273.69,376.87,61.42,70.65,225.2
2024-07-24,10.17,218.54,144.63,26.37,180.83,121.72,78.68,15.19,151.34,180.07,30.21,108.19,NaN,NaN,336.04,105.47,44.74,245.06,830.82,NaN,42.94,89.8,25.5,52.31,56.64,58.23,47.54,24.01,174.37,172.63,21.41,37.42,50.57,71.31,31.7,7.62,46.28,156.28,140.51,4.19,26.61,7.35,461.27,428.9,1672.69,114.25,131.6,254.4,10.94,70.11,168.0,0.4,463.38,190.72,2.12,43.77,5.21,46.8913,49.94,64.08,71.22,13.58,NaN,7.1,4.55,62.98,541.23,9.06,2.09,65.45,66.14,17.05,27.47,225.98,560.26,497.29,324.91,267.53,362.86,60.65,70.6,215.88
2024-07-25,10.6,217.49,138.32,25.04,179.85,121.66,76.17,15.11,149.26,184.35,29.81,108.19,NaN,NaN,344.3,105.53,46.33,231.52,815.95,NaN,43.47,89.21,23.7,52.6,57.31,57.36,46.81,23.95,169.16,167.28,21.18,36.83,50.59,71.94,31.1,7.93,46.22,159.64,141.07,4.33,28.08,7.52,453.41,418.4,1606.47,112.28,127.86,247.51,10.61,67.54,166.9,0.382,458.27,188.55,2.36,44.84,5.25,47.96,50.5,66.24,70.89,13.45,NaN,7.27,4.83,62.96,538.41,9.37,2.15,63.27,65.74,17.54,26.95,228.17,554.99,494.78,321.01,266.5,358.68,60.35,70.02,213.57
2024-07-26,10.62,217.96,139.99,25.44,182.5,122.16,77.53,15.39,151.63,186.89,30.39,108.26,NaN,NaN,350.48,107.52,47.2,242.93,817.6,NaN,44.13,89.93,24.87,53.39,57.0,60.33,47.3,24.13,168.68,167.0,21.2,38.79,50.6,73.09,31.35,8.21,46.92,160.64,141.81,4.41,27.23,7.55,465.7,425.27,1752.71,113.06,126.73,253.62,11.22,70.17,169.11,0.406,462.97,190.55,2.28,45.18,5.4,48.6675,51.4,66.6,73.74,13.33,NaN,7.41,5.12,63.86,544.44,9.1,2.15,65.08,64.4,18.03,27.54,232.1,561.56,500.33,324.37,269.69,361.72,61.11,69.78,216.28
2024-07-29,10.43,218.24,139.75,24.5,183.2,122.06,76.85,15.28,150.22,185.43,30.17,108.27,NaN,NaN,344.53,108.13,47.55,234.2,815.56,NaN,43.18,92.14,25.12,53.45,57.39,59.68,47.24,23.6,171.13,169.53,21.18,38.34,50.615,73.07,30.83,7.89,46.64,158.56,140.85,4.16,26.31,7.41,465.71,426.73,1684.85,111.59,128.05,255.81,10.48,78.27,169.93,0.3964,463.9,190.91,2.21,45.51,5.32,48.47,51.02,65.3,76.66,13.35,NaN,7.33,4.78,63.84,544.76,9.05,2.15,65.46,63.76,17.76,27.05,231.34,559.49,500.7,325.06,269.71,362.75,60.85,69.62,215.32
2024-07-30,10.76,218.8,138.44,23.11,181.71,122.64,74.83,15.04,143.52,186.86,29.78,108.29,NaN,NaN,341.72,109.42,48.52,224.46,810.03,NaN,43.23,93.79,24.82,53.82,57.5,52.6,47.71,22.4,171.86,170.29,20.4,37.55,50.63,73.22,30.13,7.8,45.92,161.33,136.38,3.86,27.04,7.3,463.19,422.92,1604.07,103.73,129.23,251.68,10.6,73.97,161.7,0.41,457.53,188.29,2.035,45.94,5.26,48.495,51.08,64.91,76.83,13.09,NaN,7.42,4.95,63.58,542.0,9.43,2.06,62.79,63.09,17.7,27.28,231.95,548.81,498.08,320.05,268.59,358.5,60.88,69.19,209.91
2024-07-31,10.64,222.08,144.48,24.16,186.98,125.31,77.1,15.25,160.68,190.6,30.8,108.3,NaN,NaN,346.2,110.08,49.74,224.36,822.0,NaN,43.02,93.69,24.79,54.01,58.04,52.07,48.57,22.67,173.15,171.54,20.57,37.18,50.64,73.69,30.74,8.15,46.48,157.85,135.05,3.98,26.94,7.62,474.83,418.35,1614.44,117.02,132.63,263.16,10.52,78.25,160.76,0.4045,471.07,193.76,2.01,45.11,5.24,48.9284,51.43,65.19,76.85,13.32,NaN,7.54,5.09,64.6,550.81,8.59,2.19,68.28,64.47,18.03,28.34,233.4,568.01,505.93,329.26,272.57,367.3,61.88,68.64,218.8
2024-08-01,10.14,218.36,132.54,22.67,184.07,115.97,75.09,14.79,147.02,178.31,29.46,108.3,5.62,NaN,331.52,112.29,47.76,212.64,816.89,NaN,41.5,93.05,23.75,53.27,57.2,50.53,48.4,21.71,172.45,170.76,20.24,36.07,50.43,73.08,29.05,7.52,46.63,160.76,138.48,3.78,26.36,7.57,497.74,417.11,1511.81,109.21,132.46,243.62,9.86,71.9,165.69,0.396,459.66,189.19,2.11,43.27,4.96,47.8509,49.99,63.71,76.27,12.81,NaN,7.16,4.66,63.65,543.01,9.22,2.11,63.36,61.02,17.37,26.15,227.77,547.48,499.03,322.73,268.3,361.27,60.48,69.79,210.64
2024-08-02,9.63,219.86,132.5,21.42,167.9,103.53,68.72,14.32,143.82,169.95,28.6,108.31,5.56,NaN,320.87,115.21,44.23,204.44,822.08,NaN,39.83,89.57,22.84,52.3,56.51,49.87,48.32,21.07,168.4,166.66,17.88,35.61,50.49,72.69,21.48,7.08,45.94,164.14,140.1,3.54,25.05,7.34,488.14,408.49,1447.99,107.27,127.49,237.75,9.91,67.95,170.08,0.3776,448.75,184.67,1.95,43.34,4.81,46.4578,48.34,63.39,75.29,9.36,NaN,6.65,4.62,62.94,532.9,9.89,2.05,58.74,58.99,16.92,24.52,221.05,534.05,489.91,316.0,262.9,353.62,59.45,68.46,204.72
2024-08-05,9.28,209.27,134.82,20.4,161.02,99.16,67.14,13.98,142.08,167.03,27.68,108.32,4.75,NaN,316.8,110.77,40.91,189.47,801.83,NaN,37.93,87.78,18.25,51.11,55.39,42.62,47.72,20.65,160.64,159.25,16.42,30.48,50.51,71.21,20.11,6.57,44.43,161.25,137.65,3.34,23.7,6.93,475.73,395.15,1309.0,100.45,126.0,235.41,10.08,68.97,168.06,0.325,435.37,179.36,1.98,41.24,4.66,45.236,46.9,62.29,72.89,8.71,NaN,6.54,4.22,61.47,517.38,10.79,1.93,53.62,58.48,16.29,23.94,214.77,515.36,475.2,305.34,255.18,341.08,58.03,67.59,197.9
2024-08-06,9.31,207.23,130.18,20.59,161.93,103.46,69.0,14.13,143.92,165.04,28.19,108.32,5.05,NaN,326.44,112.97,39.34,194.17,816.88,NaN,38.22,89.97,18.92,51.6,55.81,45.32,47.33,21.28,160.54,158.29,17.21,32.34,50.54,71.02,19.83,7.21,45.03,158.97,139.08,3.495,24.34,7.17,494.09,399.61,1369.21,104.25,130.12,236.76,9.51,68.51,168.09,0.3242,439.53,180.92,1.92,40.47,4.715,45.4443,47.46,62.8,73.71,8.64,NaN,6.43,4.46,61.9,522.15,10.49,2.04,54.96,64.87,16.63,24.11,217.08,520.48,479.94,308.91,257.77,345.45,58.21,67.74,200.59
2024-08-07,9.26,209.82,128.67,18.71,162.77,103.12,67.19,14.04,136.27,163.24,28.27,108.35,4.86,NaN,325.8,111.27,38.22,178.91,810.3,NaN,37.32,85.96,17.84,51.14,69.93,43.67,47.29,20.83,160.75,158.94,17.12,31.19,50.53,72.04,18.99,6.8,44.28,158.9,140.02,3.43,24.32,7.22,488.92,398.43,1246.85,98.91,119.23,229.29,9.35,66.39,170.02,0.3083,434.77,178.94,1.94,40.54,4.58,45.3,46.92,62.22,72.99,8.29,NaN,6.32,4.3,61.55,518.66,10.83,1.89,53.19,65.54,16.55,24.24,215.2,514.43,476.61,306.41,255.8,342.18,58.54,66.91,197.34
2024-08-08,9.89,213.31,136.32,20.32,165.8,102.72,76.73,14.435,145.74,167.5324,29.06,108.3799,5.295,NaN,334.66,110.91,39.23,192.32,839.43,NaN,38.85,85.505,19.55,52.03,68.68,47.59,48.0,21.56,163.84,162.03,17.73,33.88,50.52,72.3159,20.49,7.01,44.61,160.14,140.46,3.64,25.145,7.59,509.63,402.69,135.99,104.97,125.67,245.24,9.375,72.23,170.67,0.293,448.07,184.37,2.02,40.99,4.77,0.0,47.9,62.28,83.81,8.804,NaN,6.64,5.21,62.76,529.07,9.84,1.945,58.06,68.055,17.43,24.6799,219.414,529.74,486.2068,314.17,261.095,351.07,59.63,67.495,203.52
2024-08-09,9.86,216.24,134.27,19.98,166.94,104.7,77.38,14.4,148.26,167.91,29.03,108.43,5.38,NaN,338.26,110.64,39.56,196.29,854.93,NaN,39.3,86.21,19.67,52.3,69.69,48.41,48.15,21.93,165.39,163.67,17.92,34.6,50.54,72.85,19.71,7.12,44.35,160.62,140.32,3.62,25.33,7.49,517.77,406.02,135.37,104.75,133.47,242.02,9.35,71.3,170.54,0.329,450.41,185.34,2.48,41.56,5.37,47.15,48.01,62.41,87.64,9.05,NaN,6.64,4.87,63.26,532.99,9.7,2.01,58.85,68.54,17.39,24.72,220.17,535.64,489.82,317.51,262.92,354.94,59.83,67.95,205.63
2024-08-12,9.61,217.53,136.77,19.72,166.8,103.03,74.76,14.4,148.62,164.13,29.18,108.43,5.24,NaN,336.03,110.73,39.42,191.74,863.57,NaN,39.06,85.95,20.19,51.99,70.36,47.1,48.96,21.88,163.95,162.29,18.54,33.64,50.55,72.39,19.36,6.72,44.51,159.88,138.3,3.72,25.38,7.26,515.95,406.81,131.46,109.02,129.89,240.16,9.41,70.37,166.81,0.3167,451.38,185.81,2.69,41.14,5.39,46.9904,47.64,61.77,89.96,9.02,NaN,6.48,5.16,63.12,533.27,9.65,2.06,59.25,69.26,17.09,24.81,218.45,538.42,490.07,318.97,262.75,356.34,59.88,68.7,207.31
2024-08-13,9.81,221.27,141.13,20.66,170.23,104.61,79.79,14.56,156.16,168.76,29.89,108.15,5.41,NaN,338.8,110.35,40.35,197.94,864.82,NaN,39.5,85.6,20.58,52.56,71.5,48.5,48.9,22.27,165.93,164.16,18.41,34.64,50.57,72.72,20.47,7.28,45.23,158.39,138.44,3.67,25.42,7.77,528.54,414.01,135.38,116.14,133.57,248.01,10.28,72.91,167.29,0.3196,462.58,190.38,2.76,41.55,5.23,46.8651,48.41,62.49,89.94,9.23,NaN,6.64,4.99,63.91,542.04,8.94,2.08,63.56,71.06,17.07,25.03,221.95,553.98,498.21,326.08,267.12,364.28,60.76,68.13,213.68
2024-08-14,9.74,221.72,140.75,20.52,170.1,105.98,84.64,14.55,157.69,168.5,29.92,108.18,5.22,NaN,337.59,110.21,40.79,195.96,862.71,NaN,38.69,86.3,20.25,52.57,72.79,46.99,48.49,21.99,162.03,160.37,18.65,33.56,50.57,72.49,19.92,7.31,46.12,158.48,140.82,3.59,25.38,8.2,526.76,416.86,130.37,118.08,134.42,243.64,10.05,71.08,168.8,0.314,462.73,190.45,2.74,41.13,5.18,46.8778,48.22,65.36,89.15,9.03,NaN,6.61,4.98,64.11,543.75,8.93,2.09,63.67,71.93,17.14,25.15,221.55,556.42,499.8,326.95,267.88,365.06,60.78,68.66,214.85
2024-08-15,10.09,224.72,147.36,21.22,177.59,110.83,85.58,14.93,166.13,176.41,30.28,108.21,5.07,NaN,345.64,109.17,42.03,197.12,877.35,NaN,40.18,88.79,19.35,53.35,73.4,45.5,48.65,22.53,163.17,161.3,19.55,32.5,50.565,72.9,20.69,7.42,46.88,159.09,141.78,4.06,26.54,7.97,537.33,421.03,131.93,122.86,137.57,253.25,10.38,75.88,167.92,0.3114,474.42,195.27,2.81,41.71,5.83,47.9167,49.33,65.23,91.4,9.3,NaN,6.91,4.95,65.31,553.07,8.26,2.24,68.46,72.73,18.17,25.51,226.15,571.39,508.38,333.68,272.52,372.34,61.53,73.18,221.03
2024-08-16,10.05,226.05,148.56,21.38,177.06,111.0,86.35,15.21,165.72,179.99,30.5,108.25,5.29,NaN,343.48,109.84,41.11,205.31,870.59,NaN,40.15,89.3,19.89,53.45,74.72,47.63,49.71,22.4,164.74,162.96,19.98,34.03,50.59,73.75,20.87,7.28,47.08,159.39,142.46,3.96,26.33,8.06,527.42,418.47,133.04,124.58,134.89,254.44,11.04,75.84,167.89,0.337,475.03,195.5,2.75,41.86,6.56,48.4568,49.46,65.55,91.08,9.23,NaN,7.0,4.97,65.28,554.31,8.23,2.32,68.64,72.04,18.53,25.32,226.31,572.71,509.45,334.19,273.17,373.15,61.93,73.45,221.4
2024-08-19,10.31,225.89,155.28,22.29,178.22,111.61,85.815,15.41,167.71,179.64,31.07,108.27,5.24,NaN,344.65,109.5,41.5,204.46,872.35,NaN,40.47,90.82,19.79,53.73,74.77,47.02,49.66,22.66,168.4,166.67,20.28,33.62,50.62,73.66,21.52,7.29,47.63,159.63,143.46,4.25,26.73,8.34,529.28,421.53,135.35,130.0,135.25,258.24,11.21,77.72,168.42,0.3399,481.27,198.07,2.95,42.14,7.19,48.9993,49.98,65.58,90.39,9.5,NaN,7.46,4.95,65.65,559.61,7.93,2.28,71.3,74.18,19.57,25.44,228.75,580.69,514.35,338.19,275.75,377.68,62.63,73.72,225.05
2024-08-20,10.29,226.51,156.4,20.41,178.88,109.85,86.58,15.08,165.95,172.1,30.9,108.25,5.28,NaN,343.3,109.98,40.45,197.25,876.2,NaN,40.12,89.74,19.73,53.48,75.57,47.49,49.84,22.28,168.96,167.18,19.83,33.92,50.63,73.06,20.99,7.21,47.45,160.16,144.24,5.67,26.52,8.24,526.73,424.8,133.69,127.25,135.81,254.02,10.97,75.82,170.41,0.2633,480.26,197.64,3.0,41.78,6.65,48.3757,49.46,64.84,89.21,9.47,NaN,7.37,5.14,65.71,558.7,7.99,2.23,70.86,73.31,19.14,25.64,226.61,578.75,513.5,338.05,275.08,377.3,62.33,74.54,224.26
2024-08-21,10.4,226.4,157.81,20.65,180.11,109.28,90.89,15.22,165.78,173.43,31.64,108.3,5.47,NaN,342.97,109.56,40.16,206.23,881.42,NaN,40.18,90.72,20.08,54.08,75.42,49.12,49.78,22.55,167.63,165.85,20.18,35.13,50.66,73.62,21.41,7.77,48.2,161.43,144.58,5.38,26.58,8.32,535.16,424.14,141.42,128.5,134.96,254.31,11.09,76.68,170.16,0.275,482.5,198.6,2.98,42.33,7.0,48.8024,50.16,64.57,91.35,9.48,NaN,7.3,5.36,66.04,560.62,7.86,2.28,71.83,73.48,19.59,25.73,229.39,582.04,515.3,339.33,276.46,379.07,62.84,75.24,225.58
2024-08-22,10.14,224.53,151.7,19.975,176.13,108.47,89.0,15.09,162.34,172.76,31.13,108.3,5.34,NaN,342.36,109.49,39.65,198.43,877.56,NaN,40.14,89.92,19.76,53.88,74.49,48.06,49.2,22.12,165.49,163.8,19.89,34.35,50.65,73.81,20.1,7.31,47.96,162.35,144.6,5.32,26.93,8.22,531.93,415.55,133.81,123.74,136.88,245.36,10.41,73.37,170.15,0.2678,474.85,195.43,3.19,41.7,6.84,48.4339,49.72,64.27,90.15,9.25,NaN,7.19,4.93,65.63,556.22,8.24,2.21,68.38,73.31,19.19,25.09,227.87,569.86,511.13,334.57,274.12,373.51,62.34,75.58,220.39
2024-08-23,10.39,226.84,154.98,21.28,177.04,111.51,90.2,15.34,166.36,174.96,31.87,108.37,5.65,NaN,348.41,112.38,40.25,211.4,879.21,NaN,41.38,90.56,20.86,54.74,74.73,50.79,49.76,22.21,167.43,165.62,21.12,36.28,50.67,74.28,20.54,7.38,48.9,164.13,143.61,5.24,28.18,8.49,528.0,416.79,150.01,129.37,136.97,252.63,11.29,76.36,169.17,0.267,480.0,197.53,3.18,41.99,6.96,49.1651,51.15,64.39,89.85,9.43,NaN,7.52,5.03,65.98,562.13,7.98,2.29,70.53,74.3,19.37,26.81,233.35,580.01,516.66,338.1,277.59,377.79,63.44,75.7,223.96
2024-08-26,10.21,227.18,149.99,20.99,175.5,111.89,89.89,15.15,159.62,173.48,31.49,108.36,5.61,NaN,351.16,112.98,39.81,204.0,892.51,NaN,40.98,91.78,20.33,54.66,75.18,50.5,49.9,21.36,167.93,166.16,20.96,36.09,50.665,74.08,20.13,7.51,48.66,164.61,144.14,5.25,28.2,8.27,521.12,413.49,146.9,126.46,135.3,249.84,11.15,74.82,170.35,0.2716,475.34,195.63,3.12,42.38,6.74,48.9427,51.1,64.48,89.3,9.42,NaN,7.67,5.0,65.85,560.79,8.23,2.28,68.46,72.61,19.4399,26.75,232.85,574.52,515.39,336.15,276.89,375.6,63.14,76.03,221.15
2024-08-27,10.17,228.03,150.5,20.515,173.12,113.58,90.3,15.06,161.39,173.05,31.69,108.4,5.51,NaN,351.12,113.54,40.29,198.3,908.9,NaN,40.81,90.9,19.6,54.52,75.97,49.51,50.04,20.74,166.38,164.68,21.36,35.38,50.69,73.64,20.07,7.28,48.99,162.95,143.54,4.88,29.11,8.01,519.1,413.84,140.01,128.3,135.18,252.73,10.64,76.06,169.25,0.2723,476.76,196.24,3.11,42.26,6.12,48.7425,50.74,63.91,90.55,9.5,NaN,7.77,4.95,66.09,561.56,8.15,2.28,69.04,72.56,19.09,26.83,232.05,577.2,516.08,337.17,277.14,376.73,63.36,76.13,222.49
2024-08-28,10.15,226.49,146.36,19.35,170.8,113.39,88.0,15.03,158.18,170.71,31.31,108.43,5.23,NaN,348.2,113.49,40.13,190.2,888.05,NaN,40.43,89.49,19.0,54.43,75.61,46.94,49.7,19.9,164.5,162.85,20.32,33.52,50.695,73.7,19.61,7.01,48.49,163.92,143.86,4.67,28.68,7.99,516.78,410.6,132.09,125.61,134.48,246.91,10.62,74.63,169.06,0.241,471.35,194.03,2.85,41.76,6.09,48.6061,50.42,63.98,89.72,9.18,NaN,7.49,4.85,65.62,558.3,8.44,2.16,66.7,71.85,18.43,25.9,230.69,569.59,513.13,333.61,275.45,372.75,63.03,76.08,219.42
2024-08-29,10.39,229.79,145.49,19.79,172.12,113.26,91.61,15.21,156.93,172.26,31.4,108.42,5.25,NaN,351.64,111.68,40.08,188.28,886.63,NaN,41.56,89.81,19.16,54.54,76.27,47.21,49.95,21.51,163.4,161.78,20.17,33.69,50.7,73.8,20.13,7.32,48.11,164.23,143.22,4.82,28.74,7.97,518.22,413.12,132.56,117.59,137.52,248.78,10.82,76.3,170.03,0.2328,470.66,193.71,3.15,42.07,6.23,49.12,50.79,64.93,91.91,9.22,NaN,8.03,4.84,65.96,558.35,8.47,2.2,66.35,72.24,18.88,25.64,231.97,568.07,513.21,333.11,275.72,371.86,63.19,76.42,217.44
2024-08-30,10.62,229.0,148.56,20.22,178.5,115.73,92.87,15.33,162.82,173.74,31.56,108.49,5.2,NaN,356.1,112.02,40.13,183.36,892.38,NaN,42.49,90.38,19.01,54.84,76.71,46.75,49.59,23.42,165.11,163.38,20.12,33.37,50.71,74.16,22.04,7.42,48.42,165.86,144.66,4.97,28.92,8.01,521.31,417.14,132.42,119.37,139.16,256.36,10.84,77.87,171.54,0.223,476.27,196.08,3.11,42.12,6.27,49.3188,51.12,65.1,95.82,9.34,NaN,7.99,4.89,66.64,563.68,8.2,2.26,68.61,73.13,18.89,25.9,233.42,573.97,518.04,336.11,278.38,375.55,63.37,77.23,220.33
2024-09-03,10.6,222.77,136.94,18.85,176.25,111.32,88.13,14.88,152.79,161.02,30.17,108.53,5.15,NaN,340.24,113.35,38.49,169.13,878.57,NaN,42.37,89.13,18.54,54.01,77.13,46.2,49.38,23.14,158.61,157.36,19.37,32.98,50.51,73.68,20.1,6.96,47.77,167.16,147.35,5.2,29.58,8.1,511.76,409.44,122.32,108.0,136.26,236.14,10.51,70.76,174.52,0.21,461.81,190.08,2.95,41.54,6.06,47.7409,49.66,64.79,95.17,8.86,NaN,7.53,4.56,65.51,552.08,8.95,1.99,62.35,71.89,18.53,24.23,227.4,548.69,507.56,326.11,272.39,364.44,62.3,77.17,210.21
2024-09-04,10.63,220.85,140.87,18.73,173.33,109.53,87.88,14.91,154.12,163.22,29.97,108.53,5.15,NaN,336.75,113.83,38.12,163.22,890.02,NaN,42.37,89.25,18.6,53.98,76.87,46.25,49.42,22.12,157.81,156.45,19.11,33.04,50.535,74.21,19.43,7.01,47.31,167.36,148.35,5.28,29.51,7.74,512.74,408.9,124.85,106.21,134.53,238.86,10.43,70.53,175.9,0.2151,460.61,189.55,2.73,41.42,6.34,48.0762,49.55,63.9,98.12,8.79,NaN,7.48,4.49,65.62,550.95,9.01,1.99,61.82,71.56,18.92,24.55,226.88,547.51,506.3,325.09,271.78,363.27,62.17,77.24,209.67
2024-09-05,10.8,222.38,139.44,18.78,177.89,108.85,88.19,14.81,152.82,162.15,29.93,108.54,4.97,NaN,333.56,113.87,38.07,159.7,885.98,NaN,42.17,88.65,17.92,53.54,75.8,44.66,49.83,22.39,158.6,157.24,19.67,31.85,50.55,74.06,19.4,7.04,47.52,164.99,148.05,5.1,29.81,7.78,516.86,408.39,119.57,107.21,130.89,236.7,10.32,70.25,175.47,0.2073,461.04,189.78,2.77,41.24,6.08,47.8987,49.26,63.69,97.34,8.87,NaN,7.26,4.48,65.25,549.61,9.0,1.98,62.02,71.25,18.72,24.06,225.68,546.29,505.05,325.27,270.94,363.61,62.27,76.96,209.35
2024-09-06,10.8,220.82,134.35,18.42,171.39,108.0,84.57,14.44,136.995,157.62,29.0,108.57,4.75,NaN,329.36,116.12,37.23,147.35,876.68,NaN,42.03,87.94,16.83,53.05,75.155,42.6,49.47,23.92,152.13,150.92,18.94,30.41,50.58,73.4308,18.89,6.8,47.11,164.38,146.91,5.04,29.7,7.65,500.27,401.7,114.3,102.83,131.14,226.7,10.81,67.92,175.59,0.2573,448.69,184.7,2.63,41.03,5.81,46.767,48.38,62.9,94.7,8.62,NaN,7.01,4.35,64.35,540.36,9.72,1.89,56.99,69.58,18.03,23.18,222.23,533.17,496.64,318.03,266.44,356.23,61.12,76.64,203.92
2024-09-09,11.22,220.91,138.15,19.95,175.4,107.59,86.31,14.7,140.82,162.91,29.45,108.59,5.07,NaN,334.04,117.54,37.54,155.05,896.49,NaN,43.68,88.34,17.84,53.38,75.1,45.51,49.65,24.25,149.54,148.71,19.66,32.51,50.6,74.26,19.07,6.62,47.61,166.61,147.18,5.52,29.73,8.0,504.79,405.72,124.82,106.47,131.91,230.6,10.66,69.39,176.06,1.59,454.46,187.04,2.54,40.52,6.14,47.2051,48.56,63.01,96.63,8.53,NaN,7.08,4.62,65.18,546.41,9.36,1.94,59.11,69.8,18.14,23.59,223.29,540.37,502.23,321.83,269.29,360.66,61.75,77.34,207.26
2024-09-10,10.99,220.11,142.84,22.72,179.55,106.74,86.23,14.73,148.21,160.07,29.41,108.62,5.14,NaN,334.16,119.94,37.81,158.46,894.29,NaN,43.4,88.4,18.06,53.26,76.07,46.19,49.88,23.45,150.01,148.66,19.7,33.0,50.61,74.69,18.98,6.9,47.06,167.38,146.25,5.81,29.25,7.91,504.79,414.2,129.64,108.1,129.78,225.19,9.82,68.23,177.79,1.06,458.66,188.73,2.79,40.86,6.15,46.9937,48.46,63.06,96.3,8.64,NaN,7.05,4.6,65.51,548.79,9.12,1.93,60.7,68.99,18.23,24.1,222.84,545.85,504.3,324.6,270.34,363.21,61.5,78.81,210.36
2024-09-11,10.77,222.66,149.86,21.93,184.52,108.67,97.57,15.03,158.27,161.33,30.0,108.62,5.11,NaN,335.0,120.14,37.75,157.15,900.4,NaN,44.28,88.32,17.75,53.26,76.64,45.9,49.8,20.64,152.15,151.16,20.64,32.8,50.61,74.77,19.64,7.23,47.13,164.82,143.2,5.63,28.81,7.875,511.83,423.04,129.28,116.91,135.23,230.87,10.0,70.58,173.92,0.95,468.62,192.8,2.78,40.66,6.68,47.3757,48.71,63.41,99.01,9.0,NaN,7.31,4.84,65.85,554.42,8.53,1.96,64.57,70.11,18.4,25.34,224.04,561.58,509.46,331.36,273.03,370.59,61.85,78.84,217.54
2024-09-12,10.88,222.77,150.77,21.68,187.0,112.37,105.61,15.05,164.56,162.77,30.45,108.63,5.17,NaN,339.58,119.07,38.77,162.89,915.03,NaN,44.27,89.3,17.91,53.69,74.49,46.53,50.69,20.4,155.54,154.69,21.64,33.25,50.62,76.11,19.36,7.38,47.94,164.64,142.38,5.7,28.87,8.09,525.6,427.0,130.77,119.14,136.66,225.14,10.25,69.33,173.47,0.83,473.22,194.77,2.86,40.97,6.86,47.7599,49.29,61.74,101.8,9.32,NaN,7.46,4.87,66.3,559.09,8.28,2.05,66.48,68.09,18.31,25.81,226.39,565.9,513.84,335.43,275.3,374.22,62.41,79.66,219.34
2024-09-13,10.69,222.5,152.31,21.44,186.49,114.39,112.58,15.33,167.69,156.77,30.54,108.68,5.3,NaN,345.31,118.85,40.05,163.05,916.0,NaN,45.18,90.55,18.39,54.3,75.01,47.64,51.19,20.65,158.37,157.46,22.07,34.04,50.64,75.86,19.66,7.76,48.7,165.52,143.52,6.13,28.68,7.96,524.62,430.59,141.47,119.1,137.0,229.93,10.6,71.72,174.08,0.8399,475.34,195.63,3.11,41.5,7.46,48.1857,50.38,62.12,103.24,9.52,NaN,7.74,4.85,66.73,562.01,8.17,2.09,67.35,72.48,18.86,25.43,230.72,569.24,516.57,336.71,277.22,375.65,62.58,80.6,220.44
2024-09-16,10.81,216.32,152.08,21.68,184.89,117.16,116.25,15.22,164.02,155.55,30.52,108.69,5.14,NaN,347.96,120.25,41.08,161.5,907.87,NaN,45.32,91.85,17.23,54.7,76.34,46.14,51.18,20.09,158.99,158.06,22.21,32.98,50.665,75.68,20.91,7.82,49.83,166.99,144.2,5.72,28.54,7.85,533.28,431.34,134.53,116.78,136.9,230.01,11.42,70.37,177.24,0.9071,473.24,194.79,2.94,41.62,7.37,48.4161,50.58,63.69,103.56,9.64,NaN,8.06,4.76,66.78,562.84,8.3,2.12,66.45,71.52,18.96,25.61,232.28,565.9,517.35,335.79,277.77,374.24,62.99,80.56,219.6
2024-09-17,11.17,216.79,150.82,21.33,186.88,117.79,123.64,15.23,162.47,156.39,30.47,108.69,5.32,NaN,353.69,119.54,41.99,162.45,897.27,NaN,46.68,92.86,17.84,54.94,75.61,47.77,50.9,20.16,160.28,159.32,22.64,34.1,50.665,75.77,21.47,8.12,49.49,167.07,141.66,5.4,28.44,7.68,536.315,435.15,131.27,115.59,132.0,232.57,12.0,71.42,175.88,0.7904,473.49,194.9,2.95,41.42,7.17,48.4954,50.97,63.84,103.47,9.42,NaN,8.12,4.8,66.8,563.07,8.28,2.13,66.49,72.78,18.63,25.27,233.65,565.61,517.59,336.01,278.05,374.3,62.79,78.6,219.17
2024-09-18,11.03,220.69,148.29,20.725,186.43,117.55,123.16,15.22,161.67,155.11,30.36,108.74,5.33,NaN,355.12,117.78,42.32,162.64,892.52,NaN,46.92,93.58,17.54,54.74,74.68,47.79,50.52,19.65,160.81,159.81,22.95,34.15,50.66,75.59,20.77,7.83,49.54,166.15,141.14,7.47,28.9,7.6,537.95,430.81,132.67,113.37,132.06,231.51,11.92,70.64,173.92,0.83,471.44,194.03,2.9,41.46,7.12,48.3012,50.99,63.56,104.99,9.67,NaN,8.11,4.85,66.42,561.4,8.4,2.12,65.62,73.5,18.76,25.18,233.78,563.0,515.91,334.9,277.35,372.89,62.58,79.03,217.17
2024-09-19,11.11,228.87,156.74,21.9,189.87,121.62,124.0,15.42,167.42,154.59,31.05,108.76,5.61,NaN,373.31,115.17,44.51,168.24,900.74,NaN,47.13,93.45,18.67,55.49,75.66,50.38,51.29,19.51,163.24,162.14,22.81,36.01,50.68,76.34,21.14,7.72,49.98,164.82,140.1,9.28,28.94,8.02,559.1,438.69,144.66,117.87,134.88,238.72,11.99,73.35,171.54,0.7525,483.36,198.94,2.82,42.36,7.17,49.0459,51.96,64.76,106.86,10.07,NaN,8.19,5.01,67.31,570.98,7.76,2.24,70.58,75.28,19.2268,26.1,237.72,579.65,524.91,343.21,282.05,382.04,63.8,78.04,223.62
2024-09-20,11.01,228.2,155.95,22.03,191.6,124.48,126.09,15.54,171.1,153.29,30.99,108.81,5.58,NaN,368.82,115.33,43.68,170.09,906.98,NaN,46.94,93.75,19.29,54.84,76.78,50.03,51.94,21.85,164.64,163.59,22.73,35.8,50.7,77.38,21.84,8.22,48.71,164.16,140.75,9.15,29.04,7.75,561.35,435.27,144.78,116.0,127.51,231.88,11.44,69.57,174.22,0.771,482.44,198.59,3.13,41.71,7.47,49.3366,51.59,65.39,105.77,10.05,NaN,8.05,4.97,67.2,568.25,7.83,2.26,70.13,73.94,19.1,27.18,236.18,577.62,523.88,342.34,281.46,380.89,63.08,79.06,222.53
2024-09-23,10.98,226.47,156.75,24.44,193.88,125.23,126.12,15.74,172.94,156.3,31.14,108.82,5.61,NaN,371.17,116.86,43.12,170.22,917.08,NaN,47.16,92.97,20.28,55.22,77.44,50.41,52.05,22.31,163.07,161.85,22.7,36.04,50.71,78.25,22.56,8.01,48.45,163.22,141.21,8.03,29.63,7.57,564.41,433.51,149.97,116.26,123.7,231.86,11.19,69.74,173.77,0.62,483.04,198.8,3.16,42.22,7.56,49.7592,51.48,64.93,104.86,10.2,NaN,7.92,4.88,67.2,569.67,7.77,2.27,70.65,74.71,19.03,28.0,236.81,577.42,525.17,342.83,282.16,381.84,63.41,80.33,222.09
2024-09-24,11.04,227.37,158.32,24.03,193.96,125.13,129.08,15.68,174.84,155.81,31.33,108.84,5.71,NaN,385.93,117.38,43.34,171.68,901.54,NaN,47.8,93.69,20.1,55.38,77.46,51.23,52.77,22.63,163.64,162.29,22.77,36.64,50.725,77.79,22.81,8.12,48.64,162.78,141.05,7.64,29.75,7.41,563.33,429.17,153.88,120.87,125.44,233.75,10.93,70.47,173.24,0.6104,485.37,199.74,2.59,42.43,7.59,49.7122,51.61,64.58,106.39,10.57,NaN,7.83,4.9,67.11,571.3,7.65,2.46,71.65,77.44,18.83,28.83,237.4,582.63,526.68,344.79,282.87,383.33,64.29,80.67,223.61
2024-09-25,11.0,226.37,162.02,23.35,192.53,124.53,130.71,15.77,175.52,152.22,31.56,108.86,5.6,NaN,378.25,116.75,42.41,167.08,908.42,NaN,48.75,93.92,19.49,54.96,76.61,50.3,52.71,22.18,162.99,161.49,22.39,35.97,50.725,77.39,23.54,7.59,48.09,160.6,141.2,7.99,28.39,7.58,568.31,432.11,151.94,123.51,126.95,233.97,10.66,69.65,172.26,0.6599,485.82,199.98,2.36,42.04,8.62,49.7643,50.81,64.04,105.96,10.59,NaN,7.73,4.89,66.82,570.04,7.47,2.42,71.67,77.14,18.99,28.88,235.04,583.02,525.61,344.91,281.94,384.22,63.8,81.4,224.25
2024-09-26,11.79,227.52,167.49,22.06,191.16,125.5,128.13,15.97,178.09,154.58,32.27,108.87,5.74,NaN,390.96,114.78,42.79,179.93,901.44,NaN,51.81,95.2,20.11,55.51,77.21,51.54,52.97,22.29,163.83,162.73,22.43,36.84,50.725,78.04,23.92,8.06,49.05,161.39,142.18,7.98,29.93,7.33,567.84,431.31,165.98,124.04,124.3,242.24,11.42,73.32,173.21,0.66,489.47,201.44,2.45,42.16,8.69,49.82,51.15,63.84,106.0,10.56,NaN,7.76,4.91,67.35,572.3,7.32,2.63,73.19,76.69,19.18,29.14,236.73,590.25,527.7,346.08,283.2,384.47,65.37,79.92,227.22
2024-09-27,11.56,227.79,164.35,22.98,187.97,125.81,127.75,16.21,172.69,156.32,32.0,108.89,5.82,NaN,391.08,116.61,43.59,191.23,885.62,NaN,51.54,96.01,20.49,55.55,77.45,52.31,52.56,22.48,165.29,163.95,23.89,37.39,50.75,77.87,23.91,9.71,49.04,161.4,142.54,8.78,29.53,7.375,567.36,428.02,176.22,121.4,120.76,244.93,11.46,74.39,173.55,0.6261,486.75,200.32,2.56,41.78,9.78,50.5523,51.39,64.42,106.0,10.87,NaN,7.95,4.78,67.15,571.47,7.45,2.6,71.93,75.75,19.43,29.1,237.08,584.96,525.38,343.73,282.05,382.32,65.08,79.78,225.1
2024-09-30,11.24,233.0,164.08,23.6,186.33,124.91,130.55,16.21,172.5,152.04,32.15,108.93,5.63,NaN,391.12,118.63,43.06,178.17,886.52,NaN,50.79,96.19,19.67,55.7,77.55,50.5,52.13,22.93,167.19,165.85,23.42,36.13,50.74,76.95,23.46,8.74,48.85,162.06,142.28,8.05,29.63,7.3,572.44,430.3,168.6,121.44,119.07,240.01,11.23,72.61,173.2,0.6217,488.07,200.85,2.54,41.68,9.73,50.6222,51.5,64.81,108.71,10.7,NaN,7.86,4.66,67.27,573.76,7.39,2.52,72.49,75.16,19.21,28.61,237.21,586.52,527.67,345.29,283.16,383.93,64.74,80.75,225.76
2024-10-01,10.9,226.21,159.75,21.33,185.13,132.01,130.65,16.285,167.47,154.22,31.65,108.94,5.48,NaN,392.39,119.11,43.2,165.01,877.38,NaN,49.96,94.05,18.86,55.46,76.49,49.12,52.69,21.97,168.42,166.99,22.33,35.13,50.54,76.45,22.69,8.17,49.21,161.99,142.41,7.57,29.88,7.52,576.47,420.69,162.69,117.0,118.01,232.22,10.78,71.05,173.04,0.6215,481.27,198.06,2.94,41.58,9.23,50.8181,50.82,63.91,107.94,10.42,NaN,7.63,4.56,66.77,568.62,7.72,2.58,69.42,74.24,18.94,29.25,234.79,571.78,522.74,340.59,280.58,378.79,64.57,81.27,220.26
2024-10-02,10.74,226.78,159.78,21.88,184.76,132.7,131.36,16.59,170.66,152.89,31.76,108.97,5.34,NaN,394.05,115.78,43.24,164.47,878.53,NaN,48.4,94.15,17.98,55.36,77.59,47.92,52.68,21.49,167.31,165.86,22.63,34.24,50.54,76.06,22.39,9.2,48.11,161.17,141.76,7.35,29.57,7.55,572.81,417.13,164.64,118.85,116.48,235.36,10.84,71.51,171.92,0.6126,481.95,198.36,3.24,41.03,9.71,51.0704,50.79,63.35,107.57,10.88,NaN,7.79,4.73,66.79,568.86,7.67,2.61,69.68,72.87,18.98,29.87,234.8,575.38,522.83,341.05,280.64,379.2,64.8,80.43,221.89
2024-10-03,10.82,225.67,162.85,21.51,181.96,131.36,135.25,16.31,171.89,150.52,31.56,108.98,5.41,NaN,391.09,114.29,45.01,163.1,875.67,NaN,47.46,93.63,17.83,55.2,76.98,48.58,52.65,21.2,167.21,165.86,22.43,34.72,50.55,75.1,22.26,9.25,47.95,160.5,140.04,7.15,30.51,7.74,582.77,416.54,163.41,122.85,115.08,233.24,10.88,70.33,170.12,0.6117,481.59,198.2,3.29,40.73,9.25,50.59,50.48,63.4,109.05,10.74,NaN,7.83,4.69,66.56,567.82,7.71,2.54,69.52,72.94,18.78,29.66,233.76,577.64,521.84,341.3,280.04,379.22,64.12,80.43,222.81
2024-10-04,11.51,226.8,170.9,23.96,186.51,135.33,139.66,16.47,176.64,155.0,32.07,109.035,5.54,NaN,397.09,111.48,46.88,170.91,883.11,NaN,49.28,95.15,18.43,55.46,78.01,49.68,52.54,21.4,168.56,167.06,22.89,35.52,50.54,74.23,22.59,9.31,48.53,160.29,140.89,7.62,31.25,7.99,595.94,416.06,176.51,124.92,115.12,234.24,10.9,71.54,168.88,0.6301,487.32,200.56,3.3,40.84,9.8,51.0795,51.14,64.75,109.72,10.8,NaN,8.39,4.69,66.93,572.98,7.43,2.64,71.97,74.28,18.94,30.32,236.63,585.04,526.65,344.86,282.75,383.37,64.61,80.94,225.29
2024-10-07,11.53,221.69,170.97,23.49,180.8,134.22,139.95,16.35,175.08,155.91,31.84,109.03,5.62,NaN,398.25,111.2,46.76,168.92,873.59,NaN,49.47,92.39,18.54,54.99,77.48,50.44,52.38,20.9,164.39,162.98,23.32,36.06,50.525,73.14,22.38,9.07,47.69,159.53,140.78,7.36,31.04,8.19,584.78,409.54,186.09,127.72,117.77,234.02,10.77,71.09,167.12,0.6424,482.1,198.41,3.1,41.52,9.68,50.8449,50.7,64.29,108.31,10.48,NaN,8.27,4.74,66.12,567.8,7.68,2.65,69.6,74.59,18.92,29.85,234.73,580.84,521.91,341.63,280.17,379.0,64.48,79.1,223.74
2024-10-08,11.92,225.77,172.8,22.6,182.72,136.1,143.51,16.32,180.73,154.65,31.95,109.07,5.52,NaN,387.96,112.1,46.67,167.69,890.42,NaN,50.62,92.51,18.49,55.07,77.78,49.52,51.98,20.71,165.7,164.38,25.61,35.4,50.55,74.46,23.32,9.55,47.34,159.69,142.01,7.39,30.67,8.38,592.89,414.71,192.2,132.89,117.2,234.96,10.81,70.53,168.16,0.6766,489.3,201.38,3.46,41.05,9.41,50.7796,50.76,64.9,109.62,10.67,NaN,8.41,4.68,66.73,573.17,7.34,2.51,72.62,76.17,18.92,30.0,235.13,591.43,526.85,346.87,282.53,385.21,63.87,79.71,227.92
2024-10-09,11.93,229.54,171.02,23.72,185.17,138.02,143.4,16.39,185.95,149.37,32.0,109.08,5.4,NaN,396.19,111.47,46.63,166.97,909.1,NaN,50.98,93.6,18.32,55.4,80.33,48.52,51.7,20.5,163.06,161.86,25.65,34.68,50.55,75.06,23.46,9.54,47.1,160.65,142.18,7.12,30.64,8.13,590.51,417.46,188.91,132.65,117.0,238.31,11.0,71.0,169.27,0.661,493.15,202.97,3.37,41.21,9.45,50.949,50.94,66.7,109.27,10.68,NaN,8.59,4.63,67.41,577.14,7.17,2.48,74.37,77.87,18.88,29.46,236.27,598.05,530.45,348.97,284.5,387.68,63.8,80.4,230.47
2024-10-10,11.76,229.04,164.18,22.17,186.65,137.92,144.84,16.27,185.69,146.62,31.99,109.08,5.29,NaN,396.64,109.94,46.94,164.27,893.63,NaN,50.29,92.99,17.91,55.08,82.475,47.49,52.09,20.91,163.18,162.08,25.5,33.95,50.58,74.74,23.22,9.81,47.0,160.51,141.06,7.23,30.36,8.02,583.83,415.84,183.34,134.81,117.53,236.17,10.95,70.31,168.95,0.6412,492.59,202.77,3.19,41.14,9.39,50.39,50.66,66.65,108.2,10.66,NaN,8.63,4.84,67.28,576.13,7.2,2.51,74.11,77.92,18.8,29.57,235.1,598.59,529.56,348.82,283.91,387.36,63.74,79.61,230.41
2024-10-11,11.79,227.55,167.89,24.0,188.82,140.21,147.0,16.58,181.48,151.02,32.2,109.13,5.61,NaN,402.02,110.81,48.27,176.38,889.03,NaN,51.33,94.13,18.66,55.82,82.87,50.27,52.63,20.83,164.52,163.24,26.27,35.94,50.58,75.03,23.56,10.66,48.19,161.46,142.25,7.61,30.62,8.07,589.95,416.32,212.59,134.8,120.04,238.1,11.78,70.33,171.09,0.5653,493.36,203.03,3.38,41.33,9.7,51.4234,25.84,67.68,107.3,11.13,NaN,9.01,4.91,67.53,579.58,7.17,2.52,74.3,86.34,19.05,30.0,239.01,600.44,532.71,349.53,286.11,388.79,64.11,80.1,230.81
2024-10-14,11.87,231.3,165.27,23.81,187.54,141.37,145.3,16.71,182.31,148.99,32.4,109.12,5.85,NaN,393.95,112.03,48.62,196.35,889.76,NaN,53.18,94.97,19.88,56.07,82.83,52.48,52.57,21.33,166.35,164.96,27.0,37.57,50.58,74.88,23.44,10.84,48.08,161.6,143.54,7.82,30.37,8.115,590.42,419.14,201.67,138.07,119.78,243.44,11.9,72.79,172.51,0.59,497.5,204.75,3.65,41.34,9.88,51.7117,25.99,67.82,107.65,11.05,NaN,10.04,5.19,68.11,584.32,6.99,2.45,76.2,84.94,19.27,30.17,240.6,607.88,537.07,352.61,288.34,392.15,64.145,80.29,233.82
2024-10-15,12.03,233.85,156.64,23.27,187.69,141.55,143.81,16.54,175.98,152.35,31.59,109.16,5.94,NaN,387.99,114.3,48.6,196.34,894.61,NaN,52.73,94.22,19.66,56.09,82.64,53.3,52.76,21.27,166.9,165.46,26.8,38.17,50.59,74.35,22.66,10.49,47.74,164.1,145.23,8.08,30.49,8.13,586.27,418.74,194.31,131.6,117.81,232.85,11.84,69.32,173.57,0.563,490.85,202.02,3.5,41.3,9.94,51.23,26.01,71.96,107.93,11.04,NaN,10.18,5.31,67.55,579.78,7.28,2.39,73.16,83.2,19.32,30.23,240.1,596.92,532.98,348.88,286.36,388.61,63.13,81.65,228.68
2024-10-16,12.89,231.78,156.13,26.39,186.89,142.85,144.85,16.77,176.82,154.9,31.56,109.17,6.01,NaN,393.62,115.68,49.42,210.48,887.38,NaN,56.31,96.75,19.83,56.4,82.12,53.88,53.01,21.66,166.74,165.16,26.93,38.58,50.61,73.76,22.31,12.3,47.98,164.28,145.94,8.37,30.91,8.22,576.79,416.12,194.09,135.72,118.03,232.73,12.39,69.03,172.38,0.7,490.91,202.02,3.2,42.15,11.19,52.3602,26.4,72.08,105.12,10.76,NaN,10.04,5.25,67.67,582.3,7.27,2.41,73.12,81.9,19.63,32.35,242.4,599.13,535.22,349.41,287.82,389.22,63.45,81.22,229.39
2024-10-17,12.81,232.15,156.25,24.73,187.53,145.19,143.0,16.82,181.53,155.31,31.49,109.17,5.92,NaN,394.49,111.75,51.34,204.2,885.29,NaN,55.26,96.54,19.68,56.35,80.86,53.16,53.34,21.41,164.51,162.93,26.32,38.05,50.605,72.22,22.44,12.5,46.63,164.47,146.09,8.35,30.09,8.03,576.93,416.72,193.42,136.93,118.22,232.28,12.38,69.24,172.28,0.6218,491.25,202.2,3.04,42.2,10.68,52.4933,26.36,71.91,106.07,10.46,NaN,9.87,5.23,67.65,582.35,7.26,2.37,73.34,79.9,19.73,32.76,242.1,601.49,535.3,349.88,287.76,389.7,63.35,80.89,230.09
2024-10-18,13.09,235.0,155.97,24.92,188.99,145.01,145.22,16.82,179.89,155.0,32.05,109.24,6.08,NaN,393.86,112.38,52.28,220.21,889.56,NaN,55.8,97.28,20.12,56.43,81.07,54.6,53.9,21.22,165.05,163.42,26.83,39.07,50.62,71.91,22.77,13.3,46.78,165.12,145.41,8.24,30.98,7.94,576.47,418.16,215.86,138.0,118.09,233.45,12.18,68.49,171.28,0.69,494.47,203.52,3.15,42.48,10.81,52.2497,26.33,71.36,108.95,10.49,NaN,10.18,5.5,68.07,584.59,7.13,2.39,74.64,79.16,19.62,33.46,242.38,603.56,537.36,351.81,288.89,392.18,63.86,81.31,230.91
2024-10-21,12.97,236.48,157.9,23.85,189.07,144.76,158.85,16.685,179.99,159.82,32.06,109.25,6.01,NaN,390.48,110.19,51.33,213.72,886.77,NaN,55.1,96.62,20.31,55.835,82.05,53.89,53.9,20.7,165.8,164.07,26.97,38.57,50.625,71.74,22.84,14.76,46.93,162.83,144.21,8.01,30.44,7.71,575.16,418.78,219.05,143.71,117.33,230.15,11.69,67.14,169.54,0.7401,495.42,203.89,2.97,41.51,11.26,52.1447,25.94,70.87,109.86,10.33,NaN,10.4,5.39,67.79,583.63,7.1,2.39,75.05,80.46,19.42,33.25,239.44,606.93,536.53,353.32,287.98,393.85,63.23,80.81,231.99
2024-10-22,12.96,235.86,154.09,23.36,189.7,143.94,158.95,16.6,179.38,159.88,31.68,109.27,5.98,NaN,388.46,109.77,49.75,210.72,893.49,NaN,54.8,96.74,19.91,55.25,82.44,53.64,54.47,20.93,166.82,165.14,27.41,38.41,50.63,71.15,22.4,15.01,47.53,163.45,137.75,8.58,30.49,7.67,582.01,427.51,219.7,143.59,116.47,231.52,11.78,66.54,169.7,0.81,495.96,204.11,2.85,40.63,11.16,51.5258,25.8,70.91,109.48,9.98,NaN,10.58,5.27,67.32,583.32,7.07,2.34,75.27,80.41,19.29,32.75,238.19,606.51,536.16,353.43,287.65,393.78,62.98,82.02,231.75
2024-10-23,12.83,230.76,152.91,22.19,184.71,143.54,159.4,16.53,173.51,157.06,31.11,109.29,5.88,NaN,385.73,110.68,49.25,198.93,899.17,NaN,54.65,96.24,19.03,55.01,80.37,52.83,53.82,20.54,164.48,162.78,26.7,37.81,50.64,71.08,21.98,14.74,49.05,165.86,136.89,8.07,30.73,7.6,563.69,424.6,213.95,139.56,115.74,236.32,11.81,67.97,169.58,0.7353,488.36,201.02,2.73,40.62,10.91,51.27,25.59,71.71,109.53,10.15,NaN,10.42,4.98,66.87,577.99,7.41,2.28,71.79,79.83,18.96,31.57,236.72,597.09,531.27,348.02,285.05,388.06,62.42,83.27,228.43
2024-10-24,12.78,230.57,153.44,22.64,186.38,146.29,159.0,16.37,171.35,155.2,31.46,109.29,6.06,NaN,387.06,111.45,50.11,209.16,893.42,NaN,54.77,95.4,19.25,54.9,80.62,54.32,54.21,20.63,164.53,162.72,27.22,38.87,50.64,70.27,22.34,15.71,48.64,163.67,137.01,7.92,29.02,7.63,567.78,424.73,235.89,140.41,113.92,239.06,11.5,70.08,169.62,0.7,492.32,202.62,2.72,40.55,11.19,51.4541,25.66,72.59,107.79,10.27,NaN,10.93,5.28,66.73,579.24,7.24,2.35,73.5,78.38,19.01,31.77,237.45,599.12,532.47,350.33,285.81,390.66,62.55,83.04,229.1
2024-10-25,13.15,231.41,156.23,22.93,187.83,143.09,161.63,16.38,173.0,155.01,31.63,109.32,5.92,NaN,385.97,108.91,50.22,205.04,891.22,NaN,54.12,95.03,18.73,54.79,80.34,53.09,54.35,20.57,166.99,165.27,27.06,38.01,50.66,69.54,22.68,16.96,48.57,160.88,135.52,7.99,29.43,7.58,573.25,428.15,234.34,141.54,113.38,243.16,10.55,71.25,168.22,0.6379,495.32,203.85,2.69,40.67,11.18,51.5403,25.59,71.82,109.32,10.45,NaN,10.99,5.18,66.66,579.04,7.11,2.31,74.74,77.62,18.96,31.56,236.47,601.96,532.26,351.79,285.54,392.47,62.38,82.51,230.29
2024-10-28,13.6,233.4,159.92,24.22,188.39,144.84,166.185,16.59,172.02,150.69,32.12,109.37,6.17,NaN,390.61,109.05,50.92,216.1,890.96,NaN,55.38,96.2,19.0,55.15,80.755,55.38,54.35,22.73,168.34,166.72,27.88,39.67,50.67,69.85,22.92,17.81,48.64,161.6,135.62,8.22,30.3,7.71,578.16,426.59,255.34,140.52,112.36,249.7,0.0,72.24,169.3,0.6,495.4,203.91,3.06,41.03,11.26,51.5338,25.96,72.04,111.13,10.71,NaN,11.19,6.12,66.73,580.83,7.11,2.31,74.81,77.69,19.35,32.18,239.14,603.19,533.92,352.22,286.7,393.12,62.8,82.75,230.22
2024-10-29,13.82,233.67,166.25,24.08,190.83,146.02,172.24,16.66,179.24,152.98,32.4,109.35,6.44,NaN,387.51,106.61,51.12,219.66,886.99,NaN,57.34,96.13,19.91,55.05,79.37,57.67,54.94,22.68,171.14,169.68,28.03,41.33,50.68,69.35,22.9,16.74,47.29,160.09,134.51,8.32,31.03,7.895,593.28,431.95,258.24,141.25,111.98,255.58,0.0,74.7,167.17,0.56,500.16,205.81,3.28,41.15,11.47,51.6196,25.88,71.89,110.49,10.89,NaN,10.47,6.01,66.85,581.77,6.92,2.37,76.88,79.21,19.26,31.82,238.97,610.32,534.77,355.1,287.08,396.3,62.58,81.7,233.32
2024-10-30,13.94,230.1,148.6,23.48,192.73,145.86,171.65,16.5,176.64,154.29,32.38,109.39,6.37,NaN,379.24,107.81,51.09,211.74,879.09,NaN,58.46,95.08,20.13,55.14,78.74,57.08,55.23,23.28,176.14,174.46,28.21,40.88,50.66,69.37,22.3,16.87,49.03,160.61,134.41,7.86,31.47,8.04,591.8,432.53,247.31,139.335,113.24,245.32,NaN,73.63,166.16,0.581,496.38,204.31,3.17,40.78,10.96,51.3131,25.9,71.1,110.92,12.62,NaN,11.22,5.45,66.67,580.01,7.06,2.32,75.17,79.43,19.25,31.3,239.06,602.32,533.16,353.54,286.37,394.25,62.21,81.39,229.61
2024-10-31,13.4,225.91,144.07,24.52,186.4,143.26,169.39,16.195,169.77,149.31,31.76,109.4,6.21,NaN,376.2,107.49,50.03,179.25,874.18,NaN,57.22,96.2,19.02,54.54,78.66,55.61,54.39,22.18,172.69,171.11,23.49,39.78,50.675,69.25,21.52,15.03,55.54,159.86,134.18,7.8,30.58,7.45,567.58,406.35,244.5,132.76,111.95,234.5,NaN,70.49,165.18,0.5,483.85,199.13,3.06,39.32,10.7,50.35,25.49,70.83,92.21,12.16,NaN,11.17,5.03,65.67,568.64,7.6,2.23,69.45,72.05,18.93,30.73,235.64,582.3,522.67,342.82,281.03,382.92,61.85,81.95,222.24
2024-11-01,13.54,222.91,141.86,28.54,197.93,141.0,163.53,16.42,168.92,154.59,32.0,109.44,6.14,NaN,379.63,106.58,49.92,182.88,877.31,NaN,58.39,95.81,19.04,54.74,78.8,55.01,54.17,22.41,172.65,171.29,23.97,39.37,50.48,69.34,23.2,14.85,55.77,160.13,134.61,8.11,30.61,7.165,567.16,410.37,229.71,135.4,111.94,238.59,NaN,70.99,165.1,0.4499,487.43,200.6,3.06,40.01,11.42,50.6702,25.62,70.94,89.12,12.53,NaN,11.04,5.14,65.89,571.04,7.44,2.27,70.93,73.25,19.5,30.56,236.24,586.47,524.94,345.5,282.23,385.99,61.92,82.19,223.91
2024-11-04,12.99,222.01,140.71,27.04,195.78,139.43,159.11,16.35,168.55,155.07,32.11,109.47,5.97,NaN,376.52,108.36,49.06,186.27,886.07,NaN,56.89,95.79,18.33,54.95,78.84,53.49,54.24,22.33,170.68,169.24,24.32,38.25,50.505,68.54,22.52,14.37,56.6,158.24,133.74,7.58,29.91,7.11,560.68,408.46,222.99,136.05,109.72,236.9,NaN,69.5,165.08,0.4616,486.01,200.02,3.27,40.45,11.25,50.8681,25.71,70.96,91.25,12.12,NaN,10.91,5.09,65.88,569.81,7.52,2.23,70.27,73.25,19.77,29.87,236.87,585.9,523.8,344.36,281.72,384.91,62.11,82.45,223.74
2024-11-05,13.19,223.45,141.66,28.7,199.5,149.27,165.18,16.7,173.9,151.0,32.82,109.465,6.16,NaN,383.37,108.7,49.455,193.96,890.17,NaN,58.29,96.63,18.37,55.79,77.92,55.17,54.36,22.99,171.41,169.74,24.96,39.51,50.5,68.69,23.32,15.35,57.56,158.35,134.83,7.74,30.63,7.36,572.43,411.46,227.8,139.91,110.13,224.65,NaN,70.2,165.76,0.4951,492.21,202.58,3.42,41.76,11.81,51.5832,26.14,71.31,94.0,12.19,NaN,11.42,5.37,66.6,576.7,7.23,2.32,72.94,74.15,19.88,30.01,240.84,594.39,530.1,349.26,285.3,390.21,62.79,83.68,226.89
2024-11-06,14.0,222.72,145.1,28.62,207.09,163.67,168.55,17.32,179.55,147.16,33.26,109.49,6.76,NaN,416.88,103.47,54.23,254.31,899.25,NaN,62.32,98.89,20.45,57.13,80.87,60.6,52.71,23.1,178.33,176.51,29.86,43.4,50.48,69.04,25.05,16.45,58.83,157.88,131.64,8.26,31.39,7.79,572.05,420.18,257.81,145.61,105.36,231.38,NaN,72.27,161.05,0.5598,505.58,208.07,3.33,40.66,13.05,54.1306,27.49,75.75,92.1,11.81,NaN,11.81,5.69,67.93,591.04,6.65,2.21,78.86,74.36,20.65,30.32,250.76,613.01,543.3,358.05,293.28,399.84,62.03,83.44,233.35
2024-11-07,13.62,227.48,149.82,28.31,210.05,159.82,246.53,17.54,183.81,150.98,33.54,109.52,6.8,NaN,408.21,104.21,52.35,255.58,913.93,NaN,60.43,98.93,22.04,57.34,83.68,60.88,53.57,23.45,182.28,180.75,29.36,43.6,50.5,68.26,26.23,22.11,58.41,156.73,132.25,9.52,31.26,7.84,591.7,425.43,270.81,148.88,107.63,236.12,NaN,72.05,163.41,0.5999,513.54,211.35,3.57,41.0,13.46,54.21,27.47,73.17,95.95,12.48,NaN,11.9,6.95,68.3,595.61,31.69,2.56,82.55,73.13,20.66,31.52,251.24,625.57,547.53,363.61,295.33,406.46,63.1,83.85,237.42
2024-11-08,13.81,226.96,147.95,34.14,208.18,162.0,290.01,17.74,183.64,151.68,33.73,109.55,6.8,NaN,393.37,105.85,52.33,270.74,943.8,NaN,61.05,99.02,22.33,57.69,92.04,61.05,53.21,24.88,179.86,178.35,30.54,43.69,50.525,67.7,26.2,24.79,57.38,155.47,133.61,9.73,31.78,7.87,589.34,422.54,270.42,147.63,107.2,233.89,NaN,70.41,167.71,0.582,514.14,211.62,3.64,41.06,13.51,54.7118,27.66,73.9,104.29,12.01,NaN,13.01,7.2,68.57,598.19,31.63,2.39,82.75,72.04,20.73,31.0,253.14,624.47,549.95,364.92,296.71,408.08,62.05,84.83,237.16
2024-11-11,14.16,224.23,147.35,36.81,206.84,166.75,286.43,18.31,178.91,148.96,33.81,109.56,7.73,NaN,396.54,104.1,53.3,324.24,932.88,NaN,63.56,100.86,25.51,57.97,97.18,69.22,51.96,27.26,181.97,180.35,32.8,49.57,50.52,67.85,25.05,23.52,57.66,155.04,133.26,11.0,32.65,8.38,583.17,418.01,340.0,145.26,109.09,227.04,NaN,69.96,166.03,0.565,513.84,211.5,3.75,40.74,14.78,55.6116,28.04,77.85,104.27,11.96,NaN,14.11,7.77,68.53,598.76,31.69,2.24,82.6,71.65,21.5,30.52,256.25,621.92,550.4,364.25,297.54,408.51,61.97,84.21,235.85
2024-11-12,13.91,224.23,143.63,36.06,208.91,163.75,289.03,18.01,176.22,145.17,33.28,109.54,7.96,NaN,393.01,102.25,52.27,319.13,932.38,NaN,64.05,100.99,24.92,57.5,99.15,71.23,51.52,26.84,183.32,181.62,33.0,51.05,50.51,66.78,24.16,23.01,57.31,152.64,132.14,10.4,32.03,8.39,584.82,423.03,356.59,148.29,107.06,224.79,NaN,70.23,165.84,0.5651,512.91,211.13,3.97,40.58,14.66,55.2196,27.59,78.19,101.71,11.26,NaN,13.82,7.56,68.37,596.9,31.86,2.15,82.15,71.37,20.95,30.72,253.2,623.01,548.75,364.58,296.37,408.8,60.95,84.99,236.15
2024-11-13,14.01,225.12,139.3,36.65,214.1,164.34,283.96,18.41,173.58,139.97,32.94,109.55,7.97,NaN,387.07,102.76,51.34,284.72,933.73,NaN,64.46,102.72,24.01,57.46,97.88,71.31,51.0,26.46,180.49,178.88,31.91,51.04,50.52,66.27,24.92,26.76,56.38,153.24,132.19,11.76,32.38,8.2,580.0,425.2,328.38,146.27,106.91,222.96,NaN,68.49,166.58,0.522,512.25,210.83,3.82,39.63,18.83,56.6676,27.35,78.25,102.11,11.11,NaN,13.5,6.27,68.35,597.19,32.01,2.04,81.79,71.16,21.78,30.16,252.0,620.5,549.03,364.62,296.23,408.62,60.64,85.5,235.33
2024-11-14,14.26,228.22,138.84,31.905,211.48,164.31,284.49,17.81,170.38,138.14,32.59,109.58,7.77,NaN,387.36,102.92,51.09,278.84,923.89,NaN,64.85,109.12,23.47,57.04,94.46,69.5,50.85,27.37,177.35,175.58,32.22,49.73,50.52,66.64,25.03,26.16,56.93,151.87,131.68,10.23,32.42,7.89,577.16,426.89,327.67,146.76,105.32,223.96,NaN,67.02,167.08,0.532,508.69,209.34,4.02,38.42,17.36,54.79,27.02,80.19,101.3,10.76,NaN,13.4,6.63,67.97,593.35,32.68,2.0,80.06,71.44,21.44,30.4,249.13,617.98,545.54,361.99,294.04,406.13,60.57,84.47,234.53
2024-11-15,14.39,225.0,134.9,30.08,202.61,163.63,291.09,17.67,164.84,140.19,32.11,109.61,8.12,NaN,384.07,103.8,50.46,305.85,907.07,NaN,64.07,115.08,23.39,56.43,94.2,72.81,50.76,26.59,173.89,172.49,32.32,52.13,50.545,66.27,24.35,29.14,57.58,154.0,134.08,12.42,32.6,7.73,554.08,415.0,340.65,141.98,101.74,217.04,NaN,64.76,169.54,0.511,496.57,204.35,4.7,38.39,19.0,54.741,26.64,80.64,100.88,10.6,NaN,13.63,6.36,67.04,585.75,35.09,1.97,74.27,73.25,21.36,30.3,246.31,602.95,538.5,354.63,290.31,397.83,60.41,84.25,228.71
2024-11-18,14.29,228.02,138.93,30.57,201.7,164.31,298.0,17.72,165.67,143.87,32.22,109.61,8.13,NaN,384.46,104.59,50.86,325.41,919.51,NaN,63.24,113.54,23.95,56.5,91.88,72.77,51.72,26.44,176.8,175.3,35.0,52.13,50.555,66.81,24.84,25.23,57.7,154.77,136.01,11.68,32.33,7.77,554.4,415.76,384.79,140.15,99.81,220.19,NaN,66.48,170.75,0.535,500.02,205.8,4.9,38.01,19.29,55.01,26.72,81.39,99.46,10.55,NaN,13.93,6.19,67.36,588.15,34.36,2.05,75.77,69.33,21.41,31.89,247.33,604.72,540.73,355.95,291.49,399.64,60.8,84.08,229.45
2024-11-19,14.33,228.28,139.39,31.57,204.61,168.25,321.19,17.99,165.35,145.6,32.82,109.62,8.22,NaN,382.33,104.47,51.14,324.57,930.15,NaN,64.75,112.42,23.55,56.23,90.79,73.58,52.18,27.57,179.58,178.12,35.24,52.7,50.57,67.46,24.2,27.89,57.84,153.0,135.61,12.56,32.36,8.34,561.09,417.79,430.54,147.01,102.63,219.91,NaN,66.65,170.76,1.4,503.46,207.21,4.74,38.28,20.5,55.66,26.87,80.19,98.88,10.51,NaN,14.42,6.51,67.2,590.3,33.69,2.08,77.29,69.13,21.72,32.51,248.5,612.17,542.7,359.6,292.83,403.79,60.82,86.6,231.33
2024-11-20,14.46,229.0,137.6,31.16,202.88,162.89,325.22,17.99,163.25,146.08,32.72,109.635,41.84,NaN,381.5,104.37,51.23,320.01,928.08,NaN,63.64,114.26,23.3,56.6,92.45,74.99,52.49,28.45,177.33,175.98,36.08,53.72,50.56,67.64,24.01,28.86,58.84,153.11,136.37,12.07,31.77,8.44,565.52,415.49,473.83,145.89,105.27,220.34,NaN,67.31,170.89,1.04,503.17,207.11,6.37,37.37,20.18,55.69,26.92,80.46,95.22,10.59,NaN,14.67,6.44,67.17,590.5,33.72,2.08,77.2,69.6,21.57,31.97,249.78,612.82,542.9,359.13,293.0,403.47,60.67,87.18,231.13
2024-11-21,14.2,228.52,137.49,33.96,198.38,165.02,318.24,18.51,163.94,143.41,33.19,109.64,43.6,NaN,389.59,104.5,52.79,295.23,955.65,NaN,63.34,114.72,25.44,57.35,94.02,78.05,52.93,27.82,169.24,167.63,35.09,55.9,50.565,66.93,24.44,32.78,59.18,155.5,137.03,13.995,31.79,8.67,563.09,412.87,397.28,146.67,102.63,224.57,NaN,68.47,172.75,3.2,504.98,207.88,7.3,37.53,22.41,57.38,27.38,80.8,100.44,10.63,NaN,15.01,6.98,67.95,593.67,33.39,2.09,77.96,69.64,22.23,33.1,253.78,619.28,545.64,359.28,295.05,403.95,60.7,88.39,233.48
2024-11-22,14.38,229.87,138.35,34.22,197.12,167.56,333.31,18.83,164.23,149.29,33.41,109.68,44.05,NaN,397.49,105.44,53.65,304.64,964.01,NaN,63.34,115.65,24.97,58.02,92.77,78.87,53.62,27.9,166.57,164.76,36.65,56.49,50.59,67.92,24.5,31.8,59.32,155.17,138.42,15.12,31.97,9.16,559.14,417.0,421.88,141.95,105.06,226.38,NaN,69.62,176.28,2.97,505.79,208.18,8.97,37.97,23.26,58.4281,27.86,81.26,98.34,11.42,NaN,15.6,8.25,68.34,595.51,33.28,2.08,78.25,71.51,22.88,33.12,257.73,621.58,547.47,359.01,296.51,404.03,60.91,90.44,233.6
2024-11-25,14.92,232.87,141.13,34.61,201.45,174.7,319.59,19.35,164.82,153.1,33.41,109.71,42.16,NaN,405.65,106.08,54.39,312.22,960.89,NaN,64.49,116.0,26.6,58.81,93.12,75.42,52.04,29.67,169.43,167.65,37.85,54.02,50.615,68.44,24.87,30.88,59.57,155.78,139.14,14.68,32.43,9.3,565.11,418.79,403.45,136.02,104.56,233.85,NaN,72.39,177.39,2.85,506.59,208.51,9.61,38.53,24.06,58.66,28.32,81.77,102.71,11.6,NaN,15.7,8.03,68.76,597.53,33.15,2.06,78.61,73.42,23.38,32.07,261.58,621.29,549.23,359.53,297.96,404.7,61.11,89.5,233.59
2024-11-26,14.64,235.06,137.72,33.68,207.86,175.64,329.77,19.41,164.74,150.76,33.27,109.74,40.32,NaN,407.83,106.3,53.52,293.29,971.5,NaN,64.14,115.45,25.15,58.67,96.44,72.17,52.14,30.33,170.62,169.12,36.42,51.7,50.61,68.32,24.05,30.65,59.11,154.52,139.73,14.055,31.96,9.32,573.54,427.99,353.69,136.92,106.13,228.66,NaN,70.82,179.31,2.72,509.31,209.63,8.36,37.98,25.44,59.08,28.11,82.25,99.27,11.6,NaN,15.49,7.61,68.95,600.65,32.62,1.98,79.83,71.56,23.12,31.76,259.91,623.17,552.31,363.05,299.05,408.08,60.8,91.31,234.76
2024-11-27,14.64,234.93,136.24,32.37,205.74,173.85,328.56,19.59,159.67,152.4,32.94,109.76,42.93,NaN,403.7,106.7,52.7,310.98,961.55,NaN,63.62,117.6,27.6,58.52,94.06,76.82,52.24,30.89,170.82,169.23,37.65,55.03,50.63,68.53,23.65,32.21,58.38,155.4,139.2,14.45,32.36,9.59,569.2,422.99,388.84,135.34,106.13,226.53,NaN,70.35,179.36,2.75,505.3,208.0,9.27,38.03,25.67,59.1283,28.12,82.6,98.07,11.61,NaN,16.12,7.88,68.7,598.83,33.41,2.0,77.9,71.62,23.35,31.79,259.72,616.76,550.55,360.54,298.2,405.72,61.07,91.88,231.58
2024-11-29,14.52,237.33,137.175,34.06,207.89,175.03,336.75,20.17,162.08,155.44,33.37,109.83,43.09,NaN,406.11,106.25,53.23,296.2,971.88,NaN,63.82,117.47,27.19,58.63,95.05,77.09,52.7,29.05,170.49,168.95,37.54,55.21,50.65,68.4,24.05,36.5,58.83,155.01,139.35,16.35,32.36,9.77,574.32,423.46,387.47,138.25,106.8,229.37,NaN,71.12,179.26,2.78,509.74,209.8,11.77,38.09,27.28,60.1154,28.2,82.76,100.55,11.81,NaN,16.41,9.31,69.07,602.55,32.58,2.06,79.89,71.96,24.17,32.35,260.51,622.25,553.45,363.8,299.86,409.13,61.71,92.5,233.73
2024-12-02,14.61,239.59,142.06,34.49,210.71,172.34,340.59,19.62,166.51,156.54,33.4,109.82,42.46,NaN,402.51,105.32,52.78,302.4,975.0,NaN,63.41,117.16,27.43,58.44,95.32,76.03,52.25,27.27,172.98,171.49,37.62,54.48,50.46,68.11,23.93,32.06,58.46,154.8,139.56,14.56,33.0,9.68,592.83,430.98,380.3,138.63,108.67,233.61,NaN,73.95,179.7,3.16,515.29,212.1,10.565,38.07,24.155,58.9443,28.2,81.39,98.33,12.11,NaN,15.91,8.95,69.42,603.63,31.53,1.99,82.48,73.07,23.66,31.91,259.93,628.37,555.01,366.76,300.43,412.87,61.83,92.64,235.95
2024-12-03,14.47,242.65,141.98,32.84,213.44,173.0,366.55,19.33,168.15,155.0,33.58,109.71,42.42,NaN,399.26,104.69,52.48,309.35,982.15,NaN,62.57,116.45,27.37,58.4,95.29,75.95,52.34,27.44,173.02,171.34,38.64,54.46,50.45,68.15,22.47,32.79,58.71,152.36,136.81,14.15,32.98,9.85,613.65,431.2,373.43,140.26,109.2,228.36,NaN,69.81,175.42,2.85,516.87,212.75,9.18,37.63,23.01,58.184,28.04,81.12,98.87,12.86,NaN,15.88,8.88,69.17,603.91,31.25,2.05,83.21,71.27,23.47,31.89,259.34,631.63,555.14,368.48,300.43,414.88,62.09,93.51,236.8
2024-12-04,14.88,243.01,143.99,35.23,218.16,174.73,373.7,19.73,170.56,158.28,34.15,109.83,43.94,NaN,399.51,103.45,52.67,330.94,990.92,NaN,64.26,116.99,29.54,58.35,98.19,78.69,52.5,27.03,176.09,174.37,40.0,56.42,50.485,67.96,21.96,33.42,57.72,150.47,136.79,12.82,34.15,9.84,613.78,437.42,406.0,145.14,108.97,223.66,NaN,65.97,175.11,2.68,523.26,215.37,8.39,38.03,23.11,58.4016,28.16,81.51,105.45,12.62,NaN,16.32,10.15,69.26,607.66,30.11,2.0,86.25,72.16,23.38,31.68,260.34,644.43,558.64,373.34,302.45,421.06,62.1,94.45,241.13
2024-12-05,17.38,243.04,141.36,34.89,220.55,175.73,379.07,19.54,170.47,156.67,33.9,109.84,43.94,NaN,394.98,103.32,52.76,320.57,982.26,NaN,65.77,116.5,29.01,57.98,98.46,78.69,52.13,28.63,174.31,172.64,38.92,56.4,50.48,68.82,20.8,35.95,56.71,149.52,138.15,12.0,34.84,9.65,608.93,442.62,386.4,145.06,108.82,216.99,NaN,65.74,176.03,4.5,521.81,214.8,8.66,37.62,23.92,58.1251,27.84,81.81,101.67,12.17,NaN,15.65,13.33,69.0,606.66,30.38,2.02,85.54,65.23,23.27,31.95,257.98,641.21,557.71,372.92,301.61,420.41,62.48,95.3,239.91
2024-12-06,17.4,242.84,138.59,31.2,227.03,177.85,401.5,19.98,179.53,153.93,34.18,109.9,45.1,NaN,395.03,101.85,52.85,343.62,992.61,NaN,64.53,116.73,30.77,57.95,99.21,80.7,52.15,29.06,176.49,174.71,41.67,57.8,50.51,69.11,20.92,37.97,56.78,149.31,134.73,12.42,34.18,9.17,623.77,443.57,395.01,142.44,110.77,218.66,NaN,66.52,173.82,3.35,526.48,216.72,8.17,36.03,24.68,58.0371,27.95,81.47,100.87,12.44,NaN,16.02,15.01,69.28,607.81,29.59,1.96,87.74,66.09,23.79,31.8,258.63,644.54,558.82,375.14,302.45,423.26,62.37,95.7,240.84
2024-12-09,17.16,246.75,130.87,28.73,226.09,172.47,342.54,19.69,178.94,157.04,33.81,109.9,42.63,NaN,399.26,102.0,52.74,310.52,987.86,NaN,62.26,114.61,28.35,57.79,97.04,76.33,52.66,27.93,177.1,175.37,39.54,54.73,50.52,68.15,20.81,34.24,55.78,149.6,132.95,12.81,33.9,9.14,613.57,446.02,365.34,138.81,111.08,223.61,NaN,67.68,170.79,3.37,522.38,215.04,7.68,36.76,23.24,57.1189,27.77,81.51,100.21,12.5,NaN,15.57,15.06,69.07,604.68,30.31,2.09,85.69,65.74,23.385,30.37,256.67,639.73,555.91,372.96,300.52,420.4,62.71,93.83,239.27
2024-12-10,17.49,247.77,127.74,27.04,225.04,174.71,321.06,19.47,171.81,164.1,33.39,109.93,42.75,NaN,388.39,100.56,52.39,302.42,993.4,NaN,62.77,114.73,27.66,57.29,97.13,76.56,53.34,26.93,186.53,185.17,37.36,54.9,50.52,68.11,20.16,32.97,54.76,149.23,133.07,11.69,33.44,9.58,619.32,443.33,377.32,135.07,109.19,217.94,NaN,66.34,172.28,3.0,520.6,214.28,7.7,37.04,22.85,56.97,27.6,82.32,99.43,12.41,NaN,15.29,14.225,68.72,602.8,30.64,2.11,84.76,64.96,23.08,30.36,254.67,630.55,554.33,372.07,299.39,419.94,62.03,94.55,235.95
2024-12-11,17.58,246.49,130.15,28.81,230.26,178.61,338.21,19.485,183.2,165.96,33.73,109.95,44.94,NaN,388.87,99.18,54.81,313.81,994.69,NaN,63.48,114.61,29.12,57.26,98.04,80.51,53.85,28.97,196.71,195.4,37.84,57.72,50.53,68.5,20.12,29.83,54.52,146.64,130.61,11.66,33.58,9.46,632.68,448.99,411.4,139.31,111.69,219.84,NaN,67.97,170.63,3.0,529.92,218.13,7.29,36.8,23.35,57.3065,27.59,82.41,101.63,12.0,NaN,15.94,13.55,69.1,607.46,28.99,2.17,89.29,61.18,23.12,30.85,256.34,640.2,558.53,378.18,301.8,426.91,62.41,94.96,239.37
2024-12-12,17.24,247.96,130.6,26.37,228.97,176.41,326.21,19.25,180.66,167.75,33.36,109.94,44.34,NaN,380.78,98.77,53.07,312.96,988.39,NaN,61.63,114.9,29.47,57.05,98.6,79.41,53.1,28.75,193.63,191.96,39.33,56.92,50.525,67.73,20.78,29.99,54.86,146.24,130.89,11.68,33.23,9.49,630.79,449.56,392.19,137.34,108.61,217.73,NaN,67.11,170.85,2.92,526.5,216.73,7.19,36.59,22.58,56.6604,27.29,82.85,101.04,11.38,NaN,15.9,13.67,68.63,604.33,29.57,2.09,87.52,61.41,22.74,30.1,254.39,637.42,555.65,375.67,300.08,424.33,61.85,94.09,238.03
2024-12-13,16.92,248.13,126.91,25.83,227.46,176.43,324.47,19.6,224.8,169.65,33.02,110.0,45.11,NaN,380.51,97.11,52.64,310.58,989.35,NaN,61.52,113.34,29.72,56.78,97.95,80.77,52.46,27.99,191.38,189.82,40.2,57.91,50.545,68.2256,20.34,33.83,55.54,146.62,131.34,11.685,33.02,9.47,620.35,447.27,408.67,134.25,106.95,216.84,NaN,65.96,171.06,3.11,530.53,218.41,8.23,36.38,24.42,57.3812,27.14,79.54,99.67,11.31,NaN,16.25,16.91,69.32,604.21,28.93,2.08,89.4,59.93,22.96,29.39,253.26,640.43,555.61,376.44,299.93,423.72,61.7,94.25,239.05
2024-12-16,16.52,251.04,126.69,25.78,232.93,178.15,343.96,20.12,250.0,173.17,33.25,110.04,46.94,NaN,378.92,95.72,52.76,315.31,992.87,NaN,61.05,112.11,30.69,56.61,98.16,84.02,52.56,29.44,198.16,196.66,43.2,60.22,50.585,68.22,20.83,41.81,55.79,143.85,131.36,12.93,32.69,9.7,624.24,451.59,408.5,132.0,108.05,218.18,NaN,66.435,171.14,2.87,538.17,221.51,10.45,36.92,25.9,58.445,27.29,77.94,101.66,11.34,NaN,16.88,19.69,69.79,606.79,27.7,2.02,93.29,60.25,23.38,28.91,254.1,647.97,557.79,380.5,301.15,428.11,61.49,94.87,241.44
2024-12-17,16.72,253.48,125.02,25.925,231.15,176.32,337.89,19.93,240.23,173.03,33.12,110.04,47.3,NaN,375.8,94.88,51.78,311.64,982.08,NaN,60.81,113.02,29.83,56.14,97.62,84.71,52.37,31.26,197.12,195.42,41.63,60.73,50.58,67.65,20.44,43.84,55.24,146.41,131.14,13.89,32.81,8.25,619.44,454.46,386.42,130.39,108.01,219.02,NaN,67.74,170.33,2.62,535.8,220.58,9.67,36.21,26.37,57.95,26.97,76.76,100.89,11.18,NaN,16.66,19.39,69.47,604.29,28.07,2.02,92.04,61.03,23.35,28.71,251.19,643.98,555.45,379.07,299.66,426.93,61.27,95.42,239.98
2024-12-18,16.47,248.05,121.41,24.95,220.52,167.44,313.07,19.07,223.62,172.62,32.06,110.03,44.6,NaN,363.89,92.9,48.97,279.86,964.74,NaN,58.88,111.35,27.95,54.41,93.36,79.81,51.37,28.55,190.15,188.4,37.08,57.18,50.33,64.93,19.3,37.5,53.64,144.75,130.37,13.15,32.47,7.765,597.19,437.39,349.64,128.91,105.96,210.29,NaN,64.93,169.08,2.19,516.47,212.64,8.15,35.58,22.92,55.03,25.83,73.97,94.92,11.22,NaN,15.24,20.845,67.52,586.28,31.1,1.92,82.09,61.23,22.23,27.8,240.94,621.26,539.14,366.82,290.39,412.57,59.81,93.55,232.24
2024-12-19,16.64,249.79,118.88,24.14,223.29,169.63,318.74,19.06,218.32,177.04,31.8,110.06,42.67,NaN,360.37,90.73,49.03,273.92,954.8,NaN,60.38,111.37,25.57,54.15,94.85,76.32,51.44,29.0,189.7,188.51,36.94,54.72,50.36,65.03,19.06,37.76,53.84,143.58,131.45,12.78,32.78,7.5,595.57,437.03,326.46,130.68,103.44,207.27,NaN,64.8,169.19,11.16,514.17,211.62,9.085,35.23,23.22,55.1681,25.73,73.62,95.18,11.3,NaN,15.03,18.855,67.25,586.1,31.55,1.91,80.93,60.21,22.24,28.05,239.99,621.79,538.94,366.93,289.98,413.31,59.81,93.4,232.49
2024-12-20,16.88,254.49,119.21,25.15,224.92,171.03,340.99,19.53,220.79,177.35,32.29,110.09,42.71,NaN,366.04,90.66,50.22,278.71,954.07,NaN,60.93,112.03,26.09,54.55,97.19,76.47,51.98,29.82,192.96,191.41,38.33,54.81,50.36,64.68,19.52,44.42,54.45,144.47,131.32,13.57,33.28,7.45,585.25,436.6,364.2,134.7,85.0,210.24,NaN,65.5,168.06,5.3,518.66,213.54,10.75,34.93,24.87,56.1211,26.0,74.31,95.32,11.4,NaN,15.35,21.755,67.9,591.15,30.75,1.98,83.03,60.73,22.82,27.97,242.75,631.61,545.04,371.24,293.28,417.78,58.88,92.24,235.96
2024-12-23,17.25,255.27,124.6,25.31,225.06,171.63,344.82,19.6,232.35,177.69,32.38,110.11,41.21,NaN,365.39,90.75,50.15,268.15,949.91,NaN,61.52,111.4,25.75,54.59,96.42,73.71,51.73,30.9,195.99,194.63,37.5,52.87,50.365,64.41,20.2,41.32,54.49,145.27,131.44,14.58,33.86,7.6,599.85,435.25,332.23,139.67,88.71,214.09,NaN,66.63,168.11,4.46,522.87,215.28,11.03,34.63,25.59,56.4151,25.97,74.71,95.97,11.26,NaN,15.63,20.43,67.93,594.69,29.08,2.0,85.06,61.87,23.0,28.26,241.9,637.45,547.19,375.0,294.0,420.55,59.22,90.35,238.07
2024-12-24,17.35,258.2,126.29,25.02,229.05,174.85,341.83,20.07,239.68,179.34,32.64,110.12,43.85,NaN,367.57,91.0,51.18,279.62,958.82,NaN,62.56,112.56,26.57,54.98,97.81,78.45,51.84,31.14,197.57,196.11,39.58,56.23,50.38,64.9,20.4,44.58,55.11,145.85,132.18,16.65,34.35,7.56,607.75,439.33,358.18,140.22,87.37,215.4,NaN,67.9,168.94,4.44,529.96,218.21,11.89,35.12,26.6,57.2148,26.21,74.84,97.9,11.18,NaN,16.02,20.24,68.48,601.3,27.93,1.97,88.44,61.71,23.48,28.08,243.92,644.45,552.82,379.67,297.12,426.22,59.41,92.68,240.53
2024-12-26,17.35,259.02,125.06,26.48,227.05,174.37,346.73,20.45,245.36,180.38,32.92,110.15,42.33,NaN,367.12,91.14,51.98,274.41,956.14,NaN,62.4,112.55,25.19,55.21,97.29,75.76,52.19,32.99,197.1,195.6,40.38,54.3,50.38,64.71,20.44,48.24,55.21,145.58,133.13,19.075,34.19,7.9,603.35,438.11,341.05,139.93,87.65,215.04,NaN,67.02,170.16,4.9,529.6,218.04,13.41,34.99,28.44,58.2828,26.42,75.05,98.54,11.2,NaN,16.6,24.23,68.52,601.34,28.01,1.98,88.25,61.56,24.23,28.09,244.98,645.57,552.81,379.16,297.29,425.56,59.53,92.79,240.69
2024-12-27,17.35,255.59,125.19,25.06,223.75,170.28,335.17,20.16,241.75,180.72,32.52,110.19,41.82,NaN,364.86,90.56,50.87,265.71,939.7,NaN,61.26,111.55,25.24,54.73,96.08,74.88,51.81,32.2,194.04,192.76,39.02,53.68,50.4,64.7448,20.3,45.48,54.49,145.05,131.8,18.39,34.04,7.74,599.81,430.53,330.0,137.01,87.37,213.76,NaN,66.01,169.53,3.5,522.56,215.15,12.26,34.65,27.22,57.489,26.04,74.74,97.25,10.99,NaN,15.98,23.95,67.95,595.01,29.15,1.99,84.66,61.13,23.87,28.1,242.15,635.5,547.08,373.74,294.07,419.46,59.4,91.66,237.49
2024-12-30,17.62,252.2,122.44,25.2,221.3,166.51,335.38,19.69,235.58,176.55,32.22,110.21,41.75,NaN,363.01,89.78,50.52,255.56,922.21,NaN,60.72,110.8,25.72,54.19,95.13,74.65,51.65,32.01,192.69,191.24,38.28,53.55,50.43,64.28,19.82,44.29,53.65,143.34,130.62,18.94,33.56,7.92,591.24,424.83,302.96,137.49,85.73,207.47,NaN,63.46,167.09,3.2,515.61,212.26,14.09,34.66,26.32,57.0464,25.84,73.93,95.73,10.86,NaN,15.63,22.68,67.18,588.22,30.34,1.93,81.26,60.77,23.43,26.83,240.09,627.57,540.99,369.25,290.82,414.19,59.0,90.57,234.47
2024-12-31,17.43,250.42,120.79,24.63,219.39,165.16,323.83,19.52,231.84,177.0,31.95,110.28,41.87,NaN,362.76,90.76,50.49,248.3,916.27,NaN,60.5,111.35,25.29,54.31,94.48,74.02,51.99,31.34,190.44,189.3,37.26,53.05,50.43,64.43,20.05,41.77,53.82,144.62,131.04,18.16,33.62,7.96,585.51,421.5,289.62,134.29,86.02,207.85,NaN,63.05,167.65,3.355,511.23,210.45,12.85,35.37,25.47,56.8132,25.86,74.01,97.36,10.77,NaN,15.4,19.84,67.03,586.08,31.14,1.94,79.13,60.32,23.22,26.78,240.28,621.8,538.81,366.06,289.81,410.44,58.93,90.35,232.52
2025-01-02,17.0,243.85,120.63,25.55,220.22,165.86,341.78,19.43,231.98,171.87,32.33,110.33,43.16,NaN,359.77,89.26,50.73,257.21,909.81,NaN,59.07,110.82,26.2,54.12,94.75,77.21,52.69,30.66,190.63,189.43,39.44,55.37,50.44,66.07,20.22,43.1,53.16,144.02,130.63,19.32,33.37,7.67,599.24,418.58,300.01,138.31,87.52,206.21,NaN,61.71,165.98,3.24,510.23,210.05,11.93,34.86,24.96,57.07,25.85,73.84,97.06,11.24,NaN,14.13,20.16,66.86,584.64,31.34,2.0,78.63,63.17,23.31,28.11,240.02,621.34,537.46,366.19,289.26,409.64,58.83,90.0,231.97
2025-01-03,16.97,243.36,125.37,28.68,224.19,169.06,350.65,20.56,232.55,169.9,32.95,110.35,43.6,NaN,363.79,89.99,51.83,270.65,916.58,NaN,59.0,111.16,27.33,54.56,97.47,78.02,52.28,31.65,193.13,191.79,41.35,55.96,50.47,66.53,20.56,47.77,52.85,144.19,129.76,21.89,33.61,7.77,604.63,423.35,339.66,144.47,87.65,208.86,NaN,63.91,165.13,3.32,518.58,213.46,13.2,35.12,28.74,58.519,26.26,74.45,98.56,11.97,NaN,14.84,20.62,67.37,591.95,29.84,2.0,82.4,64.59,24.19,28.84,243.49,632.9,544.4,372.91,293.06,416.5,59.14,90.78,235.75
2025-01-06,17.52,245.0,129.55,29.14,227.61,169.1,354.93,20.84,236.41,170.78,33.18,110.39,45.34,NaN,364.2,88.54,52.7,287.76,922.71,NaN,60.04,111.05,27.94,54.54,97.94,81.04,52.19,32.82,197.96,196.87,42.71,58.17,50.49,65.29,19.87,51.07,53.5,143.66,126.12,21.76,33.83,7.3,630.2,427.85,379.09,149.43,85.03,213.41,NaN,64.51,160.6,3.47,524.54,215.93,14.19,34.87,28.8,58.1807,26.27,74.48,102.66,12.57,NaN,15.29,19.89,67.56,595.36,28.81,2.05,85.21,66.31,24.35,29.28,243.88,641.58,547.57,376.24,294.7,421.21,59.6,91.43,238.75
2025-01-07,17.69,242.21,127.33,28.55,222.11,162.45,330.005,20.51,228.64,172.51,32.56,110.4,42.74,NaN,363.0,87.46,51.55,264.33,921.37,NaN,61.18,111.39,25.65,54.5,95.93,76.45,52.5,33.37,196.71,195.49,40.56,54.79,50.5,64.6,20.01,49.59,53.61,146.23,127.3,19.87,32.88,7.11,617.89,422.37,341.425,140.14,83.34,212.58,NaN,62.73,161.3,3.45,515.18,212.09,13.06,34.58,27.95,57.5837,26.07,72.26,102.45,12.55,NaN,14.91,17.975,67.16,588.63,30.37,2.05,80.62,66.15,23.73,28.21,241.87,627.47,541.41,369.36,291.41,413.07,59.33,90.81,233.96
2025-01-08,17.6,242.7,121.84,27.165,222.13,161.98,329.2,20.13,229.31,171.76,32.39,110.41,41.61,NaN,361.07,87.5,52.31,260.01,927.37,NaN,61.42,109.76,24.84,54.74,96.04,74.48,52.78,32.96,195.39,193.95,40.81,53.34,50.5,64.27,19.88,30.25,54.68,142.27,126.77,18.79,32.88,6.81,610.72,424.56,331.7,140.11,85.64,209.72,NaN,58.31,162.1,3.17,515.27,212.17,11.83,34.88,27.36,57.38,25.97,73.0,102.22,12.04,NaN,14.55,15.02,67.24,589.49,30.35,2.13,80.68,64.91,23.25,27.84,242.0,626.8,542.14,369.94,291.68,413.69,59.2,91.8,233.88
2025-01-10,18.38,236.85,116.04,27.08,218.94,155.39,318.48,19.61,224.31,172.0,31.79,110.46,41.99,NaN,351.0,84.33,50.32,258.78,936.94,NaN,66.95,108.65,24.69,54.12,94.56,75.08,53.7,32.31,193.17,192.04,40.08,53.84,50.49,63.17,19.15,32.33,54.09,142.06,124.46,17.87,33.12,6.72,615.86,418.95,327.91,135.91,86.26,206.75,NaN,53.94,158.56,3.15,507.19,208.85,10.03,34.77,26.91,56.5193,25.46,72.77,108.07,12.47,NaN,14.15,14.09,66.14,580.49,31.83,2.1,76.83,65.97,22.85,27.17,238.12,613.44,533.89,364.57,287.3,407.33,58.23,93.0,228.78
2025-01-13,17.6,234.4,117.32,26.08,218.46,154.8,315.68,19.2,225.29,170.57,31.46,110.48,41.49,NaN,362.5,85.73,50.54,251.2,924.7,NaN,65.1,108.08,23.4,54.54,93.83,74.16,52.73,31.02,192.29,191.01,39.59,53.22,50.5,61.77,19.2,27.86,53.89,144.47,125.43,16.91,32.66,6.72,608.33,417.19,328.4,133.23,84.62,206.83,NaN,55.87,158.84,2.84,505.56,208.14,9.33,35.71,23.91,56.36,25.55,72.66,104.33,12.15,NaN,14.07,12.82,66.34,581.39,32.15,2.04,76.03,65.7,22.09,27.1,239.77,608.42,534.58,363.24,287.77,405.52,58.01,91.53,227.16
2025-01-14,18.21,233.28,116.09,26.39,217.76,159.33,321.09,19.48,224.7,167.02,31.49,110.5,42.77,NaN,371.57,86.67,51.82,255.37,917.23,NaN,66.29,108.12,24.42,55.07,92.49,76.47,53.03,27.88,191.05,189.66,41.76,54.83,50.51,62.05,19.2,29.51,55.42,144.75,126.18,16.81,33.13,7.08,594.25,415.67,342.17,131.76,81.18,210.63,NaN,55.18,159.74,2.74,505.08,207.95,9.37,35.65,24.16,56.7226,25.82,72.34,105.76,11.34,NaN,14.5,12.79,66.53,582.19,32.26,2.01,75.76,64.84,22.07,27.2,242.41,609.87,535.26,362.54,288.42,403.83,58.33,90.79,227.76
2025-01-15,18.07,237.87,119.96,28.05,223.35,164.85,335.03,19.92,228.0,166.2,32.39,110.5,44.15,NaN,374.89,86.64,53.9,274.93,923.5,NaN,65.5,108.18,26.05,55.5,93.06,78.97,53.43,27.96,196.98,195.55,45.56,56.64,50.525,62.67,19.72,39.39,55.66,144.97,125.56,19.18,32.8,7.75,617.12,426.31,360.62,136.24,82.92,213.56,NaN,55.23,159.65,2.87,516.7,212.66,10.91,35.61,24.87,57.688,26.31,73.66,107.22,11.84,NaN,15.51,13.89,67.38,592.78,30.08,2.05,80.88,67.02,22.62,27.65,245.83,623.39,545.05,371.02,293.71,413.76,59.02,91.34,232.29
2025-01-16,18.29,228.26,118.44,27.81,220.66,165.92,332.01,20.05,229.41,168.93,32.59,110.52,44.51,NaN,380.55,90.65,54.27,281.63,919.75,NaN,66.18,106.46,25.29,56.0,94.05,79.56,53.79,27.72,194.41,192.91,46.08,57.09,50.53,62.19,19.67,41.55,56.26,147.77,126.65,19.06,32.16,7.66,611.3,424.58,367.0,133.57,83.07,210.76,NaN,53.51,160.5,3.25,513.08,211.22,10.105,35.94,24.64,58.0219,26.43,75.51,108.86,11.22,NaN,16.3,13.97,67.64,591.64,30.69,2.02,79.23,68.58,22.73,27.36,247.47,618.16,544.24,369.61,293.49,410.5,59.21,91.3,230.5
2025-01-17,18.27,229.98,121.46,27.81,225.94,166.99,342.34,20.15,237.44,171.09,33.03,110.58,46.43,NaN,386.02,91.06,55.24,295.48,943.19,NaN,65.82,107.02,26.69,56.06,94.23,83.05,53.53,27.51,197.55,196.0,48.15,59.62,50.55,62.68,21.49,38.89,56.93,147.03,127.22,18.51,32.1,7.8,612.77,429.03,396.5,137.71,78.69,215.36,NaN,54.63,161.13,3.02,521.74,214.78,8.555,35.67,24.0,58.2053,26.55,76.41,109.32,10.86,NaN,16.5,13.64,68.11,597.58,29.19,2.02,83.14,67.34,22.93,28.03,248.52,627.47,549.46,374.47,296.2,415.91,59.5,91.94,234.11
2025-01-21,18.64,222.64,122.28,28.74,230.71,169.24,338.39,21.29,240.31,175.56,33.98,110.58,47.08,NaN,398.36,90.7,56.41,294.19,947.73,NaN,68.34,108.7,25.1,56.76,97.2,84.12,54.34,27.47,199.63,198.05,50.0,60.42,50.58,61.59,21.77,45.31,58.48,148.15,126.52,22.94,33.27,8.11,616.46,428.5,389.1,140.83,81.03,214.88,NaN,55.61,161.72,2.99,524.8,216.1,8.46,35.76,31.27,61.645,27.04,80.93,110.03,10.56,NaN,17.9,16.52,68.75,603.05,28.7,2.01,84.52,67.74,25.0,29.18,252.64,632.6,554.46,378.25,299.14,418.41,60.52,93.08,236.06
2025-01-22,18.66,223.83,123.75,28.87,235.01,168.9,361.72,21.22,240.91,174.8,34.38,110.6,46.26,NaN,397.61,88.43,56.62,295.85,944.7,NaN,67.78,108.81,24.65,56.46,98.24,82.7,54.62,27.65,200.03,198.37,50.16,59.38,50.58,61.28,21.86,42.04,58.19,145.27,126.12,22.45,31.86,7.79,623.5,446.2,377.31,147.07,80.57,216.09,NaN,56.03,164.74,3.07,531.51,218.83,8.75,35.71,29.62,61.23,26.89,80.6,111.65,10.46,NaN,17.59,16.38,69.22,606.44,27.61,1.96,87.8,67.82,24.77,30.35,251.26,645.27,557.61,382.92,300.6,424.5,60.39,93.23,241.39
2025-01-23,17.03,223.66,123.04,29.72,235.42,169.75,362.52,21.39,240.28,178.5,34.53,110.62,45.81,NaN,406.4,88.64,56.96,296.01,942.16,NaN,67.45,111.04,24.59,56.45,97.45,81.9,54.55,28.33,199.58,197.98,50.36,58.79,50.59,61.76,21.57,41.35,58.6,146.64,127.03,22.17,31.93,7.84,636.45,446.71,373.12,147.22,81.1,219.88,NaN,56.26,166.15,3.19,532.64,219.31,8.31,36.05,31.57,61.55,26.97,82.08,111.48,10.58,NaN,18.03,16.4,69.67,609.75,27.44,1.98,88.34,68.3,24.95,30.98,252.15,646.34,560.7,384.72,302.18,426.08,60.78,93.81,241.82
2025-01-24,16.96,222.78,122.84,29.04,234.85,172.06,363.1,21.48,244.7,176.06,34.49,110.67,46.51,NaN,407.63,88.49,56.83,298.0,939.68,NaN,67.18,112.16,25.25,56.38,96.9,83.17,54.91,27.77,201.9,200.21,51.12,59.7,50.61,61.35,20.83,40.76,60.09,146.82,128.41,23.07,32.17,7.9,647.49,444.06,353.67,142.62,87.97,213.43,NaN,54.5,164.12,3.57,529.63,218.05,8.63,36.11,30.36,61.09,26.92,81.83,110.62,10.89,NaN,17.92,15.84,69.41,607.97,27.93,1.99,86.75,68.56,25.39,30.53,251.81,640.13,559.01,383.36,301.3,424.02,61.08,94.76,239.3
2025-01-27,17.2,229.86,115.01,26.03,235.42,167.26,343.02,20.81,202.13,175.16,33.01,110.67,44.92,NaN,394.98,92.43,55.76,277.99,965.25,NaN,67.77,113.34,23.79,56.64,96.77,80.25,54.32,26.97,193.77,191.81,47.74,57.67,50.63,60.83,20.29,38.54,59.29,152.89,131.41,21.14,32.58,7.54,659.88,434.56,347.92,118.42,87.51,215.08,NaN,53.94,169.66,3.22,514.21,211.71,8.05,36.59,29.43,59.1331,26.65,82.53,111.54,10.85,NaN,16.08,14.07,69.4,599.37,30.4,1.89,79.14,68.77,24.52,27.1,249.32,606.78,551.23,369.38,297.1,412.93,60.72,97.4,227.57
2025-01-28,17.15,238.26,114.17,26.19,238.15,169.31,360.75,20.93,207.36,177.78,33.78,110.7,44.87,NaN,390.29,89.75,56.95,281.82,958.67,NaN,67.65,112.14,23.43,56.37,99.83,80.17,54.77,27.46,197.07,195.3,49.4,57.58,50.63,60.76,19.8,38.86,59.12,150.38,129.44,21.52,31.85,7.46,674.33,447.2,335.93,128.99,85.19,213.43,NaN,53.87,166.19,3.4,521.81,214.81,9.255,36.16,28.98,58.86,26.73,81.7,111.97,11.19,NaN,16.17,14.23,69.53,604.52,29.04,1.87,82.65,68.07,24.69,27.58,250.06,625.71,555.85,376.88,299.65,422.14,60.79,97.29,233.64
2025-01-29,17.33,239.36,117.35,26.1,237.07,171.1,366.34,20.67,206.35,173.66,33.33,110.7,46.23,NaN,393.23,87.89,56.35,291.0,964.02,NaN,68.43,113.19,23.79,56.0,99.33,82.58,54.58,27.51,197.18,195.41,51.15,59.34,50.63,61.18,19.75,39.54,57.98,151.15,129.67,20.87,31.65,7.62,676.49,442.33,341.25,123.7,84.03,213.01,NaN,53.77,166.23,3.34,520.83,214.44,9.35,35.94,28.87,58.2751,26.64,82.06,111.78,11.63,NaN,15.99,13.99,69.54,601.81,29.23,1.87,82.14,66.75,23.92,28.36,249.0,619.84,553.41,374.34,298.37,419.38,60.8,97.5,231.74
2025-01-30,16.9,237.59,118.86,27.31,234.64,171.76,365.51,20.71,215.66,179.53,33.45,110.72,46.54,NaN,374.98,89.03,56.31,301.3,979.01,NaN,68.57,113.43,24.5,56.51,100.93,83.18,55.39,27.99,202.63,200.87,53.0,59.72,50.63,61.41,20.01,38.81,57.05,152.87,130.85,22.42,31.26,7.88,687.0,414.99,340.09,124.65,85.34,211.39,NaN,53.27,167.41,3.31,523.05,215.34,8.71,36.16,28.53,59.26,26.96,83.6,113.72,11.35,NaN,16.44,14.0,70.41,605.04,28.85,1.93,83.17,66.59,24.3,28.92,252.06,619.9,556.3,377.4,300.24,419.95,61.53,98.65,232.17
2025-01-31,16.92,236.0,115.95,26.27,237.68,170.98,369.59,20.86,221.27,176.52,33.18,110.77,45.01,NaN,371.44,89.28,56.16,291.33,979.88,NaN,67.27,113.06,25.12,55.81,100.88,80.41,55.48,26.9,205.6,204.02,51.95,57.71,50.65,61.89,19.43,39.49,55.63,152.15,129.97,21.68,30.71,7.7,689.18,415.06,334.79,120.07,84.45,208.55,NaN,52.34,165.99,3.12,522.29,214.99,8.79,35.6,29.05,59.0028,26.71,82.72,111.81,11.29,NaN,15.78,14.15,69.76,601.82,29.03,1.86,82.72,66.85,24.58,28.31,249.64,616.61,553.33,375.6,298.6,418.35,60.92,98.16,230.81
2025-02-03,16.7,228.01,114.27,26.32,237.42,167.12,365.44,20.5,217.73,175.87,32.62,110.77,44.86,NaN,361.55,89.33,54.18,284.41,1005.83,NaN,66.48,114.0,20.53,55.49,100.9,80.17,55.81,25.89,202.64,201.23,51.9,57.58,50.47,63.41,19.38,41.47,55.83,151.87,130.45,21.7,30.48,7.57,697.46,410.92,347.09,116.66,82.65,204.73,NaN,50.26,168.76,3.02,518.11,213.31,8.82,35.14,28.38,58.6705,26.4,82.75,109.0,11.17,NaN,15.4,14.24,69.68,597.77,29.72,1.83,80.72,67.29,24.34,27.99,246.61,607.85,549.7,372.61,296.42,414.22,60.31,99.54,227.7
2025-02-04,16.84,232.8,119.5,25.32,242.06,162.59,380.26,21.13,222.43,176.23,33.14,110.79,43.77,NaN,361.95,88.55,52.18,280.39,1021.86,NaN,69.06,113.3,20.715,55.66,102.78,78.19,56.36,25.9,207.71,206.38,52.58,56.13,50.5,63.1,19.29,41.86,53.89,153.49,129.3,21.58,30.79,7.74,704.19,412.37,348.31,118.65,82.62,202.4,NaN,50.58,168.13,3.2,524.47,215.95,10.06,35.61,28.68,58.6729,26.69,81.8,111.47,11.6,NaN,15.29,15.71,69.66,601.78,28.65,1.94,83.65,69.75,24.86,28.91,248.55,616.0,553.35,376.72,298.57,419.59,61.08,100.77,230.98
2025-02-05,16.96,232.47,112.01,25.52,236.17,165.75,368.27,21.03,232.0,181.84,33.61,110.79,43.14,NaN,358.85,89.85,52.58,275.14,1042.88,NaN,69.06,110.54,20.94,56.06,105.07,77.08,56.73,24.93,193.3,191.33,54.2,55.33,50.51,62.48,19.65,42.32,53.88,154.69,129.25,19.62,30.89,7.78,704.87,413.29,336.7,124.83,85.73,213.24,NaN,51.72,169.01,3.21,526.85,216.9,9.8,35.65,28.6,58.5085,26.94,81.87,111.78,10.63,NaN,15.49,15.81,70.28,604.22,28.29,1.98,84.74,64.48,24.82,28.98,250.64,624.69,555.62,378.25,299.95,420.33,61.48,102.46,234.19
2025-02-06,17.06,233.22,110.16,34.24,238.83,164.88,380.63,20.85,231.36,184.8,33.55,110.82,42.96,NaN,365.45,90.24,52.58,270.37,1050.99,NaN,67.92,112.09,20.61,55.97,104.72,76.78,56.57,24.8,193.31,191.6,53.17,55.12,50.51,61.49,19.38,41.27,55.74,153.51,128.69,19.39,31.09,7.5,711.99,415.82,325.46,128.68,87.17,216.82,NaN,52.44,168.88,3.06,529.6,218.04,10.61,35.59,27.68,57.9476,26.91,83.64,114.12,10.69,NaN,14.8,15.78,70.3,606.32,27.84,2.0,86.01,69.99,25.13,28.36,250.24,627.03,557.62,381.29,300.69,423.21,61.75,102.85,234.83
2025-02-07,17.17,227.63,107.56,32.85,229.15,163.45,375.72,20.67,224.87,181.49,33.56,110.85,42.42,NaN,363.88,89.51,52.49,274.49,1043.81,NaN,68.14,110.86,19.59,55.57,107.66,75.85,56.69,24.73,187.14,185.34,55.86,54.47,50.5,61.18,19.1,40.57,56.07,153.12,130.3,18.4,31.0,7.16,714.52,409.75,327.56,129.84,86.42,212.93,NaN,51.25,167.97,3.08,522.92,215.35,10.76,35.42,27.41,58.2754,26.64,83.18,113.83,10.92,NaN,14.91,15.6,69.93,600.77,28.93,2.09,82.73,74.6,25.04,29.1,247.71,621.05,552.2,377.75,298.0,418.82,61.35,101.15,232.82
2025-02-10,16.62,227.65,110.48,32.59,233.14,162.17,384.4,21.22,235.04,180.55,34.27,110.84,43.18,NaN,363.22,89.67,51.48,280.22,1061.92,NaN,66.19,109.28,20.35,55.6,109.55,77.09,57.61,27.12,188.2,186.47,56.27,55.38,50.53,61.06,19.77,41.07,54.81,154.24,131.43,19.93,30.13,7.54,717.4,412.22,334.62,133.57,83.91,210.05,NaN,47.04,167.53,3.09,529.25,217.86,10.75,35.56,30.6,59.2523,26.69,81.17,110.29,10.71,NaN,15.13,15.33,70.38,604.85,27.91,2.17,85.64,78.63,26.06,29.1,248.2,628.86,556.15,381.2,299.91,422.73,61.84,102.92,236.22
2025-02-11,16.41,232.62,111.1,31.72,232.76,158.08,375.25,20.67,235.04,180.44,34.02,110.89,42.23,NaN,362.23,91.22,49.58,266.9,1058.34,NaN,64.75,109.02,19.64,55.49,108.33,75.4,57.41,26.56,187.07,185.32,53.34,54.11,50.525,60.4,20.97,37.7,55.64,156.13,133.19,18.14,29.77,7.53,719.8,411.44,319.46,132.8,83.74,210.97,NaN,47.93,169.43,2.96,527.99,217.4,9.615,35.94,28.22,58.15,26.54,83.2,108.84,10.87,NaN,14.83,13.805,70.56,605.31,28.1,2.11,85.03,76.95,25.22,28.6,246.78,628.04,556.65,379.87,299.75,421.93,61.95,102.47,236.33
2025-02-12,16.26,236.87,111.72,30.35,228.93,157.44,380.32,20.54,236.35,186.25,34.14,110.89,42.99,NaN,352.04,89.73,49.95,274.9,1065.12,NaN,66.33,109.23,20.29,55.07,107.7,76.8,57.48,25.99,185.43,183.61,55.91,55.16,50.53,59.92,22.48,38.0,54.63,155.26,133.88,18.75,29.88,7.26,725.38,409.04,326.82,131.14,81.79,219.79,NaN,50.06,169.58,2.86,528.3,217.54,9.3,35.85,27.62,57.5486,26.32,82.28,110.65,10.73,NaN,14.77,13.97,70.41,603.36,28.06,2.16,85.2,79.35,24.96,28.94,245.11,627.22,554.81,378.96,298.76,421.44,62.12,103.61,235.82
2025-02-13,15.74,241.53,111.81,31.69,230.37,157.92,471.67,20.78,235.8,185.44,33.96,110.91,42.66,NaN,353.7,89.87,51.03,298.11,1076.86,NaN,64.06,109.59,20.09,55.64,109.98,76.22,58.03,26.34,187.88,186.14,63.8,54.74,50.54,60.34,24.13,38.65,55.44,157.25,135.36,19.16,29.93,7.42,728.56,410.54,324.92,135.29,78.83,219.59,NaN,50.92,171.02,2.9,535.9,220.61,9.43,36.05,28.3,57.7107,26.62,81.57,114.44,11.25,NaN,15.19,15.25,71.12,609.73,26.87,2.22,88.79,80.29,25.59,28.96,248.09,636.95,560.67,383.9,301.88,426.77,62.79,105.05,239.16
2025-02-14,15.97,244.6,113.1,31.16,228.68,162.81,510.13,20.83,233.04,184.42,33.82,110.97,43.11,NaN,353.32,87.96,51.77,274.31,1071.85,NaN,65.39,110.38,20.68,55.47,111.64,77.01,57.17,27.0,186.87,185.23,65.28,55.33,50.55,59.37,23.6,37.46,56.12,156.15,132.67,19.62,30.28,7.27,736.67,408.43,337.73,138.85,77.87,224.14,NaN,51.83,162.89,2.82,538.15,221.56,8.92,35.52,28.02,57.2976,26.6,80.34,110.31,10.85,NaN,16.21,10.965,70.82,609.7,26.59,2.18,89.83,79.42,25.53,28.03,247.95,639.87,560.69,384.61,301.84,427.52,62.91,104.04,239.97
2025-02-18,16.08,244.47,114.28,32.41,226.65,162.06,496.0,21.12,228.53,184.97,34.49,110.97,41.72,NaN,354.0,89.31,53.45,264.63,1056.03,NaN,64.34,109.56,19.9,55.76,114.26,74.48,58.12,26.97,185.8,183.77,60.44,53.51,50.56,58.75,27.39,33.94,57.28,154.99,135.64,20.27,30.0,7.05,716.37,409.64,333.97,139.4,82.33,228.86,NaN,51.95,165.43,3.71,539.37,222.09,8.91,35.11,27.74,57.8099,26.79,81.48,110.08,11.04,NaN,16.83,11.44,70.97,611.49,26.41,2.13,90.39,81.49,25.77,28.2,249.77,644.1,562.31,384.69,302.69,427.5,63.28,103.78,242.16
2025-02-19,16.0,244.87,114.69,31.45,226.63,160.27,494.17,20.76,228.73,186.15,34.33,110.98,42.63,NaN,353.0,89.26,52.51,258.67,1062.54,NaN,65.04,111.35,20.61,55.95,114.57,76.08,58.16,26.0,187.13,185.27,59.23,54.65,50.57,58.86,25.72,34.14,57.15,157.89,137.93,19.58,30.2,7.0,703.77,414.77,318.67,139.23,83.4,245.58,NaN,55.52,166.49,3.47,539.52,222.1,8.74,35.46,25.93,57.7321,26.63,82.01,112.15,10.78,NaN,16.18,11.07,71.22,612.93,26.4,2.06,90.4,81.16,25.47,27.38,248.47,643.66,563.67,384.99,303.12,427.61,62.86,104.0,242.18
2025-02-20,15.86,245.83,114.17,28.83,222.88,156.79,450.01,20.48,226.74,180.88,34.32,111.01,43.66,NaN,349.15,91.23,52.01,256.59,1034.83,NaN,63.75,110.55,20.85,55.74,114.21,78.01,58.19,27.04,186.64,184.56,56.06,56.04,50.58,59.42,26.09,33.75,56.06,159.68,138.97,19.72,30.61,6.92,694.84,416.13,323.92,140.11,83.74,245.86,NaN,55.74,167.21,3.48,537.23,221.18,8.5,39.81,25.26,57.4248,26.33,81.83,110.86,10.68,NaN,15.56,10.91,70.95,610.38,26.76,2.24,89.3,81.26,25.14,27.25,246.07,641.51,561.3,382.15,301.49,425.43,63.24,97.21,241.41
2025-02-21,15.23,245.55,110.84,25.7,216.58,150.55,415.31,19.74,218.66,177.15,33.63,111.02,42.02,NaN,340.04,92.19,49.86,235.38,1035.03,NaN,60.0,108.66,19.87,54.78,110.02,75.06,58.14,26.42,181.58,179.66,51.6,53.92,50.62,58.33,24.87,31.74,55.56,162.3,140.26,18.075,29.81,6.29,683.55,408.21,299.69,134.43,88.08,236.52,NaN,54.05,170.23,3.16,526.08,216.61,7.76,39.62,23.55,55.8217,25.61,80.44,102.89,10.34,NaN,14.67,10.31,70.13,599.94,28.44,2.05,83.71,78.89,24.12,26.06,239.61,624.14,551.75,373.16,295.92,416.02,62.83,94.78,234.87
2025-02-24,15.31,247.1,108.11,23.96,212.71,147.87,410.45,19.27,207.93,179.91,33.02,111.03,41.64,NaN,338.92,92.56,49.43,227.07,1035.6,NaN,61.49,111.2,19.99,55.0,108.69,74.34,58.46,25.0,181.19,179.25,49.93,53.41,50.63,58.61,24.27,31.24,55.3,163.74,140.04,16.97,30.27,5.93,668.13,404.0,282.76,130.28,90.59,233.15,NaN,53.4,170.54,3.08,519.87,214.04,6.985,39.72,22.49,55.3946,25.44,80.12,102.7,10.42,NaN,14.36,9.43,69.99,597.21,29.47,2.12,80.7,76.42,23.86,25.66,238.81,615.04,549.14,369.27,294.41,411.89,62.52,93.67,231.51
2025-02-25,15.13,247.04,103.96,22.38,212.8,145.3,377.06,18.96,202.54,178.27,32.98,111.04,39.04,NaN,342.36,93.33,48.89,212.49,1055.66,NaN,61.79,110.53,18.83,55.28,108.06,69.62,57.69,24.42,177.37,175.42,45.92,50.03,50.65,58.53,22.99,29.73,55.3,166.09,141.3,15.4,30.25,6.19,657.5,397.9,250.51,126.63,90.95,228.56,NaN,51.22,172.65,2.99,513.32,211.37,6.615,40.78,20.28,54.9413,25.35,79.0,104.67,10.4,48.16,13.92,8.9,70.08,594.24,30.59,2.07,77.62,74.95,23.2,25.18,238.19,605.95,546.41,365.52,292.95,407.34,62.87,97.69,228.51
2025-02-26,15.18,240.36,104.74,23.74,214.35,147.65,331.0,19.29,212.94,173.04,33.23,111.06,37.32,NaN,342.58,91.63,49.61,212.96,1031.97,NaN,61.7,111.83,17.66,55.02,109.02,66.71,57.78,24.61,174.7,172.73,48.85,47.96,50.64,58.27,23.52,29.93,55.73,163.08,139.16,16.5,30.69,6.41,673.7,399.73,263.27,131.28,89.55,229.38,NaN,50.55,171.3,3.19,514.56,211.88,6.78,40.04,21.25,55.2961,25.36,78.7,105.93,10.16,46.58,14.47,9.57,70.11,594.54,30.39,2.25,78.12,75.87,23.54,25.71,238.61,610.47,546.75,368.0,293.05,408.87,63.06,96.2,231.0
2025-02-27,14.53,237.3,99.51,22.12,208.74,147.44,320.49,18.99,197.8,173.83,32.22,111.07,36.93,NaN,340.0,93.45,48.54,208.37,1021.71,NaN,59.75,111.31,17.05,54.6,107.09,65.95,56.91,24.48,170.21,168.5,48.78,47.35,50.66,57.3,23.09,24.91,56.25,163.73,140.19,14.395,30.64,5.96,658.24,392.53,240.05,120.15,89.22,216.87,NaN,47.38,171.97,3.1,500.27,206.05,6.3,39.59,19.83,54.91,25.0,78.43,103.44,9.99,45.16,14.07,9.21,69.28,585.05,32.92,2.09,71.64,74.21,23.38,24.72,235.23,588.97,537.97,358.4,288.51,398.6,62.22,96.79,222.59
2025-02-28,14.35,241.84,99.86,22.71,212.28,149.27,325.74,19.16,199.43,174.63,32.07,111.12,37.33,NaN,343.95,94.1,49.84,215.62,1048.61,NaN,60.12,113.8,16.79,55.12,108.01,66.61,56.54,25.04,172.22,170.28,50.1,47.9,50.68,56.13,23.73,24.57,56.35,165.02,142.01,14.58,31.06,6.115,668.2,396.99,255.43,124.92,90.65,215.59,NaN,47.05,173.84,3.15,508.17,209.26,6.2,39.46,20.49,55.5813,25.27,79.53,105.09,10.25,46.85,14.47,10.82,70.29,594.18,31.4,2.08,74.92,76.01,23.53,24.8,237.59,598.48,546.33,364.77,292.96,405.73,62.05,98.61,225.53
2025-03-03,13.87,238.03,98.23,20.01,205.02,144.58,337.34,18.68,187.37,170.06,31.28,111.14,38.1,NaN,332.04,95.86,48.27,205.75,1046.85,NaN,58.45,112.79,16.09,54.25,106.54,68.03,57.27,24.4,168.66,167.01,46.89,48.9,50.51,55.86,22.74,23.11,55.31,167.28,143.35,13.46,30.61,6.0,655.05,388.49,250.92,114.06,89.37,216.53,NaN,44.91,175.59,3.1,497.05,204.75,5.57,39.68,18.66,54.38,24.57,78.12,99.31,9.77,50.31,13.57,10.32,69.57,583.77,33.43,2.07,70.08,74.44,22.97,23.49,231.86,578.36,536.92,355.75,287.71,395.86,62.26,97.59,218.67
2025-03-04,13.35,235.93,100.75,19.39,203.8,137.92,327.23,18.67,187.48,158.9,31.23,111.16,38.5,NaN,326.75,94.21,45.06,212.55,1036.87,NaN,54.69,109.01,16.2,53.42,106.48,68.74,57.79,24.3,172.61,170.92,46.22,49.39,50.53,55.6,21.33,22.35,51.3,165.42,141.14,13.47,29.45,5.89,640.0,388.61,275.15,115.99,87.5,211.16,NaN,44.49,173.18,2.97,495.55,204.02,5.42,39.44,18.995,53.63,24.24,75.15,94.45,9.6,48.69,13.09,9.715,68.72,576.86,33.81,2.03,69.31,75.26,23.15,24.05,228.52,578.2,530.45,352.34,284.12,393.47,62.29,94.97,218.5
2025-03-05,14.09,235.74,101.67,19.99,208.36,140.53,318.0,19.25,191.58,163.16,31.89,111.18,40.08,NaN,338.49,94.63,46.16,222.45,1047.75,NaN,56.77,109.31,16.91,53.8,106.8,71.56,57.9,25.07,174.99,173.02,48.12,51.44,50.53,57.16,20.81,22.63,52.51,165.12,141.63,14.11,29.95,5.82,656.47,401.02,308.55,117.3,90.86,216.77,NaN,46.49,174.61,3.0,502.01,206.64,5.39,39.48,20.4,55.1507,24.52,76.74,96.31,9.79,48.47,13.43,10.15,69.4,583.06,32.51,2.2,72.01,76.48,24.15,24.67,231.43,586.92,536.4,357.25,287.35,399.24,63.85,95.98,221.57
2025-03-06,13.25,235.33,98.85,19.17,200.7,134.78,259.63,18.65,179.45,158.43,30.96,111.18,39.46,NaN,341.01,95.18,43.55,214.17,1026.62,NaN,54.96,105.43,16.65,53.53,101.72,70.44,57.62,24.2,174.21,172.35,44.84,50.64,50.53,57.255,20.75,20.48,51.71,165.83,142.41,11.26,29.53,5.66,627.93,396.89,304.11,110.57,88.04,214.47,NaN,43.88,174.66,2.98,488.2,201.06,5.28,40.03,18.66,53.6695,24.12,75.56,90.91,9.6,46.5,12.45,9.55,68.2,572.71,35.17,2.1,66.04,74.96,23.41,24.22,227.04,568.86,526.67,346.97,282.01,387.86,63.34,94.64,215.42
2025-03-07,13.03,239.07,100.31,19.25,199.25,132.4,270.48,18.77,194.96,154.18,31.24,111.22,38.54,NaN,350.3,97.73,43.0,217.45,964.31,NaN,53.28,105.51,16.31,54.1,101.28,68.79,57.65,24.0,175.75,173.86,44.42,49.43,50.55,57.33,20.64,20.55,52.3,166.69,144.79,8.77,29.2,5.92,625.66,393.31,287.18,112.69,87.17,222.56,NaN,45.4,175.95,3.06,491.79,202.5,5.39,39.62,18.8,53.75,24.22,74.63,90.65,9.72,51.0,12.59,9.74,68.38,575.92,34.47,2.09,67.41,76.27,23.49,23.94,228.37,575.87,529.51,348.32,283.34,388.71,63.88,91.72,218.54
2025-03-10,12.5,227.48,96.63,17.54,194.54,126.01,238.08,18.11,184.45,148.15,29.99,111.2,34.99,NaN,345.21,98.52,40.03,179.23,934.41,NaN,50.33,103.08,14.12,53.38,96.04,62.43,57.17,22.42,167.81,165.87,35.63,44.91,50.57,56.28,19.93,18.27,49.9,167.7,147.4,6.78,28.18,5.66,597.99,380.16,239.27,106.98,78.95,208.84,NaN,44.16,176.26,2.97,472.73,194.87,4.815,40.08,17.12,52.4241,23.54,71.24,86.65,9.08,53.0,11.18,8.57,67.09,560.58,38.37,1.95,59.81,73.06,22.51,23.11,222.71,550.07,515.51,335.11,275.62,372.9,62.43,87.82,209.25
2025-03-11,11.46,220.84,96.76,18.57,196.59,130.42,257.76,17.92,190.09,154.06,30.18,111.24,36.82,NaN,339.77,97.63,41.07,191.69,930.49,NaN,46.68,97.9,14.75,52.41,98.28,65.7,57.82,22.61,165.98,164.04,36.36,47.24,50.56,56.74,19.78,18.7,49.38,165.86,144.09,6.48,30.53,6.07,605.71,380.45,260.59,108.76,78.11,205.8,NaN,42.86,173.12,2.93,471.6,194.13,4.94,39.92,17.83,52.33,23.5,72.47,89.07,8.86,52.16,11.26,8.54,66.35,555.92,38.8,2.06,59.11,70.65,22.55,23.66,221.8,548.37,511.28,334.21,273.69,371.8,62.38,87.44,208.4
2025-03-12,10.93,216.98,100.79,19.21,198.89,134.92,272.59,18.09,194.23,158.8,30.6,111.26,36.75,NaN,338.13,95.29,42.03,191.73,927.08,NaN,45.3,98.76,14.2,51.97,97.93,65.57,58.07,21.99,169.0,167.11,38.92,47.15,50.53,56.86,20.68,21.82,50.63,162.85,139.97,7.42,30.1,6.2,619.56,383.27,262.55,115.74,74.79,204.45,NaN,42.85,168.37,2.92,476.92,196.38,4.95,39.45,18.43,52.3009,23.56,74.22,91.11,8.89,50.44,11.92,9.13,66.4,558.87,37.49,2.2,61.13,71.2,22.57,23.84,221.94,556.46,513.76,339.49,275.04,376.91,62.81,85.2,211.68
2025-03-13,10.67,209.68,98.11,18.64,193.89,130.24,272.0,17.8,191.36,159.32,29.75,111.25,35.5,NaN,333.31,95.09,40.5,177.49,890.62,NaN,43.92,96.87,13.98,51.3,93.42,63.38,59.08,21.95,164.73,162.76,36.02,45.52,50.55,56.579,23.7,21.37,50.38,162.99,140.14,6.7,31.0,6.37,590.64,378.77,263.26,115.58,75.89,201.02,NaN,42.15,168.59,2.65,468.34,192.82,4.92,40.17,17.57,51.8483,23.16,73.51,86.96,8.37,48.44,11.39,8.91,65.27,551.42,39.54,2.27,57.79,69.51,22.24,23.51,217.89,546.44,507.05,333.37,271.18,369.1,62.43,84.5,207.66
2025-03-14,10.87,213.49,100.97,20.0,197.95,134.32,292.89,18.47,195.54,161.81,30.66,111.33,37.54,NaN,339.64,103.22,42.36,183.12,903.92,NaN,46.75,98.64,14.64,52.32,96.25,66.95,59.12,23.05,167.62,165.49,39.24,48.14,50.56,57.075,24.05,25.0,51.41,162.81,139.64,7.31,31.73,6.29,607.6,388.56,297.49,121.67,77.15,206.16,NaN,43.19,167.97,2.79,479.66,197.48,5.66,40.42,18.81,52.9694,23.74,77.11,88.27,8.64,54.82,12.09,10.34,66.39,562.81,36.73,2.33,61.89,71.55,22.84,23.9,223.67,563.01,517.46,341.98,276.99,378.33,63.54,85.35,213.94
2025-03-17,11.32,214.0,104.59,19.91,195.74,138.7,306.85,18.78,194.5,161.85,30.88,111.31,37.45,NaN,342.64,102.91,43.64,188.96,916.61,NaN,46.89,99.36,14.69,52.96,96.67,66.81,59.44,23.5,166.57,164.29,42.02,48.06,50.58,57.38,25.69,24.93,51.58,162.84,139.91,7.91,32.13,6.44,604.9,388.7,294.27,119.53,80.15,209.83,NaN,44.05,169.76,2.91,482.77,198.76,5.79,40.0,19.1,53.703,24.05,77.77,90.02,8.99,55.65,12.32,10.08,67.15,567.15,36.02,2.4,63.09,72.73,23.28,24.64,226.75,566.35,521.41,343.2,279.28,379.56,64.37,87.46,215.43
2025-03-18,11.07,212.69,103.51,19.04,192.82,137.44,278.84,18.5,188.67,161.57,30.5,111.33,36.43,NaN,336.71,104.94,42.2,181.14,898.05,NaN,45.92,99.35,14.39,52.68,96.91,65.08,60.17,23.3,162.67,160.67,40.1,46.81,50.56,58.4437,25.92,22.68,52.04,164.25,139.53,7.01,32.39,6.11,582.36,383.52,283.19,115.43,80.98,207.1,NaN,43.42,167.71,2.82,474.54,195.48,5.15,40.19,17.98,53.3376,23.84,77.56,86.83,8.73,56.42,11.95,9.57,66.42,561.02,37.84,2.39,59.91,71.55,22.64,24.45,224.77,558.31,515.91,337.1,276.27,373.34,64.29,85.59,212.15
2025-03-19,11.48,215.24,106.23,20.05,195.54,143.4,297.03,18.78,195.57,172.62,30.83,111.34,37.89,NaN,338.62,104.35,43.46,189.75,904.05,NaN,47.75,100.29,15.38,53.07,98.17,67.59,60.4,23.71,166.28,163.89,42.8,48.61,50.59,58.8985,24.12,23.3,52.62,162.99,139.65,7.26,33.6,6.26,584.06,387.82,304.23,117.52,79.0,207.38,NaN,43.58,168.57,2.77,480.89,197.99,5.4,40.07,18.78,54.2684,24.18,78.73,90.26,9.04,56.33,12.73,9.85,66.92,567.13,36.4,2.45,62.24,73.02,22.94,25.19,227.76,565.88,521.33,342.31,279.41,379.06,64.46,86.33,214.91
2025-03-20,11.26,214.1,107.14,20.07,194.95,144.77,306.74,18.63,190.54,172.83,30.53,111.34,37.31,NaN,336.25,104.59,43.81,190.38,895.4,NaN,46.95,98.86,14.93,52.73,98.45,66.5,60.31,23.51,165.05,162.8,43.66,47.85,50.57,59.43,23.96,21.14,52.29,163.02,139.08,7.11,34.15,6.39,586.0,386.84,302.07,118.53,78.79,202.64,NaN,43.2,167.55,2.76,479.26,197.3,5.23,39.57,18.53,53.8487,24.03,78.57,89.4,9.23,56.21,12.64,9.59,66.67,565.49,36.75,2.48,61.6,74.35,22.75,25.38,226.3,562.71,520.13,341.73,278.74,378.14,63.96,85.81,213.38
2025-03-21,11.39,218.27,106.44,19.84,196.21,143.41,314.03,18.66,191.66,178.11,30.34,111.38,37.19,NaN,335.78,106.39,44.13,189.86,909.26,NaN,46.77,99.46,14.93,52.41,98.65,66.32,59.83,24.75,166.25,163.99,44.36,47.7,50.61,60.19,24.26,22.26,51.39,163.63,138.67,7.09,34.83,6.41,596.25,391.26,304.0,117.7,76.86,200.64,NaN,43.78,166.69,2.58,480.84,198.01,5.42,39.41,18.94,53.4654,23.92,78.39,87.95,9.33,53.96,12.87,9.86,66.43,563.98,36.4,2.38,62.18,75.84,22.59,25.0,225.34,564.61,520.26,342.58,278.85,380.36,63.46,85.98,213.96
2025-03-24,11.83,220.73,113.85,21.59,203.26,148.4,339.72,19.2,191.25,180.9,30.68,111.36,39.13,NaN,341.67,104.31,46.24,203.04,926.04,NaN,48.88,100.18,15.83,53.43,99.79,69.77,59.55,25.61,169.93,167.68,48.36,50.18,50.61,60.6342,24.22,26.12,52.83,163.29,137.82,9.22,34.84,6.61,618.85,393.08,335.72,121.41,75.33,211.12,NaN,45.68,165.65,2.62,490.66,201.88,5.98,39.54,20.21,55.2372,24.53,79.96,92.1,9.54,52.99,13.72,10.31,67.26,574.08,34.13,2.42,66.13,76.51,23.61,25.39,231.0,575.39,529.39,350.91,284.01,389.2,63.56,87.49,217.63
2025-03-25,11.51,223.75,114.81,21.48,205.71,147.9,346.29,19.32,188.26,182.59,30.74,111.38,39.08,NaN,342.62,100.45,46.53,204.23,930.26,NaN,48.67,101.61,15.72,53.33,102.09,69.72,59.83,25.4,172.79,170.56,48.15,50.14,50.61,60.08,24.2,25.55,56.26,161.02,136.99,9.2,34.67,6.67,626.31,395.16,341.81,120.69,73.6,211.33,NaN,45.31,162.85,2.57,493.46,203.13,6.16,39.39,20.27,55.6449,24.4,80.75,91.58,9.63,52.2,13.54,10.2,67.34,575.46,33.52,2.52,67.31,75.61,23.79,24.87,230.26,577.08,530.65,351.99,284.49,391.7,63.77,84.76,218.35
2025-03-26,11.44,221.53,110.19,20.38,201.13,144.64,327.62,18.89,179.27,178.55,30.04,111.39,38.35,NaN,341.11,101.09,46.12,193.95,929.75,NaN,48.07,100.78,15.13,53.36,101.01,68.41,59.78,28.36,167.14,165.06,44.73,49.18,50.63,59.55,23.42,24.8,55.41,161.72,139.61,8.79,34.39,6.39,610.98,389.97,329.31,113.76,71.73,205.75,NaN,45.04,166.58,2.48,484.38,199.42,5.815,39.55,19.44,55.064,24.13,80.14,89.77,9.41,52.62,13.07,9.38,66.95,568.59,34.86,2.44,63.38,74.18,23.34,24.29,228.44,563.2,524.46,344.43,281.16,383.03,63.11,85.21,213.48
2025-03-27,11.14,223.85,106.65,19.4,201.36,142.03,261.7,18.56,171.99,179.11,29.86,111.43,38.56,NaN,339.3,102.59,45.09,188.58,938.75,NaN,46.15,100.45,15.17,53.34,99.54,68.8,60.56,22.09,164.08,162.24,43.99,49.44,50.64,59.97,23.62,23.65,54.6,163.13,140.56,8.27,33.93,6.62,602.58,390.58,324.59,111.43,70.16,200.06,NaN,43.76,168.71,2.45,481.62,198.24,6.0,39.93,18.42,54.6682,23.99,79.6,85.36,9.17,52.88,12.2,8.88,66.98,567.08,35.47,2.43,62.3,74.86,23.0,23.64,226.0,557.24,521.21,342.14,278.99,380.59,63.25,85.63,211.51
2025-03-28,10.7,217.9,103.22,18.78,192.72,136.96,272.38,17.978,169.12,173.31,28.95,111.46,37.07,NaN,329.69,103.6,43.15,173.93,929.66,NaN,43.84,98.07,14.16,52.57,96.6,66.18,61.03,21.73,156.06,154.33,41.92,47.56,50.66,59.38,22.71,22.85,53.21,163.71,140.71,8.07,33.59,6.34,576.74,378.8,289.41,109.67,69.3,189.99,NaN,40.94,168.03,2.17,468.94,193.08,5.89,39.44,18.62,53.5515,23.48,77.81,84.02,8.89,48.97,11.85,8.5,65.72,555.66,38.3,2.26,57.34,72.75,22.24,23.1,221.63,543.24,510.8,333.68,273.43,370.43,62.51,85.15,206.38
2025-03-31,10.55,222.13,102.74,18.14,190.26,136.94,264.97,17.74,167.43,170.55,28.46,111.49,36.49,NaN,329.8,104.23,43.59,172.23,945.78,NaN,43.6,98.7,13.82,53.01,96.26,65.17,61.89,22.32,156.23,154.64,41.62,46.81,50.7,59.53,22.71,22.07,53.35,165.84,142.22,7.45,33.58,6.51,576.36,375.39,288.27,108.38,69.44,190.06,NaN,40.69,170.42,2.16,468.92,193.02,5.88,39.29,17.88,53.3412,23.43,78.28,83.41,8.71,47.61,11.63,8.12,66.34,559.39,38.34,2.24,57.3,72.86,22.07,22.92,221.75,542.38,513.91,334.48,274.84,370.82,62.1,87.79,206.48
2025-04-01,10.3,223.19,102.78,18.4,192.17,138.37,282.7,17.77,168.52,168.17,28.63,111.5,37.65,NaN,330.57,104.61,44.27,174.52,954.4,NaN,42.42,97.68,14.47,53.22,96.67,67.16,61.79,22.61,158.88,157.07,42.16,48.3,50.51,59.6199,22.05,23.19,53.65,153.25,143.03,7.47,31.59,6.34,586.0,382.19,306.02,110.15,68.03,190.0,NaN,40.2,170.56,2.24,472.7,194.6,6.39,39.44,18.15,53.3799,23.48,77.67,84.2,8.93,48.11,11.91,8.2,66.19,560.97,37.44,2.29,58.62,72.99,21.77,23.08,222.47,546.94,515.8,336.97,275.77,374.17,62.28,88.83,207.99
2025-04-02,10.59,223.89,102.96,18.94,196.01,141.52,290.39,18.15,172.09,168.56,28.93,111.51,38.53,NaN,334.66,103.81,46.31,182.95,965.08,NaN,43.37,97.88,14.47,53.79,98.08,68.7,61.87,22.69,158.86,157.04,42.68,49.41,50.5,60.82,21.98,25.05,54.46,155.36,142.9,8.305,31.86,6.48,583.93,382.14,312.54,110.42,68.24,193.67,NaN,40.76,169.5,2.3,476.15,196.0,7.42,39.22,19.34,54.3767,23.84,78.59,88.43,8.88,47.67,12.31,8.66,66.44,564.52,36.6,2.22,59.93,74.5,22.31,23.17,226.03,551.44,518.91,340.1,277.95,377.29,62.44,89.76,209.53
2025-04-03,9.505,203.19,93.8,16.67,178.41,123.45,261.98,17.18,154.01,150.91,27.24,111.5,36.31,NaN,305.76,107.06,38.71,170.76,967.08,NaN,38.71,88.84,13.51,51.15,89.44,64.76,61.54,21.1,152.63,150.72,38.26,46.57,50.52,60.27,22.43,23.25,49.18,159.82,145.22,7.54,28.86,6.39,531.62,373.11,282.28,101.8,67.1,171.88,NaN,35.56,172.39,2.19,450.66,185.63,6.79,38.55,17.89,51.2369,22.19,74.87,69.49,8.02,38.26,10.64,8.3,64.04,536.7,42.53,2.06,50.3,69.85,21.07,22.46,210.85,511.5,494.16,321.43,263.96,355.58,61.19,87.26,195.23
2025-04-04,9.46,188.38,85.76,15.8,171.0,108.68,219.37,16.06,146.29,136.59,25.38,111.57,37.21,NaN,288.08,100.98,35.89,160.55,916.48,NaN,37.25,83.53,13.7,48.42,84.71,66.32,60.15,23.49,147.74,145.6,34.51,47.71,50.53,58.18,19.85,20.68,47.98,153.24,137.91,6.87,25.87,6.81,504.73,359.84,293.61,94.31,62.55,160.81,NaN,33.7,163.75,2.09,422.67,174.28,6.17,38.68,16.37,47.6708,21.19,69.06,70.09,8.05,30.11,9.57,7.32,60.26,505.28,50.36,1.83,41.09,64.62,19.61,20.82,200.81,478.6,465.52,301.55,248.47,334.02,57.45,83.19,182.37
2025-04-07,9.71,181.46,83.64,16.61,175.26,112.36,232.22,16.12,154.14,138.86,24.8,111.53,34.53,NaN,280.06,98.21,36.92,157.28,908.13,NaN,37.29,83.3,11.63,47.76,88.0,61.59,58.96,24.29,149.24,146.75,35.41,44.27,50.53,57.46,19.57,22.75,46.74,150.62,134.54,7.12,25.96,7.04,516.25,357.86,268.14,97.64,63.64,163.29,NaN,35.08,160.23,1.88,423.69,174.51,6.49,37.53,17.52,47.5424,20.98,70.04,70.24,7.73,31.48,9.86,7.6,59.97,504.38,50.17,1.76,41.25,65.64,19.56,20.51,198.98,479.96,463.56,303.02,247.66,334.42,55.89,83.83,183.46
2025-04-08,9.07,172.42,78.21,16.0,170.66,110.41,235.28,16.01,156.03,139.39,24.51,111.56,33.99,NaN,273.94,94.83,35.42,151.47,908.75,NaN,35.88,81.72,11.07,46.92,88.15,60.61,59.11,23.39,146.58,144.7,34.17,43.59,50.5,57.98,18.13,21.28,44.66,150.0,133.28,7.255,24.75,6.9,510.45,354.56,237.95,96.3,61.6,153.5,NaN,31.95,158.39,1.72,416.06,171.4,6.62,37.57,17.18,47.1118,20.42,69.93,65.64,7.23,32.35,9.5,7.18,59.24,496.48,52.97,1.7,38.9,65.07,19.41,20.26,193.73,470.37,456.74,299.15,243.75,329.49,55.54,81.79,179.73
2025-04-09,11.12,198.85,96.84,18.81,191.1,128.45,274.96,17.95,185.15,160.82,27.49,111.6,36.5,NaN,301.01,95.54,39.56,177.09,965.19,NaN,44.27,91.44,12.42,50.62,99.93,65.04,61.26,25.4,161.06,158.71,42.21,46.83,50.51,60.62,21.53,26.37,49.02,150.97,135.15,8.38,28.55,6.88,585.77,390.49,296.86,114.33,65.09,185.87,NaN,39.2,162.32,1.82,466.0,191.52,7.45,38.13,20.59,51.8674,22.31,75.25,78.75,8.82,36.58,11.39,8.83,64.13,548.62,34.28,1.96,52.61,72.68,21.61,22.12,212.03,533.78,499.1,332.94,268.48,367.8,59.5,89.6,203.86
2025-04-10,9.51,190.42,88.7,17.46,181.22,123.93,263.83,17.38,172.3,155.52,26.33,111.6,35.23,NaN,289.16,95.16,36.63,169.62,964.31,NaN,39.36,85.23,11.43,49.12,96.32,62.82,62.8,25.02,155.37,152.82,40.51,45.17,50.5,59.99,19.88,25.89,46.2,148.69,137.49,7.84,25.79,6.58,546.29,381.35,272.34,107.57,61.21,165.59,NaN,34.88,163.56,2.15,446.18,183.75,5.8,38.09,19.63,50.1922,21.35,73.85,72.81,7.83,31.075,10.52,8.2,62.32,524.58,38.21,1.89,46.14,70.94,20.75,21.59,203.0,509.77,482.06,319.81,257.43,353.29,58.43,90.61,194.37
2025-04-11,9.67,198.15,93.4,18.0,184.87,125.92,249.95,17.69,181.94,156.84,26.87,111.67,37.16,NaN,293.45,96.67,36.23,175.5,963.41,NaN,40.88,84.89,11.85,49.79,97.73,66.27,64.01,26.4,159.4,157.14,43.68,47.67,50.52,60.26,19.74,26.09,46.84,151.73,139.76,7.72,26.19,6.51,543.57,388.45,299.98,110.93,64.73,168.79,NaN,35.075,166.91,2.08,454.4,187.02,6.16,38.95,19.63,51.03,21.62,76.96,73.53,7.96,31.97,10.71,8.28,63.29,533.94,36.22,1.98,48.58,72.28,21.19,22.65,205.82,520.14,490.55,326.06,261.74,360.2,60.03,92.8,198.35
2025-04-14,9.58,202.52,94.5,18.18,182.12,125.52,236.07,17.81,178.36,159.28,27.04,111.68,37.7,NaN,298.12,99.84,36.59,176.58,979.32,NaN,40.3,84.66,12.4,50.28,96.85,67.12,63.63,26.98,161.47,159.07,44.14,48.28,50.54,60.61,20.31,25.35,47.58,154.36,142.56,7.73,25.56,6.43,531.48,387.81,311.45,110.71,66.06,170.545,NaN,35.62,169.13,2.07,457.48,188.42,5.96,38.86,19.13,51.33,21.89,76.92,74.49,7.91,33.55,10.82,8.15,63.89,539.12,35.45,2.09,49.6,73.1,21.26,22.84,208.18,523.81,495.48,328.29,264.15,362.58,60.69,94.73,200.16
2025-04-15,9.85,202.14,95.29,18.25,179.59,127.84,245.47,17.93,178.95,155.52,27.1,111.72,37.24,NaN,293.43,100.51,36.97,175.57,976.92,NaN,40.83,85.01,12.16,50.17,99.2,66.38,64.0,26.7,158.68,156.31,44.08,47.74,50.53,61.02,19.85,25.4,46.87,153.62,141.47,7.79,25.81,6.37,521.52,385.73,310.72,112.2,64.49,171.63,NaN,35.85,168.47,2.03,457.99,188.58,5.73,38.82,21.07,51.41,21.88,77.19,74.68,7.87,33.23,10.94,8.23,63.8,537.61,35.34,2.09,49.79,74.02,21.45,22.73,207.77,525.79,494.09,327.81,263.69,362.26,61.02,93.97,200.89
2025-04-16,9.42,194.27,88.29,18.18,174.33,125.21,229.81,17.6,174.61,156.47,26.51,111.73,37.38,NaN,290.14,101.25,35.25,172.21,967.75,NaN,40.59,82.77,12.01,49.56,96.07,66.62,66.08,26.25,155.5,153.33,40.66,47.96,50.55,61.185,19.23,24.57,46.3,153.91,139.7,7.565,24.86,6.31,502.31,371.61,311.66,104.49,62.88,168.59,NaN,34.25,166.39,1.99,444.18,182.9,5.18,38.78,19.975,50.9348,21.66,75.7,73.66,7.74,32.03,10.66,7.76,62.67,525.66,38.54,2.08,45.29,73.06,21.12,22.71,205.19,507.75,483.23,318.8,258.21,351.21,60.7,91.19,193.91
2025-04-17,9.46,196.98,87.5,18.41,172.61,126.78,238.22,17.63,170.99,161.9,26.62,111.75,37.65,NaN,294.25,103.59,35.84,175.03,994.5,NaN,40.85,84.81,11.98,50.12,96.13,67.09,65.78,26.78,153.36,151.16,41.18,48.26,50.59,62.52,18.93,25.74,46.28,157.47,142.81,7.45,24.74,6.53,501.48,367.78,317.2,101.49,58.08,170.74,NaN,34.64,170.63,2.05,444.1,182.86,5.13,39.29,19.74,51.1106,21.83,76.15,74.2,7.88,31.29,10.98,7.82,63.0,526.41,38.64,2.12,45.16,75.24,21.26,22.87,207.02,505.53,483.9,318.87,258.75,352.14,61.32,93.22,192.86
2025-04-21,9.07,193.16,85.56,17.52,167.32,119.63,228.13,17.17,166.21,159.34,26.17,111.74,38.72,NaN,284.74,102.13,34.78,175.0,957.77,NaN,39.47,84.0,11.92,49.05,92.72,69.06,67.82,26.77,149.86,147.67,39.85,49.72,50.56,63.33,18.84,24.03,45.06,156.92,140.07,7.04,24.04,6.2,484.66,359.12,317.76,96.91,58.33,171.5,NaN,34.74,165.75,2.1,433.11,178.4,4.66,38.99,18.65,49.79,21.34,74.95,71.78,7.61,29.81,10.69,7.5,61.7,513.88,41.49,2.04,41.86,72.92,20.8,22.45,202.27,491.75,472.37,309.91,252.6,342.44,61.1,92.41,187.88
2025-04-22,9.31,199.74,86.26,18.42,173.18,123.71,237.71,17.35,169.58,162.52,26.68,111.785,40.56,NaN,291.17,104.37,35.69,190.0,979.23,NaN,40.34,86.09,12.89,50.33,94.37,72.29,66.85,27.8,153.9,151.47,42.09,52.08,50.56,64.14,19.51,25.56,46.48,157.75,137.92,7.36,24.75,6.33,500.28,366.82,343.03,98.89,59.91,174.66,NaN,35.45,167.88,2.24,444.48,183.0,4.785,39.72,19.04,49.62,21.92,76.58,74.47,7.85,29.62,11.27,8.14,63.34,527.25,38.28,2.12,45.06,74.44,20.72,22.66,207.66,503.85,484.29,318.56,259.03,351.63,62.23,94.85,192.46
2025-04-23,9.32,204.6,90.39,18.57,180.6,126.55,252.35,17.8,176.91,172.37,27.49,111.8,41.44,NaN,295.77,102.28,36.59,194.8,975.84,NaN,41.4,87.29,13.55,50.51,97.0,73.84,65.26,27.12,157.72,155.35,44.66,53.2,50.59,64.17,20.59,26.8,46.75,155.38,133.4,7.86,25.52,6.35,520.27,374.39,345.73,102.71,61.3,180.87,NaN,36.62,165.73,2.28,454.56,187.07,5.0,39.95,20.29,50.63,22.25,77.85,77.26,7.98,30.36,11.74,8.75,63.91,535.42,35.76,2.21,48.05,73.77,21.2,23.66,210.43,518.88,492.07,325.87,263.44,360.45,62.51,94.96,198.04
2025-04-24,9.61,208.37,94.47,20.13,186.54,133.32,267.88,18.36,188.15,176.26,28.15,111.81,41.49,NaN,306.86,100.75,38.79,203.87,975.48,NaN,42.02,90.01,13.37,51.28,100.72,73.92,66.19,27.08,161.47,159.28,48.15,53.26,50.62,64.66,21.49,28.39,47.63,154.93,132.34,8.38,26.46,6.26,533.15,387.3,350.34,106.43,62.63,193.57,NaN,39.96,159.53,2.32,467.35,192.38,5.28,40.27,21.88,52.188,22.76,79.38,79.28,8.33,32.29,12.31,9.38,64.94,546.69,32.72,2.27,52.14,78.1,21.96,24.59,215.3,538.39,502.41,334.76,268.99,370.92,63.31,95.84,205.43
2025-04-25,9.75,209.28,96.645,20.29,188.99,133.4,276.83,18.48,192.31,177.95,28.59,111.87,42.3,NaN,306.45,100.19,39.03,209.64,977.16,NaN,41.58,90.28,13.67,51.04,101.8,75.34,65.44,27.46,163.85,161.96,49.45,54.27,50.63,63.33,20.05,28.9,47.35,154.58,131.61,8.58,26.49,6.46,547.27,391.85,368.71,111.01,62.08,193.55,NaN,39.63,161.02,2.33,472.56,194.56,5.19,40.33,22.38,52.58,22.74,79.94,79.78,8.54,32.85,12.88,9.52,65.22,550.64,31.65,2.28,53.86,77.75,22.31,24.45,214.78,546.55,506.11,339.33,270.64,376.48,63.36,95.09,208.47
2025-04-28,9.85,210.14,96.39,20.11,187.7,136.36,284.98,18.66,192.47,182.3,28.51,111.85,41.99,NaN,307.06,100.92,39.1,205.27,978.54,NaN,41.96,90.16,13.61,51.31,102.64,74.81,66.38,27.59,162.42,160.61,48.93,53.88,50.665,63.575,20.51,28.7,47.48,155.35,130.9,8.57,26.65,6.46,549.74,391.16,369.25,108.73,62.62,196.24,NaN,40.04,161.85,2.32,472.41,194.51,5.21,40.11,22.67,52.9969,22.84,80.18,80.1,8.83,32.27,13.2,9.74,65.34,550.85,31.69,2.37,53.82,78.33,22.51,25.05,215.79,545.51,506.42,338.81,271.03,376.0,63.73,95.22,208.13
2025-04-29,9.9,211.21,96.06,20.22,187.39,137.55,288.88,18.84,191.17,182.0,28.64,111.86,42.24,NaN,307.4,103.7,39.13,206.13,991.7,NaN,42.08,91.17,13.82,51.57,104.21,75.25,65.77,27.26,162.06,160.16,49.37,54.22,50.67,63.79,20.34,28.09,47.63,155.91,130.55,8.6,27.26,6.46,554.44,394.04,381.45,109.02,65.16,182.62,NaN,38.86,162.26,2.405,475.53,195.81,5.09,40.68,22.4,53.3601,22.95,81.26,81.41,9.09,32.94,13.27,9.47,65.82,554.32,31.08,2.34,54.87,79.42,22.49,25.13,216.77,548.15,509.49,341.41,272.66,378.75,63.93,96.04,209.1
2025-04-30,9.95,212.5,97.35,19.85,184.42,136.48,269.31,18.56,192.47,183.24,28.56,111.91,41.71,NaN,309.27,105.76,38.64,202.89,994.5,NaN,41.63,90.95,13.52,51.65,103.76,74.27,65.26,27.86,160.89,158.8,49.11,53.51,50.69,63.7936,20.1,27.46,45.68,156.31,131.78,8.2,27.96,6.6,549.0,395.26,380.11,108.92,66.45,184.31,NaN,39.7,162.57,2.42,475.47,195.85,5.02,40.66,21.79,53.1108,22.83,81.4,80.5,7.96,32.11,12.51,9.29,66.15,554.54,31.06,2.28,54.88,81.01,22.34,25.0,216.15,549.45,509.74,340.75,272.82,378.29,63.86,97.25,209.97
2025-05-01,10.03,213.32,96.65,20.29,190.2,137.89,279.49,18.8,197.33,182.89,28.71,111.89,42.79,NaN,313.96,106.3,39.16,201.3,999.04,NaN,41.5,90.81,13.96,51.6,104.21,76.22,63.92,27.43,162.79,161.3,46.62,54.95,50.5,63.81,19.98,27.38,43.89,154.46,129.87,8.62,28.58,6.71,572.21,425.4,381.6,111.61,65.6,181.84,NaN,39.6,159.98,2.3,481.68,198.15,5.07,34.2,22.12,53.8753,22.95,81.51,79.81,7.83,32.59,12.51,9.15,66.24,558.47,30.01,2.21,56.77,80.89,22.35,25.31,216.95,559.15,513.35,345.0,274.52,383.84,63.7,97.41,213.05
2025-05-02,10.52,205.35,98.8,21.1,189.98,135.37,307.58,19.47,203.64,185.46,29.28,111.93,42.96,NaN,323.68,106.87,40.76,204.93,1008.3,NaN,44.2,92.49,13.93,52.42,106.18,76.55,64.05,27.48,165.81,164.03,48.59,55.19,50.5,63.67,20.62,30.92,45.84,156.12,130.35,9.3,29.85,6.68,597.02,435.28,394.37,114.5,69.23,188.14,NaN,41.91,160.52,2.36,488.83,201.24,5.945,35.01,22.99,55.0454,23.52,83.11,84.14,8.45,34.4,12.7,9.39,67.21,566.76,28.61,1.96,59.43,84.28,22.73,25.84,221.87,567.54,520.71,351.83,278.8,389.3,65.03,98.75,216.61
2025-05-05,10.66,198.89,100.59,20.58,186.35,133.98,301.84,19.29,200.72,186.46,29.27,111.96,41.77,NaN,323.11,106.98,40.5,199.4,1014.89,NaN,45.51,92.11,13.74,52.43,108.69,74.42,65.92,26.6,166.05,164.21,48.05,53.63,50.52,64.79,20.27,29.82,44.27,155.0,130.9,9.05,30.08,6.63,599.27,436.17,386.53,113.82,69.12,184.95,NaN,38.41,158.83,2.29,485.93,200.12,5.54,34.28,22.48,54.8338,23.38,83.37,82.53,8.55,34.61,12.86,9.19,66.99,563.51,29.14,1.95,58.4,85.43,22.8,25.65,220.85,563.7,517.99,350.35,277.22,387.13,65.27,99.33,215.46
2025-05-06,10.43,198.51,98.62,20.85,185.01,129.31,304.62,19.04,200.09,185.96,29.24,112.0,42.05,NaN,320.89,106.42,39.97,196.89,1010.5,NaN,44.81,92.17,13.5,52.16,107.14,74.93,67.81,26.04,165.2,163.23,48.69,53.97,50.52,64.07,19.94,29.42,44.45,154.47,132.77,8.975,29.84,6.54,587.31,433.31,385.6,113.54,66.29,182.41,NaN,38.51,159.25,2.17,481.41,198.21,5.32,33.33,22.37,54.7352,23.15,82.83,80.08,8.36,33.83,12.73,9.14,66.61,558.8,29.93,2.02,56.74,85.83,22.61,26.39,219.18,558.93,513.58,346.73,274.97,383.66,65.16,98.55,213.67
2025-05-07,10.56,196.25,100.36,20.72,188.71,129.34,303.46,19.2,204.81,185.56,29.12,111.98,42.61,NaN,320.29,104.75,39.95,196.56,1007.15,NaN,45.3,102.09,13.59,52.63,106.72,75.9,66.8,26.01,152.8,151.38,49.99,54.68,50.53,63.69,20.31,29.14,44.02,157.3,133.59,8.93,30.28,6.6,596.81,433.35,392.48,117.06,67.55,186.87,NaN,38.8,159.29,2.14,483.3,199.02,5.38,32.98,22.29,54.9037,23.23,84.01,81.19,8.13,34.97,13.01,9.17,67.25,561.15,29.6,1.93,57.4,83.65,22.87,26.77,219.98,564.51,515.9,348.0,276.11,384.67,64.78,98.83,215.81
2025-05-08,11.03,197.49,101.7,21.39,192.08,133.19,339.51,19.49,207.77,191.7,29.49,112.0,44.89,NaN,324.25,103.28,41.26,206.5,1007.71,NaN,48.54,105.12,16.06,52.99,97.74,79.98,65.48,26.78,155.75,154.28,54.07,57.62,50.5,61.38,21.0,31.84,44.92,155.66,133.54,9.35,31.07,6.72,598.01,438.17,414.38,117.37,64.85,188.57,NaN,39.77,158.65,1.94,488.29,201.03,5.7,35.35,23.1,55.6494,23.68,84.37,91.63,8.22,36.66,13.26,9.74,67.44,565.06,28.72,1.98,59.11,82.3,23.17,26.68,223.63,571.18,519.34,350.63,278.28,387.98,64.61,97.43,217.87
2025-05-09,11.11,198.53,102.84,21.6,193.06,132.46,328.54,19.3,208.2,194.85,29.34,112.06,45.75,NaN,325.62,105.0,42.04,199.32,1008.09,NaN,48.34,105.94,17.68,52.77,97.42,81.47,65.93,27.54,154.38,152.75,54.65,58.66,50.53,62.64,21.42,31.27,44.27,154.22,133.05,9.24,31.18,6.46,592.49,438.73,416.03,116.65,65.77,191.88,NaN,40.98,157.66,1.86,487.97,200.96,5.93,35.0,20.51,55.5197,23.65,84.47,92.25,8.25,37.74,13.18,8.98,67.23,564.34,28.8,2.02,58.97,82.81,23.0,27.16,223.4,571.2,518.65,350.04,277.97,387.74,64.97,96.72,217.6
2025-05-12,11.67,210.79,108.12,22.8,208.64,143.45,347.9,19.78,221.58,198.53,30.61,112.04,45.11,NaN,342.55,100.48,45.62,207.22,1016.15,NaN,51.14,110.49,18.63,54.29,102.04,80.33,64.07,28.05,159.58,158.46,57.43,57.88,50.53,65.05,22.18,32.89,47.91,154.14,136.67,9.5,31.27,6.64,639.43,449.26,404.9,123.0,67.74,207.03,NaN,44.62,160.9,1.9,507.85,209.07,6.15,36.39,21.26,56.739,24.52,85.37,98.99,9.21,41.27,14.04,11.01,69.06,582.99,25.32,2.1,66.11,88.1,23.35,27.29,231.72,598.19,535.92,363.3,287.27,403.93,65.61,96.75,227.7
2025-05-13,12.3,212.93,112.46,23.58,211.37,145.07,370.1,20.26,232.42,203.42,31.03,112.07,46.45,NaN,352.54,98.32,45.97,256.9,999.03,NaN,52.99,111.38,20.41,54.32,105.05,82.73,64.34,28.39,160.89,159.53,62.57,59.62,50.52,64.69,22.56,33.22,48.0,148.44,134.03,11.63,31.29,6.64,656.03,449.14,421.61,129.93,65.4,212.4,NaN,45.77,158.73,1.92,515.59,212.27,6.38,36.99,21.83,57.3357,24.61,86.22,102.34,9.1,42.0,14.29,11.26,69.28,586.84,24.16,2.07,69.14,91.72,23.77,27.84,232.94,611.49,539.44,369.8,289.22,410.5,65.74,95.88,232.62
2025-05-14,11.84,212.33,117.72,23.74,210.25,144.24,376.54,20.45,232.12,204.72,31.09,112.08,45.77,NaN,349.66,98.23,47.05,263.41,991.54,NaN,50.58,112.94,19.71,53.89,103.23,81.52,63.0,28.73,166.81,165.37,61.39,58.74,50.52,64.39,21.52,33.41,50.32,146.36,133.51,11.83,31.38,6.54,659.36,452.94,416.75,135.34,64.41,211.33,NaN,45.2,158.02,1.96,518.68,213.54,6.65,36.75,24.13,57.2912,24.49,87.16,101.11,9.03,41.93,14.03,11.76,69.18,587.59,23.74,2.04,70.36,90.41,24.02,28.15,231.69,615.83,540.11,372.47,289.41,413.57,65.69,96.83,234.13
2025-05-15,11.76,211.45,114.99,23.52,205.17,143.99,366.61,20.61,232.64,206.24,31.05,112.09,45.7,NaN,349.81,100.77,47.0,244.44,1010.47,NaN,50.28,112.22,19.16,54.32,102.56,81.38,64.0,28.63,165.4,163.96,60.68,58.67,50.54,65.07,21.55,32.54,49.57,149.61,137.35,11.83,31.85,6.52,643.88,453.13,397.03,134.83,66.15,210.73,NaN,44.52,162.41,1.9,519.25,213.82,6.49,37.19,25.22,58.1553,24.56,88.11,100.69,8.58,40.54,13.57,11.01,69.93,590.46,23.65,2.01,70.58,90.16,24.47,28.01,232.24,615.55,542.76,372.72,290.59,413.1,66.21,96.35,234.45
2025-05-16,11.86,211.26,117.17,24.02,205.59,143.84,362.34,21.01,228.61,205.82,31.205,112.11,46.15,NaN,353.58,102.32,47.42,266.46,1025.83,NaN,50.92,113.42,19.65,54.95,104.59,82.13,63.24,28.45,167.43,166.19,61.76,59.2,50.56,65.43,21.66,34.99,50.14,151.33,139.07,12.36,32.67,6.85,640.34,454.27,399.8,135.4,64.37,212.56,NaN,44.92,163.28,1.91,521.51,214.7,6.88,36.91,25.57,58.5626,24.79,88.69,102.08,8.75,40.44,13.92,11.19,70.45,594.2,23.38,2.01,71.45,91.79,24.78,27.71,234.74,616.71,546.26,374.53,292.58,415.34,66.29,98.24,234.89
2025-05-19,11.86,208.78,114.74,24.76,206.16,142.61,370.63,20.58,230.63,205.25,30.99,112.13,46.76,NaN,352.57,102.98,47.9,263.99,1034.34,NaN,51.19,112.66,19.08,55.01,104.75,83.24,64.02,27.89,167.87,166.54,64.27,59.99,50.57,65.66,21.38,35.09,50.49,152.49,140.79,12.12,32.59,6.93,640.43,458.87,413.42,135.57,67.02,210.36,NaN,43.84,164.77,1.91,522.01,214.94,6.88,36.78,25.8,58.6014,24.67,89.23,101.15,8.68,38.78,13.73,10.27,70.73,594.85,23.34,2.02,71.64,92.46,24.51,27.81,233.8,615.08,546.82,375.21,292.81,415.49,66.74,98.12,234.55
2025-05-20,11.65,206.86,113.51,24.68,204.07,139.29,363.055,20.77,231.68,207.67,31.19,112.14,47.47,NaN,349.49,102.92,46.71,261.38,1036.82,NaN,49.98,112.36,18.94,54.78,104.79,84.49,65.24,28.51,165.32,163.98,64.91,60.91,50.57,64.36,21.27,35.31,50.01,153.66,141.63,11.91,32.5,7.13,637.1,458.17,416.92,134.38,68.2,210.08,NaN,44.26,165.64,1.95,520.27,214.2,6.78,36.54,26.0,58.5332,24.64,89.18,100.59,8.53,40.18,13.27,9.97,70.58,592.85,23.59,2.06,70.89,91.87,24.48,28.01,233.29,612.92,544.88,373.23,291.85,413.49,66.95,97.8,233.67
2025-05-21,11.24,202.09,112.06,24.19,201.12,130.68,358.35,20.28,229.73,203.21,30.66,112.16,48.16,NaN,342.51,101.52,43.85,258.99,1025.3,NaN,48.27,110.46,19.03,53.55,102.84,85.73,65.72,28.05,170.06,168.56,63.86,61.79,50.575,64.215,20.69,33.54,48.66,153.18,141.07,11.23,31.76,6.92,635.5,452.57,402.69,131.8,68.2,205.35,NaN,43.66,165.43,1.86,513.04,211.21,6.35,35.96,25.17,57.3304,23.93,87.58,97.29,8.28,38.6,12.8,9.47,69.59,582.86,24.56,2.06,67.94,88.67,24.17,28.23,226.83,601.18,535.77,367.78,286.77,407.34,66.64,96.43,229.28
2025-05-22,11.4,201.36,110.71,25.19,203.1,130.81,351.47,20.38,230.53,203.41,30.75,112.17,49.3,NaN,345.19,99.92,44.43,271.95,1018.13,NaN,48.5,111.13,19.99,53.51,103.62,87.72,65.15,30.86,171.98,170.87,64.77,63.23,50.59,63.6,20.55,45.79,48.63,152.61,139.75,11.46,31.21,6.97,636.57,454.86,399.46,132.83,68.17,196.51,NaN,42.29,165.03,1.95,514.0,211.67,6.73,35.87,25.82,57.3237,23.96,87.31,95.37,8.43,37.84,13.19,9.55,69.49,583.09,24.44,2.07,68.29,88.0,24.35,28.52,226.76,602.19,536.02,368.45,286.72,408.5,66.53,95.93,229.34
2025-05-23,11.19,195.27,110.31,25.28,200.99,130.87,354.29,20.29,228.72,202.36,30.57,112.22,48.18,NaN,343.39,100.16,44.27,263.16,1008.5,NaN,47.92,109.72,19.38,53.03,103.16,85.76,66.57,33.03,169.59,168.47,63.17,61.83,50.61,64.5727,20.05,45.69,47.67,152.94,141.55,11.34,30.95,7.12,627.06,450.18,369.51,131.29,67.35,192.15,NaN,41.27,165.86,1.97,509.24,209.66,6.82,35.66,25.42,56.9379,23.92,87.4,94.36,8.23,37.28,13.09,9.58,68.99,579.11,25.16,2.15,66.32,87.75,24.21,31.83,225.77,595.09,532.4,366.23,285.04,404.39,66.75,96.34,226.81
2025-05-27,11.64,200.21,114.56,27.38,206.02,133.17,380.91,21.19,235.65,201.03,31.51,112.24,48.73,NaN,351.51,100.55,46.14,266.4,1017.79,NaN,49.4,112.36,20.38,53.95,104.74,86.67,65.45,35.01,173.98,172.9,66.02,62.5,50.65,64.57,20.55,48.04,48.56,153.25,142.85,12.64,32.66,7.72,642.32,460.69,372.2,135.5,70.44,198.9,NaN,43.4,167.76,1.9,521.22,214.61,6.32,36.28,28.76,58.6874,24.48,88.63,94.78,8.42,38.18,13.39,11.12,70.34,591.15,23.4,2.21,70.94,89.0,25.11,32.97,231.0,609.71,543.34,374.49,290.9,414.05,67.4,97.58,232.2
2025-05-28,11.43,200.42,112.86,27.89,204.72,131.51,390.26,21.21,239.43,201.5,31.08,112.26,47.41,NaN,349.49,99.64,45.75,254.29,1013.14,NaN,48.6,111.52,19.84,53.34,104.51,84.31,65.31,31.21,173.38,172.36,65.14,60.79,50.65,64.23,20.37,47.56,47.72,152.43,142.68,12.24,32.89,8.1,643.58,457.36,364.25,134.81,68.6,196.21,NaN,42.845,167.36,1.93,518.91,213.66,6.13,35.67,28.93,58.4968,24.24,88.05,92.71,8.34,38.58,13.32,10.97,70.01,587.73,23.72,2.18,70.03,88.26,25.09,32.9,228.46,606.95,540.24,373.14,289.19,412.46,66.82,97.24,231.24
2025-05-29,11.4,199.95,113.03,28.04,205.7,131.7,384.23,20.92,241.97,208.18,31.31,112.28,46.77,NaN,351.79,100.35,45.88,248.84,1008.74,NaN,48.5,112.02,20.09,53.49,102.04,83.26,65.67,29.57,172.96,171.86,63.95,59.99,50.66,64.58,20.25,43.2,47.95,153.58,143.84,11.95,33.71,8.32,645.05,458.68,370.63,139.19,69.46,195.89,NaN,42.94,168.56,1.88,519.93,214.09,5.99,36.0,27.35,58.698,24.3,87.76,94.36,8.28,38.6,13.17,10.53,70.12,590.05,23.58,2.27,70.37,84.3,24.76,32.26,229.02,609.13,542.32,374.22,290.12,413.53,67.11,97.1,231.63
2025-05-30,11.41,200.85,110.73,28.26,205.01,130.69,393.0,20.87,242.07,207.32,30.9,112.32,46.29,NaN,348.03,100.35,45.2,246.62,1040.18,NaN,48.39,113.04,19.49,53.4,101.78,82.47,65.24,29.8,172.85,171.74,66.15,59.46,50.67,64.13,19.55,40.34,47.81,155.21,0.0,11.41,33.38,8.31,647.49,460.36,369.06,135.13,71.5,191.13,NaN,42.02,169.89,1.93,519.11,213.75,5.95,36.2,26.79,58.5838,24.16,88.34,91.93,8.25,37.69,13.3,10.11,70.3,589.39,23.73,2.23,70.0,84.16,24.39,32.01,228.19,606.37,541.76,373.3,289.88,413.14,66.94,98.72,230.91
2025-06-02,11.38,201.7,114.63,28.82,206.65,130.52,401.91,20.87,248.71,211.47,30.97,112.33,46.27,NaN,344.67,99.89,45.08,246.72,1056.85,NaN,48.5,112.95,19.18,53.38,102.47,82.35,66.98,30.64,170.37,169.03,67.98,59.36,50.48,64.3661,19.74,40.57,47.2,155.4,141.68,11.01,33.11,8.5,670.9,461.97,372.27,137.38,72.83,192.81,NaN,42.54,167.78,1.945,523.21,215.43,6.46,35.54,26.6,58.3707,24.19,88.11,92.3,8.2,37.33,13.67,9.97,70.51,592.71,23.18,2.41,71.61,83.64,24.37,31.87,227.86,611.88,544.91,376.69,291.36,416.13,67.63,99.77,232.95
2025-06-03,11.47,203.27,117.31,30.06,205.71,131.1,398.51,21.15,256.85,213.43,31.3,112.32,47.09,NaN,349.4,99.86,45.27,258.91,1055.59,NaN,48.83,113.6,19.91,54.03,102.88,83.8,66.4,30.1,167.71,166.18,71.72,60.4,50.49,63.9,20.29,39.81,47.32,154.42,139.5,11.03,32.6,8.3,666.85,462.97,387.43,141.22,70.91,198.96,NaN,47.37,166.85,2.02,527.3,217.11,6.93,35.79,26.72,59.2216,24.59,88.0,92.32,8.37,38.64,13.66,9.93,70.93,596.09,22.64,2.39,73.28,82.53,24.6,32.74,230.89,621.63,548.0,378.85,293.37,419.19,67.3,99.98,236.45
2025-06-04,11.42,202.82,118.58,30.71,207.23,130.3,416.52,21.19,261.08,211.98,31.4,112.34,46.51,NaN,349.33,100.23,45.09,256.0,1051.69,NaN,48.98,113.49,19.88,53.85,101.62,82.72,66.82,29.95,169.39,168.05,72.27,59.64,50.51,63.827,20.25,39.64,47.29,153.22,138.43,11.06,32.27,8.36,687.95,463.87,378.1,141.92,72.04,210.02,NaN,50.28,165.95,2.05,528.77,217.68,8.07,35.75,26.91,59.2998,24.51,87.48,87.91,8.45,39.82,13.46,10.16,71.08,595.93,22.48,2.47,73.87,83.45,25.0,33.08,230.77,623.31,547.65,379.63,293.34,420.69,67.74,99.35,236.8
2025-06-05,11.27,200.63,115.69,31.86,207.91,130.28,414.14,20.97,259.93,209.02,31.28,112.35,45.14,NaN,348.96,100.28,45.24,244.2,1010.81,NaN,48.84,112.53,19.15,53.72,103.5,80.25,66.48,29.45,169.81,168.21,72.51,57.87,50.5,63.9686,19.99,36.66,47.1,153.66,135.3,10.88,32.46,7.96,684.62,467.68,368.79,139.99,72.65,206.9,NaN,49.54,162.8,1.97,524.79,216.02,7.32,35.77,26.45,59.7043,24.54,87.24,87.27,8.2,39.12,13.67,9.47,70.83,593.05,22.99,2.6,72.15,84.67,25.66,33.17,230.43,620.52,545.09,376.69,291.72,417.67,67.83,97.96,236.13
2025-06-06,11.78,203.92,116.19,31.48,213.57,133.45,417.89,21.74,246.93,210.8,31.4,112.4,46.19,NaN,353.35,98.95,46.28,251.27,1014.94,107.7,50.95,113.9,18.81,54.26,104.94,82.23,65.59,29.58,174.92,173.68,74.88,59.26,50.51,64.74,20.06,39.02,47.35,155.03,133.55,11.71,33.48,7.94,697.71,470.38,374.47,141.72,74.63,207.68,NaN,50.17,164.02,2.06,529.92,218.16,8.16,35.93,28.92,60.6684,24.88,88.25,87.25,8.27,39.15,14.24,10.11,71.39,599.14,22.35,3.06,74.21,85.6,25.7,33.64,232.89,626.42,550.66,380.76,295.12,421.99,68.01,97.47,238.36
2025-06-09,11.76,201.45,121.73,33.09,216.98,133.51,383.6,22.35,244.28,217.51,31.4,112.39,48.13,NaN,358.07,99.02,46.58,256.63,1006.18,115.25,51.2,115.66,19.56,54.08,102.08,85.67,65.9,30.34,177.63,176.09,73.4,61.77,50.52,65.095,20.48,40.06,48.0,155.23,132.69,11.79,33.57,8.21,694.06,472.75,392.12,142.63,75.46,213.08,NaN,52.38,162.56,1.97,530.7,218.52,8.8,37.26,29.64,61.4853,25.01,88.21,87.86,8.5,41.82,14.1,10.02,70.98,599.68,22.27,3.1,74.54,87.12,26.15,35.18,233.71,629.14,551.25,381.0,295.36,422.37,68.17,97.45,239.53
2025-06-10,11.84,202.67,123.24,34.45,217.61,135.62,383.61,22.06,244.63,215.73,31.6,112.42,48.55,NaN,358.57,99.89,46.82,254.94,1007.27,105.91,51.68,118.73,21.02,54.24,101.63,86.35,65.93,30.15,180.01,178.6,72.51,62.29,50.52,65.11,22.08,39.74,47.62,156.45,133.04,11.21,34.36,8.14,702.4,470.92,391.18,143.96,79.33,218.72,NaN,53.8,162.84,2.045,534.21,219.95,8.59,37.72,27.17,60.8534,25.13,88.27,89.48,8.49,41.59,14.39,9.79,71.16,603.08,21.81,2.98,75.98,86.39,25.93,34.05,234.64,631.77,554.39,382.94,296.92,424.68,68.42,97.32,240.87
2025-06-11,11.06,198.78,121.14,29.67,213.2,138.03,383.43,22.34,252.91,214.0,31.53,112.43,48.21,NaN,363.14,99.43,47.43,250.68,996.78,117.2,49.17,119.52,21.31,53.97,102.02,85.77,66.27,28.55,178.79,177.35,74.88,61.84,50.54,64.93,20.68,39.7,47.08,155.26,132.85,11.22,33.49,8.2,694.14,472.62,387.11,142.83,78.73,217.41,NaN,51.78,162.11,2.0,532.41,219.22,8.43,37.84,27.36,61.1163,25.0,88.4,89.56,8.57,40.23,15.06,9.74,70.94,601.36,22.06,2.91,75.2,86.58,26.0225,35.87,233.8,629.27,552.86,382.01,296.13,423.29,68.48,95.8,240.34
2025-06-12,10.9,199.2,118.5,29.23,213.24,138.11,380.58,22.08,256.07,203.75,31.41,112.43,47.3,NaN,360.96,100.03,47.72,241.05,1002.71,106.54,48.88,118.61,20.39,54.19,101.66,84.19,67.1,22.14,176.97,175.7,73.84,60.7,50.55,64.08,20.77,38.71,47.15,156.66,133.89,10.89,32.58,7.96,693.36,478.87,379.76,145.0,81.05,217.4,NaN,52.98,163.18,1.97,533.66,219.72,8.75,37.86,26.4,61.2131,24.93,88.5,87.93,8.3,41.3,14.9,9.47,71.1,603.75,21.92,2.92,75.69,85.62,26.02,36.01,233.45,633.79,554.95,383.75,297.08,424.14,68.86,94.83,242.57
2025-06-13,10.37,196.45,116.16,29.35,212.1,132.11,364.49,21.68,248.7,200.32,30.91,112.45,46.61,NaN,357.05,98.39,46.19,242.71,990.21,133.56,47.04,117.94,19.14,53.41,100.83,82.83,67.97,22.14,175.88,174.67,72.6,59.74,50.55,63.13,20.14,37.84,45.89,157.1,130.84,10.45,31.73,7.93,682.87,474.96,382.87,141.97,79.83,210.9,NaN,51.02,160.28,1.85,526.96,216.94,8.34,37.55,25.41,61.2064,24.5,87.36,82.13,7.94,42.5,14.09,9.1,69.86,597.0,22.76,3.03,72.83,83.93,25.87,36.13,229.68,623.29,548.77,379.04,293.57,418.33,67.94,94.44,239.17
2025-06-16,10.9,198.42,126.39,29.62,216.1,134.1,370.68,22.07,252.1,201.7,31.27,112.47,48.17,NaN,362.44,99.0,47.04,261.57,984.36,151.06,49.46,119.48,20.16,53.83,101.95,85.65,67.02,23.32,177.94,176.77,76.75,61.8,50.56,63.5072,20.74,38.43,46.58,155.22,130.67,10.84,32.2,8.03,702.12,479.14,382.25,144.69,77.02,217.53,NaN,53.88,160.88,1.77,534.29,219.99,9.19,37.68,26.55,61.3798,24.78,88.97,87.13,8.27,44.21,14.9,9.72,70.47,602.68,21.82,2.91,75.8,85.12,26.82,38.07,232.36,633.85,554.07,384.06,296.47,423.63,68.39,94.29,243.04
2025-06-17,10.56,195.64,127.1,29.88,214.82,132.36,360.45,21.88,249.37,200.26,30.79,112.47,46.41,NaN,357.68,98.81,46.1,253.85,977.72,149.15,47.32,118.13,19.14,53.41,102.88,82.5,67.05,22.99,177.23,175.95,74.95,59.5,50.57,62.55,20.8,38.04,45.93,152.38,128.93,10.23,31.44,7.99,697.23,478.04,375.18,144.12,74.34,212.83,NaN,52.94,158.52,1.72,529.08,217.82,7.32,37.26,26.42,61.4413,24.52,88.96,85.69,8.18,44.09,14.43,9.34,69.89,597.53,22.47,2.9,73.56,84.76,26.1,37.56,230.16,629.19,549.35,380.51,294.0,420.27,67.55,94.25,241.32
2025-06-18,10.58,196.58,126.79,30.83,212.52,133.09,344.37,21.97,251.26,197.68,31.04,112.46,46.01,NaN,359.8,99.38,47.07,295.29,974.9,199.59,47.56,117.86,18.88,53.42,100.82,81.76,66.69,23.44,173.98,173.32,78.35,58.97,50.59,63.02,21.49,39.63,46.12,150.73,127.96,10.16,31.16,7.96,695.77,480.24,369.03,145.48,74.01,211.45,NaN,52.26,158.02,1.69,528.99,217.8,7.295,37.73,27.85,61.3589,24.64,89.91,89.16,8.23,46.62,15.36,9.42,69.29,597.44,22.5,3.0,73.46,83.44,26.59,37.77,231.32,631.19,549.24,380.21,294.11,419.6,67.63,95.09,241.61
2025-06-20,10.62,201.0,128.24,30.4,209.69,134.52,324.7,21.99,249.99,198.75,30.45,112.55,45.74,NaN,360.52,100.18,46.86,308.38,980.29,240.28,47.2,117.63,18.27,53.5,99.85,81.33,66.66,23.46,167.73,166.64,78.5,58.67,50.6,63.34,21.08,40.36,45.83,149.79,128.29,10.18,31.39,7.9,682.35,477.4,369.7,143.85,73.77,209.0,NaN,52.82,159.08,1.6,526.83,216.84,6.87,37.21,30.04,61.4565,24.63,89.21,90.8,8.01,46.58,15.2,9.57,69.22,594.28,22.83,2.8,72.45,83.78,26.84,36.77,231.54,628.48,547.72,377.56,293.43,417.45,66.61,96.12,240.54
2025-06-23,10.9,201.5,129.58,32.42,208.47,134.03,335.4,22.37,253.77,201.31,30.74,112.58,45.74,NaN,366.23,102.53,47.21,307.59,1004.48,263.45,48.25,117.75,17.52,54.0,103.15,81.3,66.86,22.82,166.01,165.19,76.35,58.67,50.64,63.47,21.19,41.14,46.09,151.32,130.13,10.0,31.88,8.26,698.53,486.0,367.18,144.17,69.72,210.86,NaN,53.17,161.03,1.48,531.65,218.8,7.18,35.94,32.78,62.0508,24.88,88.38,91.75,7.91,46.95,15.36,9.49,69.92,600.15,22.12,2.88,74.7,85.24,27.43,37.54,233.62,635.15,553.36,382.44,296.25,422.06,67.12,97.87,242.88
2025-06-24,11.37,200.3,138.43,33.53,212.77,139.91,349.48,22.49,263.77,200.94,31.44,112.61,46.85,NaN,373.02,103.19,49.13,344.82,1001.92,222.65,49.56,118.65,18.45,54.39,104.42,83.24,65.82,23.29,167.74,166.77,82.01,60.06,50.645,64.015,22.55,40.86,46.59,152.19,129.95,10.34,31.86,8.35,712.2,490.11,377.02,147.9,70.73,218.51,NaN,54.21,160.36,1.5,539.78,222.15,7.14,35.78,33.46,62.1083,25.22,89.32,94.43,8.32,47.34,15.85,9.82,70.53,606.78,21.11,2.89,78.1,91.65,27.73,38.67,236.16,646.58,559.44,388.5,299.71,428.36,68.14,98.0,247.24
2025-06-25,11.06,201.56,143.4,34.045,211.99,137.73,338.8,22.73,264.65,198.9,31.54,112.62,47.78,NaN,371.58,101.82,49.13,355.37,986.54,198.62,48.31,119.42,18.4,53.79,103.69,84.89,66.03,23.55,171.49,170.68,82.75,61.275,50.655,64.31,22.2,38.11,46.4,152.28,128.15,10.04,31.34,8.06,708.68,492.27,388.67,154.31,67.35,216.28,NaN,53.74,158.97,1.29,541.16,222.73,7.08,35.55,32.35,62.2899,24.87,89.8,93.37,8.03,47.25,16.08,9.57,69.96,607.12,20.7,2.92,78.48,90.9,27.62,37.84,233.78,652.02,559.72,388.9,299.36,430.27,67.96,97.26,249.35
2025-06-26,11.13,201.0,143.68,36.68,217.12,139.35,347.45,23.6,270.17,202.58,32.28,112.63,47.69,NaN,381.88,100.35,50.67,375.07,982.91,213.63,48.97,121.46,18.46,54.22,103.86,84.75,65.96,23.88,174.43,173.54,84.52,61.14,50.68,64.87,22.5,41.12,46.51,152.01,126.84,11.36,31.52,8.11,726.09,497.45,386.44,155.02,67.7,218.3,NaN,53.65,158.63,1.45,546.22,224.81,7.48,36.11,36.14,64.0,25.25,89.44,94.11,8.14,47.44,16.77,9.92,70.27,611.87,20.14,3.15,80.63,93.12,28.54,38.71,236.95,656.93,564.15,392.42,301.94,433.69,68.63,96.02,251.07
2025-06-27,11.28,201.08,143.81,36.44,223.3,142.92,333.78,23.84,269.35,214.55,32.52,112.65,47.32,NaN,384.71,100.65,51.17,353.43,985.14,180.43,49.59,122.34,18.27,54.14,103.11,84.16,64.77,23.59,178.27,178.53,83.03,60.72,50.7,65.11,22.69,40.25,47.37,152.41,127.89,10.96,32.16,8.22,733.63,495.94,383.88,157.75,68.51,217.04,NaN,52.93,159.86,1.41,548.09,225.59,7.17,35.73,35.38,64.1347,25.27,89.98,96.5,8.72,47.15,17.18,9.83,70.81,614.91,19.94,3.05,81.42,91.53,28.74,38.07,237.37,656.54,566.95,395.11,303.31,436.4,68.91,97.27,250.77
2025-06-30,11.22,205.17,141.9,36.69,219.39,141.87,350.08,24.16,275.65,209.53,32.65,112.68,47.75,NaN,388.21,102.73,51.4,350.49,989.94,181.29,49.18,124.01,19.07,54.31,105.72,84.83,65.52,24.39,177.39,176.23,93.63,61.21,50.71,64.88,22.4,42.97,46.83,152.75,128.92,10.87,32.44,8.3,738.09,497.41,404.23,157.99,69.02,218.49,NaN,52.41,159.32,1.44,551.64,227.1,7.28,35.9,35.77,64.4316,25.3,91.24,98.99,8.69,45.35,18.21,10.73,71.26,617.85,19.57,3.15,83.0,93.3,28.74,38.81,236.98,663.28,568.03,396.54,303.93,438.4,69.09,97.78,253.23
2025-07-01,11.52,207.82,136.11,35.98,220.46,141.63,336.69,23.39,264.74,209.79,32.14,112.65,46.66,NaN,390.92,103.72,52.82,335.33,985.96,192.53,49.0,123.49,18.19,55.09,102.43,82.96,66.09,23.68,176.91,175.84,92.33,59.84,50.515,64.58,22.85,40.1,49.45,155.92,131.61,10.65,33.41,8.64,719.22,492.05,373.3,153.3,69.82,221.21,NaN,53.6,161.22,1.4,546.99,225.11,6.92,36.09,34.33,64.4465,25.55,91.17,99.26,9.35,44.96,17.64,10.48,71.7,617.65,20.07,3.28,80.89,92.13,28.59,37.42,239.44,656.44,567.77,393.18,303.93,433.97,69.11,98.24,250.97
2025-07-02,11.63,212.44,138.52,39.19,219.92,142.78,336.0,23.62,269.9,212.03,32.49,112.66,48.64,NaN,398.43,103.17,54.45,354.45,982.36,177.97,50.13,122.98,19.75,55.23,102.21,86.43,66.47,23.95,179.76,178.64,97.98,62.42,50.52,64.64,21.88,44.75,50.39,155.56,132.36,10.71,33.99,8.82,713.57,491.09,402.28,157.25,69.82,231.15,NaN,55.95,161.2,1.4,550.8,226.71,7.14,36.54,35.68,64.9215,25.9,91.34,106.36,9.38,46.21,18.12,11.25,71.73,620.45,19.66,3.35,82.5,92.05,29.09,37.71,241.72,664.77,570.29,396.0,305.51,437.26,69.33,97.61,253.62
2025-07-03,11.69,213.55,137.91,39.9,223.41,144.47,341.64,23.93,275.18,215.92,32.79,112.705,48.41,NaN,397.86,102.92,55.7,355.8,987.02,188.77,50.86,124.0,19.49,55.34,105.66,86.07,66.04,23.59,180.55,179.53,94.4,62.19,50.53,64.9,22.49,44.39,50.43,156.01,132.12,10.79,34.08,8.99,719.01,498.84,403.99,159.34,69.17,232.1,NaN,56.6,160.83,1.41,556.22,228.92,7.08,36.52,35.66,66.08,26.08,91.48,107.24,9.27,46.41,18.57,11.09,72.11,625.34,19.13,3.31,84.81,93.63,29.47,37.9,243.21,674.02,575.22,399.75,308.03,441.98,69.49,98.36,256.96
2025-07-07,11.59,209.95,134.8,40.26,223.47,141.53,345.0,24.07,274.18,218.63,32.16,112.74,47.89,NaN,391.51,101.85,54.99,357.1,992.18,207.46,50.0,123.16,19.26,55.02,106.65,85.04,66.09,22.62,177.56,176.79,93.46,61.4,50.54,64.33,22.0,45.2,49.87,155.27,131.65,10.41,33.81,8.59,718.35,497.72,395.67,158.24,69.32,226.0,NaN,54.61,160.5,1.43,552.03,227.18,6.79,36.07,38.88,65.8787,25.73,92.6,105.94,9.19,45.22,19.24,11.38,71.77,620.68,19.56,3.29,82.92,96.68,29.62,37.98,240.64,668.08,570.61,397.34,305.6,438.71,68.63,99.35,254.92
2025-07-08,11.58,210.01,137.82,38.93,219.36,145.01,344.75,24.15,271.8,218.52,32.36,112.76,48.2,NaN,394.29,102.58,55.8,354.82,985.84,204.81,50.52,121.82,19.78,55.02,107.54,85.64,65.4,22.75,175.16,174.36,91.27,61.82,50.535,64.29,23.59,44.97,50.6,155.79,131.4,10.68,33.98,8.94,720.67,496.62,396.94,160.0,69.64,232.34,NaN,57.615,157.89,1.4,552.34,227.35,6.9,36.2,38.74,65.9221,25.87,91.95,105.55,9.32,46.17,19.95,12.71,71.63,620.34,19.53,3.43,83.03,97.48,29.97,37.02,241.77,671.23,570.23,396.27,305.58,438.32,69.07,97.09,256.29
2025-07-09,11.48,211.14,138.41,39.91,222.54,146.65,352.74,24.3,277.9,226.6,32.77,112.77,49.57,NaN,402.18,103.41,56.87,373.85,982.09,200.68,50.7,120.61,20.97,55.17,107.65,88.08,65.65,23.19,177.66,176.62,94.54,63.58,50.55,64.35,23.44,45.56,51.36,156.28,131.49,10.86,34.54,8.81,732.78,503.51,415.41,162.88,69.69,230.42,NaN,57.77,157.52,1.39,556.25,228.97,6.89,35.86,39.14,66.227,26.12,92.32,108.75,9.12,46.2,20.22,12.9,71.8,624.06,19.13,3.37,84.75,96.64,29.93,36.73,243.59,676.85,573.61,400.01,307.5,442.5,69.38,96.81,257.83
2025-07-10,12.94,212.41,144.16,39.715,222.26,148.21,346.32,24.67,275.4,226.09,32.54,112.77,50.27,NaN,408.33,103.97,58.5,388.96,970.17,202.9,56.78,121.56,21.35,55.52,100.2,89.3,65.83,23.1,178.7,177.62,98.7,64.5,50.56,64.3,23.82,45.93,52.41,157.69,131.95,11.18,37.35,8.92,727.24,501.48,421.74,164.1,71.01,233.19,NaN,59.52,158.49,1.4,555.45,228.63,6.78,35.79,39.1,66.4969,26.23,93.04,111.19,9.34,46.95,20.97,12.29,71.81,625.82,19.21,3.66,84.36,96.4,30.14,37.03,244.8,674.58,575.29,400.31,308.32,442.38,69.48,94.86,256.98
2025-07-11,12.22,211.16,146.42,39.17,225.02,147.18,335.1,24.97,274.38,226.84,32.27,112.8,52.38,NaN,405.92,102.76,58.35,387.06,970.33,187.33,56.65,119.87,22.8,54.9,99.06,93.04,66.48,23.33,181.31,180.19,98.34,67.21,50.58,63.51,23.43,41.81,52.41,156.9,129.38,10.86,37.13,8.81,717.51,503.32,434.58,164.92,68.93,228.92,NaN,59.73,157.05,1.39,554.2,228.13,8.57,35.65,39.03,66.1394,25.93,91.97,110.99,9.11,46.09,21.2,11.57,71.19,623.62,19.37,3.59,83.72,95.39,29.73,37.51,242.3,670.33,573.22,399.24,307.02,441.63,69.0,94.4,255.85
2025-07-14,12.38,208.62,146.24,40.71,225.69,148.53,355.9,25.49,275.6,230.51,32.28,112.81,53.14,NaN,405.77,103.24,58.97,394.01,980.91,204.7,58.11,119.97,22.75,55.0,102.97,94.38,66.23,23.7,182.81,181.56,99.96,68.18,50.58,63.75,23.3,42.41,52.12,156.82,127.46,11.07,37.7,9.01,720.92,503.02,451.02,164.07,68.94,224.61,NaN,59.07,153.76,1.4,556.21,228.94,10.33,35.77,43.21,66.9413,26.07,92.7,111.45,9.54,42.48,21.33,11.45,71.43,624.81,19.18,3.54,84.61,93.89,30.07,38.97,243.16,670.36,574.35,400.66,307.72,443.22,69.07,95.78,255.64
2025-07-15,12.17,209.11,155.61,40.96,226.35,145.72,352.96,25.58,280.94,230.0,32.33,112.82,51.61,NaN,404.64,101.95,57.64,388.02,967.68,195.33,55.71,118.98,23.05,53.93,104.93,91.63,65.95,23.22,183.1,182.0,99.54,66.16,50.58,63.98,22.92,41.47,50.93,155.17,126.75,11.08,37.13,8.84,710.39,505.82,442.31,170.7,67.22,221.06,NaN,58.93,152.68,1.49,556.72,229.17,10.27,35.16,44.6,66.7636,25.62,91.61,110.7,9.48,42.72,20.96,11.3,70.77,622.14,19.13,3.51,84.83,92.21,30.12,39.18,239.19,676.05,571.86,401.12,306.1,444.16,68.73,95.39,257.91
2025-07-16,12.27,210.16,160.08,41.07,223.19,152.71,355.5,26.43,280.81,229.9,32.56,112.84,52.86,NaN,412.88,103.79,58.19,398.2,951.37,233.2,55.56,119.82,25.63,54.19,103.44,93.9,66.28,23.68,183.77,182.97,103.25,67.83,50.59,64.72,22.69,43.54,51.29,164.78,127.63,11.22,37.41,9.23,702.91,505.62,455.9,171.37,67.04,220.58,NaN,59.52,153.73,1.45,557.29,229.42,11.46,35.52,47.69,67.2084,25.84,91.26,110.51,9.66,41.36,21.39,11.78,71.0,624.22,19.07,3.29,85.07,90.75,30.47,39.99,240.76,679.05,573.74,402.28,307.26,445.42,69.03,95.15,258.71
2025-07-17,12.45,210.02,160.41,41.38,223.88,156.05,363.78,27.44,286.45,231.0,33.22,112.86,52.73,NaN,418.07,104.24,60.11,410.75,953.91,235.08,56.34,122.21,25.88,54.73,104.92,93.66,66.11,23.4,184.7,183.58,105.45,67.65,50.605,64.49,22.8,44.84,50.91,162.98,127.91,12.25,36.47,9.39,701.41,511.7,451.34,173.0,65.29,224.5,NaN,59.41,155.62,1.49,561.8,231.25,12.21,35.61,51.33,68.5924,26.18,93.1,114.96,9.91,41.52,22.09,12.64,71.56,628.04,18.62,3.23,87.05,90.5,31.47,40.42,243.66,685.92,577.18,405.22,309.26,448.08,69.28,95.09,261.06
2025-07-18,12.51,211.18,156.99,42.72,226.13,152.0,364.46,27.4,283.34,229.34,33.16,112.89,52.0,NaN,413.71,105.14,60.17,419.78,950.95,223.78,56.29,121.42,26.92,54.74,105.42,92.36,66.31,23.28,185.94,185.06,109.74,66.68,50.62,64.06,23.1,46.51,50.35,163.7,127.53,12.41,36.51,9.26,704.28,510.05,423.22,172.41,64.31,225.9,NaN,60.72,155.1,1.45,561.26,231.05,11.27,34.83,51.39,68.5197,26.08,95.8,115.06,10.01,42.19,21.81,12.81,71.37,627.58,18.7,3.22,86.75,90.59,31.4027,40.93,243.27,685.53,576.92,405.08,309.09,448.39,69.11,95.05,260.89
2025-07-21,12.32,212.48,157.0,42.3,229.3,148.69,366.17,26.84,288.21,229.32,33.01,112.92,51.73,NaN,410.07,106.4,59.74,413.63,947.56,216.1,56.04,120.84,28.32,54.51,106.94,91.84,67.31,24.2,191.15,190.1,104.34,66.33,50.635,64.27,23.26,44.43,51.36,164.36,126.71,11.25,36.86,9.13,712.965,510.06,426.28,171.38,64.92,228.27,NaN,60.55,155.03,1.49,564.17,232.22,9.415,34.93,47.19,67.7232,25.96,96.25,114.81,9.88,41.61,21.16,11.7,71.44,628.77,18.42,3.24,88.07,91.16,30.88,40.14,241.71,686.49,577.95,406.56,309.44,450.0,69.53,95.67,261.23
2025-07-22,12.5,214.4,154.72,41.23,227.47,149.65,350.0,26.35,278.59,228.48,32.88,112.93,52.91,NaN,417.19,110.25,59.71,404.44,941.61,198.31,55.67,121.06,27.81,55.26,104.81,93.9,67.96,24.26,192.11,191.34,101.85,67.82,50.645,64.27,23.24,41.94,52.65,167.93,128.89,11.28,37.17,9.2,704.81,505.27,426.4,167.03,66.78,228.0,NaN,62.45,158.32,1.5,561.25,231.05,8.98,35.41,46.88,67.2074,26.2,95.39,117.15,10.35,41.36,20.98,11.34,71.7,628.86,18.71,3.45,86.7,91.79,30.6734,40.22,244.81,679.79,577.95,403.91,309.8,447.28,69.82,95.85,258.81
2025-07-23,12.68,214.15,158.65,42.96,228.29,151.85,362.12,27.18,283.69,233.88,34.53,112.93,52.49,NaN,427.59,109.73,61.05,397.81,941.19,202.41,55.98,122.94,27.17,55.64,105.06,93.16,67.13,23.96,191.51,190.23,102.08,67.29,50.65,64.11,23.49,43.28,54.1,169.1,127.73,13.37,37.44,9.42,713.58,505.87,412.67,170.78,70.03,224.71,NaN,59.61,158.28,1.49,563.81,232.1,9.56,36.31,49.15,69.0236,26.53,95.15,119.46,10.07,43.0,21.56,12.2,72.48,634.21,18.47,3.44,87.84,89.94,31.6,41.21,247.42,685.19,582.86,407.67,312.41,450.4,71.07,95.68,260.29
2025-07-24,11.46,213.76,162.12,43.01,232.23,151.64,359.94,26.46,288.71,231.27,34.49,112.94,52.77,NaN,429.52,113.91,62.31,396.7,933.8,193.08,54.71,121.95,28.38,55.37,104.77,93.68,66.72,23.53,193.2,192.17,101.93,67.66,50.65,63.51,22.63,43.9,54.8,169.56,127.75,12.79,33.26,9.13,714.8,510.88,414.92,173.74,70.73,224.43,NaN,55.44,158.81,1.46,565.01,232.59,9.9,35.1,48.13,68.2193,26.2,96.5,118.33,9.74,42.06,21.51,11.96,72.48,634.42,18.35,3.44,88.42,90.87,30.9891,42.16,245.19,687.13,583.26,408.53,312.3,452.27,70.59,96.6,261.39
2025-07-25,11.5,213.88,166.47,43.2,231.44,151.13,364.14,26.68,290.18,233.06,34.33,112.98,51.77,NaN,433.75,111.48,63.45,391.66,935.48,192.86,54.86,121.47,27.58,55.65,104.82,91.87,66.09,23.33,194.08,193.18,104.85,66.36,50.67,63.14,20.7,43.17,55.68,168.3,127.38,12.82,33.21,9.03,712.68,513.71,405.89,173.5,71.7,223.29,NaN,56.92,158.3,1.49,566.37,233.14,9.46,35.27,47.43,68.1669,26.35,97.06,120.34,9.77,42.48,21.2,11.71,72.92,637.1,18.25,3.44,88.92,91.29,30.71,41.83,246.7,688.69,585.58,410.68,313.69,454.23,70.48,97.47,261.99
2025-07-28,11.58,214.05,173.66,43.76,232.79,148.7,370.96,26.35,294.3,236.41,34.26,112.99,52.33,NaN,432.94,108.8,62.95,379.49,933.99,185.36,55.61,120.37,28.79,55.34,104.88,92.88,65.69,22.98,193.42,192.58,106.77,67.1,50.68,62.85,20.68,42.34,55.5,166.22,126.86,12.83,32.52,8.83,717.63,512.5,403.8,176.75,69.0,228.49,NaN,58.66,157.11,1.49,568.14,233.89,9.05,34.88,45.11,68.1108,26.28,97.91,120.01,9.69,41.89,21.02,11.24,72.69,636.94,18.08,3.43,89.785,90.6,30.2,40.99,245.7,694.14,585.44,412.06,313.6,455.94,69.57,97.61,264.08
2025-07-29,11.42,211.27,177.44,43.48,231.01,147.82,361.63,25.87,297.42,226.08,33.86,113.01,52.04,NaN,430.05,109.33,62.7,371.44,934.57,181.64,54.5,119.91,28.49,55.24,104.77,92.38,65.85,22.55,196.43,195.75,103.32,66.71,50.685,63.16,20.41,40.53,54.44,168.11,127.93,11.75,31.1,8.53,700.0,512.57,394.66,175.51,53.94,226.74,NaN,58.38,156.61,1.46,567.26,233.54,8.24,34.92,43.79,67.7433,26.13,97.91,118.55,9.33,42.93,22.4,10.69,72.48,635.26,18.17,3.36,89.38,87.11,29.735,40.25,244.98,692.93,583.92,410.34,312.61,453.79,69.53,98.33,264.09
2025-07-30,11.51,209.05,179.51,43.94,230.19,145.46,363.31,26.19,302.62,225.84,33.7,113.04,51.77,NaN,434.12,106.97,61.97,377.48,927.51,190.5,53.6,119.54,28.48,54.81,101.71,91.88,64.73,22.45,197.44,196.53,106.1,66.37,50.695,62.29,20.34,39.88,53.63,167.26,125.29,11.55,30.71,8.38,695.21,513.24,395.04,179.27,50.03,220.94,NaN,58.05,152.88,1.45,568.02,233.8,8.19,34.62,46.44,68.1342,26.03,98.57,116.99,9.32,43.39,21.87,10.39,72.0,634.46,18.1,3.1,89.69,87.64,29.95,40.09,244.07,694.45,583.21,411.18,312.25,454.82,69.03,97.59,264.68
2025-07-31,11.49,207.57,176.31,56.85,234.11,145.32,390.7,26.11,293.7,221.84,33.47,113.04,51.7,NaN,438.02,105.09,60.66,377.76,939.64,183.52,53.21,119.11,28.27,54.61,99.9,91.78,65.15,22.45,192.86,191.9,103.05,66.32,50.69,62.6898,19.8,39.87,46.74,164.74,124.62,11.16,30.93,8.26,773.44,533.5,401.86,177.87,47.07,213.77,NaN,56.36,150.47,1.43,565.01,232.57,8.28,34.16,45.92,67.8339,25.75,97.73,116.1,9.43,42.92,22.58,10.33,71.38,632.08,18.42,3.07,88.21,87.75,29.66,39.36,241.55,690.47,581.02,410.85,310.89,455.18,68.47,97.98,262.74
2025-08-01,11.03,202.38,171.7,53.75,214.75,138.29,379.17,25.55,288.64,221.9,33.12,113.09,50.05,NaN,428.69,106.88,58.71,314.69,952.52,168.1,51.15,116.59,26.51,54.21,97.36,88.89,66.46,22.1,189.95,189.13,99.9,64.22,50.555,63.45,19.31,38.12,46.41,167.33,130.64,10.61,29.8,8.09,750.01,524.11,366.63,173.72,48.19,209.92,NaN,56.82,150.65,1.32,553.88,228.02,8.2,31.75,44.81,67.1553,25.29,95.53,112.32,9.05,41.33,21.23,10.11,70.81,621.72,19.52,3.08,82.92,86.91,29.4575,38.22,237.58,674.4,571.45,403.24,305.74,445.04,68.24,98.49,257.07
2025-08-04,11.27,203.35,176.78,55.52,211.65,142.02,395.01,26.52,297.72,222.34,33.97,113.1,50.83,NaN,433.7,107.19,60.43,318.17,955.37,164.82,52.52,119.35,27.75,55.27,98.55,90.23,66.85,22.63,195.75,195.04,106.37,65.2,50.57,63.04,19.5,39.86,46.06,171.04,133.14,11.2,29.75,8.4,776.37,535.64,389.24,180.0,48.81,211.99,NaN,47.97,150.76,1.33,564.1,232.22,8.83,32.74,44.54,68.8852,25.82,97.1,116.27,9.47,42.51,21.81,10.64,71.73,631.17,18.45,3.09,87.46,88.43,30.1271,39.49,241.3,689.73,580.14,410.31,310.53,453.6,69.08,99.59,262.29
2025-08-05,11.64,202.92,174.31,55.62,213.75,145.54,377.93,26.58,292.93,224.86,33.93,113.11,50.32,NaN,434.23,104.94,60.1,297.99,943.63,153.93,52.87,118.32,27.02,54.85,96.21,89.38,66.91,22.81,195.32,194.67,105.46,64.55,50.58,63.03,20.19,42.02,46.11,170.74,134.21,11.47,29.92,8.05,763.46,527.75,375.46,178.26,47.22,208.47,NaN,47.24,150.51,1.34,560.27,230.6,10.01,33.43,44.75,69.1448,25.88,96.44,115.45,9.39,41.93,21.54,11.17,71.01,627.97,18.84,3.07,85.64,89.39,30.2953,40.43,241.39,683.55,577.35,407.62,309.16,449.69,69.26,99.31,260.12
2025-08-06,11.74,213.25,163.12,54.87,222.31,145.87,390.57,26.31,301.67,225.04,33.6,113.12,51.07,NaN,427.72,105.29,62.9,303.58,968.56,161.71,54.12,115.17,27.91,55.08,96.58,90.68,66.77,22.81,196.92,196.09,105.65,65.51,50.575,62.66,20.41,41.23,46.33,170.59,136.68,10.5,29.71,8.19,771.99,524.94,383.41,179.42,45.38,205.92,NaN,46.98,152.86,1.31,567.32,233.52,9.48,33.41,44.1,69.6694,25.84,96.71,114.16,7.78,42.1,21.46,10.8,71.57,632.78,18.13,3.05,88.84,89.22,31.0016,41.19,240.73,691.85,581.64,412.25,311.25,455.78,69.71,103.36,263.05
2025-08-07,11.73,220.03,172.4,54.3,223.13,141.11,437.34,26.18,303.76,227.33,33.43,113.13,52.08,NaN,417.12,106.21,61.57,310.79,977.45,152.93,53.63,112.88,29.31,54.86,75.3,92.44,67.3,22.65,197.28,196.52,111.23,66.83,50.575,63.17,19.77,40.49,48.04,171.53,136.77,10.05,29.56,8.14,761.83,520.84,402.01,180.77,48.76,205.91,NaN,47.59,153.49,1.32,569.24,234.35,9.33,33.25,44.21,69.2112,25.79,95.99,115.2,7.54,40.69,22.08,10.72,71.35,632.25,17.955,3.11,89.74,92.67,30.23,40.59,240.33,693.2,581.29,410.96,311.07,455.71,70.21,103.12,263.29
2025-08-08,11.62,229.35,172.76,50.99,222.69,141.97,455.98,26.39,304.97,229.12,33.6,113.18,51.56,NaN,416.52,104.5,62.23,310.54,980.98,159.03,53.64,112.43,30.79,54.9,74.39,91.58,67.3,22.27,202.09,201.42,114.63,66.13,50.59,62.7,19.95,41.85,47.55,173.33,136.16,9.81,29.62,8.02,769.3,522.04,395.13,182.7,51.08,207.16,NaN,47.66,153.51,1.33,574.55,236.52,9.33,33.25,44.69,69.0721,25.77,97.08,116.06,7.41,44.34,22.1,13.55,71.97,637.18,17.48,3.17,92.16,89.56,30.1378,39.95,240.12,699.35,585.74,413.86,313.03,459.14,70.44,103.73,265.92
2025-08-11,11.58,227.18,172.28,52.15,221.3,142.12,465.58,26.34,303.9,225.96,33.31,113.18,52.74,NaN,408.54,103.78,62.4,319.62,988.74,161.17,53.5,112.55,32.25,54.68,74.57,93.59,66.37,22.41,201.63,201.0,113.62,67.64,50.59,62.97,20.65,44.94,47.16,173.82,134.15,10.15,29.06,8.0,765.87,521.77,400.25,182.06,49.87,205.16,NaN,47.1,154.98,1.38,572.85,235.83,9.365,33.25,45.02,68.9882,25.71,97.63,114.86,7.19,43.37,22.42,15.9,71.76,635.92,17.66,3.1,91.35,90.58,30.09,39.63,239.46,695.26,584.54,413.36,312.31,458.2,70.22,103.93,264.12
2025-08-12,12.98,229.65,174.95,55.885,221.47,144.6,467.0,26.95,312.83,232.61,33.88,113.2,53.02,NaN,412.71,102.33,64.76,322.62,991.25,163.21,58.44,113.72,34.25,55.58,78.47,94.06,66.27,22.93,204.16,203.34,114.09,67.95,50.605,63.35,21.81,43.0,48.36,172.78,133.64,10.46,30.72,8.33,790.0,529.24,394.39,183.16,49.78,220.05,NaN,50.01,155.09,1.35,580.05,238.78,9.5,33.92,43.43,70.0826,26.41,98.69,116.78,7.27,46.83,23.65,15.98,72.39,642.69,16.98,3.17,94.72,91.73,30.5528,40.41,245.16,706.07,590.78,417.64,316.13,462.96,71.0,103.62,268.21
2025-08-13,13.11,233.33,184.42,54.09,224.56,140.95,446.4,27.06,309.09,233.37,34.27,113.22,54.44,NaN,413.7,101.82,65.43,327.01,978.85,153.16,59.42,116.64,35.9,56.51,79.33,96.6,66.49,23.02,203.03,201.96,108.62,69.84,50.615,63.835,22.22,41.21,48.64,174.42,134.81,10.49,30.97,8.41,780.08,520.58,389.9,181.59,50.9,230.52,NaN,51.89,155.41,1.45,580.34,238.91,9.39,34.89,43.0,70.649,26.93,95.59,120.99,7.32,47.01,23.81,16.5,72.95,644.89,16.96,3.39,94.86,90.83,30.9514,39.45,249.95,707.29,592.84,417.15,317.66,462.86,71.46,100.99,268.31
2025-08-14,12.82,232.78,180.95,52.16,230.98,140.68,433.34,26.74,311.23,233.19,33.91,113.22,52.27,NaN,417.5,101.05,64.91,324.89,975.39,139.23,58.96,116.31,34.37,56.09,77.25,92.75,66.08,22.89,203.82,202.94,110.71,67.03,50.62,63.385,23.86,41.03,47.76,174.72,133.39,8.99,30.7,8.13,782.13,522.48,372.94,182.02,50.95,231.54,NaN,51.62,153.74,1.42,579.89,238.695,9.37,34.77,42.81,69.29,26.64,97.78,119.3,7.08,46.68,23.29,16.54,72.53,644.95,17.01,3.3,94.6,91.4,30.6761,39.03,246.88,704.47,592.85,417.47,317.19,463.53,71.14,100.85,267.73
2025-08-15,13.17,231.59,177.51,53.06,231.03,139.39,438.68,26.58,306.34,235.26,34.08,113.27,51.82,NaN,407.79,101.69,63.86,317.55,972.04,149.26,60.24,115.39,33.15,55.93,79.11,91.9,66.13,22.94,204.91,203.9,114.17,66.44,50.64,63.72,24.56,40.23,46.6,176.64,132.94,9.085,31.5,8.17,785.23,520.17,366.32,180.45,52.41,228.78,NaN,51.09,154.36,1.34,577.34,237.65,8.41,34.24,44.27,69.2106,26.5,96.11,118.96,7.15,44.54,23.77,15.59,72.06,643.44,17.27,3.27,93.26,92.6,30.68,39.01,246.05,700.05,591.57,416.44,316.47,462.05,71.46,100.0,265.7
2025-08-18,13.17,230.89,176.14,53.46,231.49,139.39,438.54,26.57,305.76,232.41,34.07,113.3,51.51,NaN,412.64,100.55,63.45,320.73,979.35,141.58,61.09,116.55,32.97,55.89,80.76,91.39,66.01,23.11,204.29,203.5,115.02,66.05,50.64,65.75,23.66,40.23,46.86,176.25,131.33,9.08,31.31,8.16,767.37,517.1,363.6,182.01,53.75,232.01,NaN,50.53,155.72,1.34,577.11,237.57,9.19,33.89,44.97,69.4697,26.59,96.17,119.32,7.34,45.52,24.23,14.82,72.11,643.3,17.29,3.17,93.14,93.98,30.8296,39.2,246.56,702.08,591.36,416.81,316.59,462.13,71.56,100.7,266.27
2025-08-19,13.22,230.56,166.55,48.82,228.01,137.08,412.6,25.54,294.91,225.0,33.48,113.3,50.07,NaN,416.09,102.42,62.58,302.07,980.85,135.23,60.5,116.27,31.3,56.42,78.09,88.83,65.65,22.82,202.49,201.57,107.5,64.19,50.66,66.44,25.31,36.8,47.32,177.8,132.95,8.69,31.59,8.16,751.48,509.77,336.57,175.64,54.78,229.27,NaN,49.77,158.4,2.37,569.28,234.36,9.01,34.16,40.92,68.08,26.43,95.76,119.34,7.18,44.58,22.75,13.3,72.36,639.81,18.0,3.08,89.34,95.32,29.7852,36.96,246.21,688.81,588.13,411.68,314.67,455.63,71.37,101.29,261.62
2025-08-20,12.8,226.01,165.2,48.11,223.81,135.34,412.38,25.46,291.17,225.62,33.18,113.31,50.62,NaN,420.59,102.86,61.34,304.39,994.57,137.81,59.05,117.04,32.91,56.34,79.61,89.79,66.32,22.63,200.19,199.32,105.34,64.9,50.66,66.88,23.54,36.79,47.01,178.84,133.26,8.65,31.18,8.1,747.72,505.72,344.37,175.4,54.3,228.77,NaN,49.47,159.51,1.84,565.9,232.97,8.99,34.12,40.69,68.3229,26.3,95.51,119.59,7.16,44.4,22.52,12.44,72.41,638.11,18.33,3.09,87.71,93.73,29.7067,36.45,245.0,683.89,586.58,409.74,313.84,453.05,71.46,102.57,259.85
2025-08-21,12.57,224.9,163.71,48.59,221.95,134.01,418.76,25.55,289.6,224.46,32.87,113.33,49.66,NaN,417.89,102.8,62.3,300.28,969.68,131.8,57.84,116.21,31.94,56.1,77.75,88.1,66.1,22.56,200.62,199.75,106.3,63.69,50.665,65.93,23.5,37.17,48.03,178.93,132.97,8.64,31.07,8.33,739.1,504.24,337.58,174.98,55.45,223.93,NaN,48.81,158.73,1.63,563.28,231.92,9.74,34.02,41.53,68.7208,26.32,95.82,115.82,7.05,45.5,23.33,12.23,72.1,635.55,18.59,3.1,86.49,94.23,29.8249,37.18,245.03,682.08,584.27,408.08,312.76,451.18,71.19,97.96,258.91
2025-08-22,13.55,227.76,167.76,50.68,228.84,134.2,441.68,26.24,294.0,230.12,33.81,113.37,51.71,NaN,435.67,103.79,64.71,319.85,958.54,135.04,61.69,118.86,36.59,57.02,80.02,91.73,66.79,22.89,206.72,206.09,109.32,66.25,50.69,66.0406,24.8,39.78,48.89,179.29,133.49,8.965,32.77,8.6,754.79,507.23,358.13,177.99,56.98,234.83,NaN,51.85,158.67,1.69,571.97,235.47,9.82,34.91,44.38,70.3815,27.26,95.83,116.92,7.2,46.37,25.02,12.56,72.71,645.31,17.75,3.17,90.38,96.79,30.7793,39.44,252.41,694.17,593.21,414.4,318.18,458.42,72.35,96.83,262.42
2025-08-25,13.0,227.16,163.36,49.58,227.94,133.89,450.68,26.23,294.23,226.87,33.67,113.4,49.07,NaN,432.3,102.97,63.67,306.0,941.58,125.24,60.41,117.71,33.45,56.63,77.64,87.02,66.64,22.68,209.16,208.49,107.94,62.88,50.7,65.65,24.55,38.68,49.39,178.41,130.75,8.86,32.52,8.44,753.3,504.26,343.2,179.81,56.34,236.67,NaN,50.95,156.15,1.74,570.32,234.78,10.07,34.98,47.22,70.5934,27.04,96.19,115.8,7.0,46.78,26.15,12.11,72.11,642.47,17.92,3.23,89.59,95.16,30.9632,39.49,250.51,692.48,590.7,413.92,316.65,457.62,71.65,96.07,261.83
2025-08-26,13.15,229.31,166.62,52.26,228.71,134.4,469.33,26.545,298.01,234.83,33.8,113.4,49.22,NaN,431.26,101.39,64.87,308.48,941.34,129.05,61.15,117.65,34.82,56.57,77.65,87.31,67.12,22.3,207.95,207.14,108.8,63.1,50.72,65.51,24.35,40.75,48.78,176.49,129.81,8.91,33.4,8.45,754.1,502.04,351.36,181.77,55.34,237.82,NaN,50.99,155.97,1.63,572.61,235.76,9.39,35.07,48.13,71.7933,27.19,97.24,118.55,7.02,47.35,25.62,12.02,72.36,645.16,17.7,3.19,90.63,96.53,33.0,40.45,251.45,696.03,593.06,416.35,318.09,460.15,71.61,96.05,263.03
2025-08-27,13.13,230.49,167.13,52.105,229.12,135.72,462.94,26.39,300.25,235.62,33.8,113.415,49.67,NaN,432.67,100.15,64.72,308.97,949.52,127.4,61.26,118.09,34.56,56.88,78.13,88.07,67.25,22.5,208.21,207.48,102.92,63.65,50.72,65.54,24.85,41.42,48.37,176.79,130.21,8.99,33.19,8.55,747.38,506.74,342.06,181.6,56.44,237.67,NaN,51.25,156.96,1.61,573.49,236.1,8.975,34.97,46.25,71.8908,27.38,96.87,120.29,6.99,48.44,24.96,11.91,72.53,646.63,17.63,3.18,91.04,95.33,33.6563,39.68,252.99,700.92,594.42,416.92,318.94,461.06,71.4,96.08,264.45
2025-08-28,13.25,232.56,168.58,53.84,231.6,136.39,483.75,26.56,308.65,236.16,34.07,113.42,49.58,NaN,434.91,97.74,64.42,308.47,944.96,130.94,61.97,117.64,33.57,56.73,79.29,87.95,67.74,22.79,212.37,211.64,103.69,63.58,50.71,65.61,24.93,43.3,48.96,175.45,128.72,8.9,32.98,8.08,751.11,509.64,338.84,180.17,56.11,239.07,NaN,50.78,155.65,1.47,577.08,237.58,9.04,34.54,47.91,72.38,27.48,97.09,116.25,7.1,50.87,26.04,12.53,72.62,648.92,17.31,3.19,92.7,95.96,33.6688,40.98,253.54,707.87,596.52,419.08,320.1,463.98,71.69,96.11,266.54
2025-08-29,13.37,232.14,162.63,49.9,229.0,136.23,478.59,26.19,297.39,234.68,33.55,113.5,47.93,NaN,419.04,99.14,64.56,304.54,943.32,131.98,61.78,118.38,32.82,56.69,78.77,84.99,68.4,22.41,213.53,212.91,104.03,61.44,50.745,65.11,24.35,42.74,49.68,177.17,129.14,8.77,32.9,7.98,738.7,506.69,334.41,174.18,56.46,234.85,NaN,49.59,157.04,1.45,570.4,234.81,8.94,34.67,48.6,71.603,27.31,95.84,116.96,7.14,52.47,25.54,13.02,72.39,645.05,17.95,3.26,89.36,93.75,33.89,40.67,252.5,697.02,593.08,414.13,318.2,458.62,71.37,96.98,262.45
2025-09-02,13.39,229.72,162.32,48.76,225.34,135.84,481.73,26.0,298.24,237.38,33.3,113.49,49.08,NaN,416.05,98.1,64.43,303.56,938.82,120.14,61.13,118.27,32.3,56.62,76.925,87.02,70.05,23.41,211.99,211.35,100.84,62.97,50.565,66.21,24.21,42.99,49.17,178.06,128.84,8.71,32.25,9.13,735.11,505.12,341.62,170.78,56.38,232.66,NaN,48.94,157.99,1.38,565.62,232.85,8.88,34.51,49.31,71.37,27.18,96.12,116.71,7.33,51.07,24.91,13.42,71.81,640.27,18.4,3.29,87.08,92.81,33.75,40.62,251.2,689.81,588.71,410.85,315.99,454.96,70.87,97.85,259.8
2025-09-03,13.44,238.47,162.13,48.63,225.99,132.63,487.35,25.57,302.39,232.38,33.17,113.52,49.72,NaN,415.12,97.07,63.38,302.31,949.78,118.46,61.27,117.38,33.87,56.55,76.58,88.16,70.58,22.88,231.1,230.66,100.82,63.77,50.575,66.94,24.0,40.97,48.17,178.0,128.0,8.46,32.33,9.34,737.05,505.35,330.26,170.62,56.74,228.2,NaN,47.79,158.17,1.41,570.07,234.63,8.57,34.27,43.53,70.19,27.14,96.22,117.99,7.25,53.01,24.49,12.74,71.91,643.74,17.99,3.4,89.11,92.94,32.9693,41.34,250.69,692.9,591.72,415.04,317.33,459.92,71.02,99.44,261.35
2025-09-04,12.86,239.78,161.79,48.53,235.68,134.76,499.97,25.57,306.1,230.75,33.25,113.52,48.62,NaN,420.22,95.46,64.93,306.8,955.9,117.49,60.55,118.81,32.3,57.13,76.44,86.23,70.27,22.37,232.66,232.3,102.91,62.35,50.595,66.9,24.61,42.11,48.31,178.76,129.17,8.42,31.12,9.4,748.65,507.97,327.59,171.66,56.14,225.39,NaN,48.06,159.19,1.625,575.23,236.79,8.51,34.93,42.99,70.6622,27.48,97.63,121.22,7.09,62.5,25.38,13.29,72.38,649.12,17.49,3.36,91.52,91.98,33.1934,40.4,253.73,697.54,596.59,418.82,320.14,464.01,71.31,100.93,262.64
2025-09-05,13.08,239.69,151.14,48.88,232.33,131.55,490.24,25.72,334.89,229.61,33.58,113.56,49.44,NaN,423.08,96.15,63.75,299.07,963.48,114.56,61.18,117.91,32.77,57.17,78.83,87.66,71.18,22.61,235.17,235.0,101.25,63.42,50.63,66.66,24.49,41.8,48.69,178.43,129.89,8.49,31.39,9.44,752.45,495.0,335.87,167.02,55.23,226.74,NaN,49.105,160.02,1.42,576.06,237.15,8.52,35.37,45.84,71.0082,27.65,92.05,117.18,7.31,68.55,25.6,14.26,72.29,647.24,17.45,3.33,91.82,90.99,33.4727,40.73,255.52,698.79,594.96,418.31,319.55,462.6,71.775,100.51,262.86
2025-09-08,12.95,237.88,151.41,50.08,235.84,134.44,547.04,25.75,345.65,230.95,34.11,113.55,49.65,NaN,422.78,93.88,64.15,302.2,971.85,112.46,61.76,118.84,32.46,57.32,80.36,88.04,72.01,23.22,234.16,234.04,117.28,63.7,50.65,67.58,24.48,41.01,47.41,178.13,129.78,8.44,31.71,9.94,752.3,498.2,329.9,168.31,54.28,225.5,NaN,48.88,159.01,1.39,578.87,238.28,8.87,35.63,47.73,72.1193,27.68,93.45,114.8,7.22,70.495,25.96,15.29,72.39,648.83,17.2,3.46,93.13,94.36,34.82,41.53,255.91,704.92,596.5,421.01,320.57,465.57,72.47,102.28,264.83
2025-09-09,12.76,234.35,155.82,49.85,238.24,134.42,558.17,25.49,336.67,229.52,33.82,113.57,49.32,NaN,418.09,94.5,63.63,318.78,979.25,117.99,60.68,117.37,32.475,56.98,79.84,87.42,71.87,23.59,239.94,239.63,118.5,63.22,50.645,67.2915,24.44,44.0,46.88,176.96,130.97,8.41,30.99,9.45,765.7,498.41,328.53,170.76,54.3,223.69,NaN,48.62,159.46,1.34,580.51,238.99,8.62,35.23,47.03,71.4557,27.51,93.67,115.28,7.28,70.51,25.97,14.85,72.21,650.33,17.06,3.38,93.89,95.45,34.5838,41.97,254.0,705.75,597.95,422.55,320.98,467.27,72.38,102.29,265.34
2025-09-10,12.82,226.79,159.54,51.45,230.33,133.64,567.12,25.6,369.57,227.52,33.73,113.59,50.32,NaN,422.91,94.03,65.61,315.34,956.29,113.69,61.39,115.79,32.7,56.65,79.48,89.22,72.12,24.37,239.56,239.17,117.46,64.53,50.64,67.34,24.77,43.86,46.47,175.79,128.01,8.3,31.11,9.66,751.98,500.37,326.45,177.33,54.37,219.28,NaN,48.13,157.35,1.36,580.7,239.06,8.52,36.29,46.17,71.6248,27.46,92.24,116.04,7.05,73.92,25.52,14.05,72.05,652.21,17.05,3.41,93.99,94.21,33.75,42.22,253.58,714.93,599.68,426.6,321.8,467.21,72.51,100.41,270.15
2025-09-11,12.95,230.03,155.67,54.72,229.95,136.4,571.31,25.99,359.63,219.99,34.21,113.6,50.74,NaN,431.38,95.58,67.4,323.95,964.32,133.7,60.44,117.08,33.49,57.58,80.89,89.92,72.0,24.85,240.78,240.37,117.75,65.03,50.65,67.17,24.61,47.05,46.53,178.5,129.47,8.52,31.72,9.6,750.9,501.01,326.02,177.17,54.3,223.21,NaN,49.02,158.63,1.44,584.08,240.46,11.0,37.16,48.43,73.2528,27.95,93.94,115.54,7.29,84.3,25.96,14.58,72.92,657.63,16.76,3.5,95.57,94.68,34.3575,42.65,258.22,718.77,604.57,428.71,324.78,469.89,73.33,102.65,271.06
2025-09-12,12.91,234.07,158.57,56.32,228.15,138.03,582.0,26.29,359.87,215.94,34.04,113.65,51.78,NaN,431.52,95.39,66.6,323.04,967.9,125.32,59.87,115.96,35.36,57.14,79.68,91.75,72.16,24.93,241.38,240.8,115.03,66.38,50.67,66.7,24.08,55.61,45.99,178.06,127.99,8.78,31.66,9.41,755.59,509.9,331.44,177.82,54.87,218.82,NaN,48.26,157.9,1.42,586.66,241.5,10.99,37.15,53.34,72.9608,27.7,93.54,113.93,7.34,86.13,26.55,14.12,72.49,657.41,16.56,3.55,96.76,95.89,34.3067,42.05,255.41,719.57,604.44,429.28,324.31,471.51,73.09,103.49,270.88
2025-09-15,12.53,236.7,161.16,56.59,231.43,138.48,593.14,26.69,364.09,215.75,34.41,113.65,51.07,NaN,435.94,93.57,66.8,327.02,960.1,134.05,58.42,115.62,34.01,56.75,81.0,90.49,72.89,25.53,251.76,251.61,114.83,65.5,50.675,67.01,24.77,59.11,45.57,177.4,125.47,9.04,31.43,9.74,764.7,515.36,327.79,177.75,55.62,219.27,NaN,48.11,156.83,1.34,591.68,243.6,10.52,37.83,54.04,73.6964,27.77,92.1,114.5,7.46,90.09,27.67,14.19,72.54,660.91,16.14,3.66,99.23,98.85,34.92,45.98,255.83,726.63,607.59,433.37,325.89,476.21,73.66,103.69,273.32
2025-09-16,12.41,238.15,160.46,56.51,234.05,140.05,603.8,26.76,360.0,215.02,34.46,113.67,51.77,NaN,440.67,93.57,66.98,327.91,952.07,134.81,57.86,115.23,34.0,56.72,79.78,91.73,73.07,26.34,251.42,251.16,117.38,66.37,50.685,67.4,25.27,62.26,46.24,176.46,125.04,9.15,31.57,9.94,779.0,509.04,335.09,174.88,57.2,220.99,NaN,49.56,158.05,1.39,591.18,243.38,10.83,39.32,47.245,73.0938,27.72,91.03,113.01,7.74,91.55,27.42,14.69,72.56,660.0,16.19,3.64,98.96,97.83,34.38,44.36,255.34,724.17,606.79,432.47,325.45,475.42,73.72,103.42,272.37
2025-09-17,12.48,238.99,159.16,60.49,231.62,138.82,606.66,26.66,346.17,214.63,34.37,113.66,51.22,NaN,450.66,94.8,67.57,320.56,963.03,131.04,58.82,116.1,34.18,56.72,80.29,90.79,72.49,26.1,249.85,249.53,118.64,65.67,50.685,67.54,24.9,65.44,46.94,177.2,125.59,9.28,32.12,10.19,775.715,510.02,329.71,170.29,58.2,221.89,NaN,49.8,160.33,1.38,590.0,242.89,11.27,39.22,48.08,73.2281,27.74,92.09,113.95,7.99,93.97,27.14,15.12,72.86,659.18,16.3,3.66,98.33,92.95,34.73,44.55,255.39,721.5,606.09,430.34,325.16,473.58,73.67,104.27,271.43
2025-09-18,12.58,237.88,157.92,64.49,231.23,143.49,621.52,27.36,345.35,215.66,35.03,113.68,52.04,NaN,466.96,92.96,69.35,343.13,952.36,140.42,59.47,114.86,34.73,57.03,80.99,92.24,72.2,25.88,252.33,252.03,120.91,66.75,50.685,67.13,30.57,66.81,47.11,174.16,125.51,9.58,32.27,10.485,780.25,508.45,349.12,176.24,61.85,226.51,NaN,51.83,157.32,1.42,595.32,245.12,10.04,39.29,47.18,73.99,28.33,93.28,116.95,8.44,98.87,28.11,15.63,73.11,662.26,15.86,3.66,100.98,94.7,34.45,45.72,259.17,734.31,608.94,433.12,327.21,476.07,73.73,103.6,276.12
2025-09-19,12.45,245.5,157.39,61.55,231.48,144.75,649.59,27.55,344.94,215.65,35.0,113.72,50.98,NaN,466.54,93.6,68.17,342.46,951.16,144.14,59.76,113.76,33.57,56.54,84.21,90.34,72.95,26.08,255.24,254.72,124.78,65.37,50.7,67.34,29.58,70.41,46.43,176.19,124.62,9.71,32.52,10.7,778.38,517.93,344.75,176.67,61.4,224.05,NaN,51.07,156.04,1.48,599.35,246.79,10.46,39.73,47.79,73.8077,28.1,94.33,114.96,8.16,102.21,29.51,16.25,73.38,663.7,15.55,3.76,102.98,98.51,34.92,49.43,257.69,741.17,611.78,436.32,328.44,480.42,73.12,102.33,278.92
2025-09-22,12.33,256.08,159.79,64.63,227.63,143.96,643.5,27.99,338.79,212.09,35.96,113.75,49.68,NaN,472.1,94.28,67.79,331.95,943.26,137.64,58.89,112.56,31.29,56.43,85.01,87.98,74.21,26.78,252.88,252.53,124.89,63.65,50.715,66.63,28.76,71.94,46.16,174.21,124.07,10.13,32.3,10.95,765.16,514.45,335.93,183.61,60.71,225.73,NaN,51.5,153.07,1.42,602.2,247.9,11.32,40.36,49.81,74.356,28.19,94.43,109.8,8.53,102.92,29.81,17.31,73.59,666.84,15.29,3.79,104.72,99.39,35.74,50.4,257.88,753.15,614.76,439.39,329.86,484.08,73.44,102.82,282.66
2025-09-23,12.19,254.43,160.9,61.34,220.71,144.89,651.18,28.36,338.94,216.34,35.66,113.78,49.45,NaN,471.26,94.35,67.2,320.07,943.6,130.97,58.75,112.25,31.41,56.63,85.27,87.58,74.54,26.8,252.34,251.66,126.2,63.41,50.715,65.81,29.34,75.14,46.37,176.58,123.82,10.36,33.34,10.6,755.4,509.23,327.78,178.43,59.54,225.62,NaN,50.42,152.5,1.52,598.2,246.25,11.77,42.37,52.91,75.2407,28.15,93.91,109.66,8.42,106.4,29.09,18.05,73.28,663.21,15.6,3.74,102.61,97.8,36.0627,50.36,257.14,745.41,611.54,434.9,328.09,478.98,73.34,102.52,280.22
2025-09-24,11.94,252.31,160.88,59.61,220.21,137.16,641.92,27.72,339.31,215.1,35.11,113.79,50.25,NaN,469.79,93.71,64.0,321.77,945.27,131.58,57.71,113.43,31.46,56.415,83.6,89.01,73.85,26.25,247.83,247.14,126.8,64.42,50.71,65.543,31.22,73.86,46.25,176.69,123.93,9.99,33.06,10.81,760.66,510.15,323.31,176.97,58.74,227.66,NaN,50.94,152.42,1.49,596.1,245.39,10.38,42.19,48.69,74.2341,27.85,92.37,107.64,8.22,99.83,28.44,17.78,72.97,661.1,15.53,4.06,101.41,97.78,35.45,48.59,255.02,739.06,609.5,432.59,326.89,476.91,72.91,102.73,278.49
2025-09-25,11.39,256.87,161.27,57.955,218.15,136.13,639.91,27.66,336.1,213.53,34.89,113.79,48.42,NaN,463.72,93.98,63.65,306.69,943.31,124.66,56.74,112.99,29.58,55.89,83.21,85.76,74.17,25.27,246.57,245.79,122.65,62.1,50.7,65.42,33.99,69.43,45.32,177.73,121.72,10.1,31.93,10.81,748.91,507.03,300.7,177.69,56.04,226.81,NaN,49.77,152.15,1.39,593.53,244.33,10.17,41.78,46.63,74.04,27.6,94.78,106.07,8.33,94.29,28.12,16.35,72.4,658.05,15.74,4.05,100.05,97.6,34.81,49.17,252.59,736.83,606.59,429.88,325.14,474.28,72.49,103.05,278.0
2025-09-26,11.31,255.46,159.46,58.57,219.78,137.63,669.86,27.86,334.53,221.26,34.85,113.8,48.34,NaN,465.76,95.31,63.99,312.59,915.95,126.99,57.2,113.47,30.46,56.5,84.32,85.65,74.59,26.42,247.18,246.54,121.78,61.94,50.73,64.95,35.5,67.28,45.32,179.71,122.23,10.08,32.53,10.62,743.75,511.46,309.06,178.19,55.61,226.04,NaN,50.16,152.5,1.39,595.97,245.37,10.14,43.37,46.26,74.8384,27.86,95.46,105.9,8.27,97.12,27.98,15.94,72.73,661.82,15.55,4.05,101.25,98.45,35.07,48.41,254.83,738.7,610.16,432.01,327.18,476.43,72.75,103.16,278.84
2025-09-29,11.38,254.43,161.36,60.84,222.17,138.44,712.36,28.14,327.9,217.08,35.08,113.82,50.67,NaN,471.61,96.19,64.89,333.99,916.87,133.66,57.66,114.78,31.72,56.47,84.65,89.73,75.82,27.21,244.36,244.05,136.72,64.97,50.74,64.72,34.48,64.26,46.08,181.62,122.66,10.26,32.76,10.54,743.4,514.6,326.42,181.85,55.5,226.11,NaN,49.76,153.53,1.42,598.73,246.48,10.16,42.77,47.01,75.101,27.87,96.89,106.22,8.4,113.5,27.55,15.68,72.93,663.68,15.34,4.23,102.6,99.57,35.55,48.71,254.13,743.16,610.13,433.53,327.1,478.05,73.14,103.08,280.33
2025-09-30,11.24,254.63,161.79,59.39,219.57,133.27,718.54,28.55,329.91,215.83,35.43,113.86,50.63,NaN,477.15,96.49,62.7,337.49,925.63,132.58,56.75,114.5,31.51,56.45,84.08,89.77,76.45,27.28,243.55,243.1,143.18,65.0,50.75,64.665,33.55,61.5,46.4,185.42,124.34,10.52,31.91,10.51,734.38,517.95,322.21,186.58,55.49,227.73,NaN,49.31,153.65,1.42,600.37,247.12,10.35,43.47,47.91,76.2385,27.9,95.47,103.15,7.71,112.2,26.42,16.08,73.29,666.18,15.23,4.23,103.4,97.97,35.6748,47.67,254.28,746.63,612.38,435.46,328.17,479.61,73.46,103.06,281.86
2025-10-01,11.27,255.45,164.01,59.17,220.63,129.95,704.09,28.89,333.39,215.2,35.71,113.87,52.05,NaN,480.82,95.71,60.78,346.17,917.34,129.03,56.11,112.95,32.8,56.39,85.18,92.2,76.56,27.69,245.54,244.9,139.14,66.74,50.58,65.025,35.94,63.09,46.25,186.05,123.23,10.61,32.28,10.48,717.34,519.71,338.41,187.24,59.17,224.91,NaN,48.35,153.18,1.4,603.25,248.33,10.47,44.01,47.97,76.7603,27.94,92.25,100.34,7.71,121.12,25.76,16.15,73.74,668.45,15.01,4.19,104.86,96.61,36.2213,48.26,254.96,752.52,614.57,437.25,329.31,481.86,73.97,101.96,284.62
2025-10-02,11.43,257.13,169.73,59.25,222.41,127.23,683.64,29.76,338.18,217.43,36.31,113.89,53.6,NaN,490.57,95.46,61.72,372.07,916.77,149.72,57.08,112.14,34.05,56.72,86.29,94.93,76.32,27.22,246.43,245.69,145.7,68.77,50.595,65.17,37.3,69.6,46.65,185.98,122.62,11.22,32.31,10.38,727.05,515.74,352.33,188.89,58.74,227.705,NaN,48.74,152.05,1.36,605.73,249.33,11.52,44.21,52.47,77.9336,28.08,92.7,101.13,8.22,124.14,25.97,17.84,73.97,669.22,14.84,4.19,106.14,96.61,37.58,50.2,256.52,757.99,615.25,437.99,329.79,483.28,74.11,101.7,286.16
2025-10-03,11.58,258.02,164.67,59.3,219.51,125.89,682.76,30.26,338.37,216.3,36.75,113.91,54.43,NaN,497.85,95.45,63.48,380.02,915.38,145.78,57.26,112.47,34.26,57.0,85.79,96.36,76.92,25.38,246.45,245.35,148.67,69.81,50.605,64.91,36.83,73.28,47.17,188.64,122.58,11.44,32.52,10.64,710.56,517.35,351.63,187.62,59.63,228.89,NaN,49.27,152.27,1.38,603.18,248.32,12.89,44.54,56.16,78.7451,28.26,94.08,98.09,8.54,128.41,25.24,17.85,73.95,669.21,15.05,4.16,104.7,96.6,38.26,49.6,257.86,755.67,615.3,437.13,329.97,481.44,74.66,102.07,284.72
2025-10-06,11.83,256.69,203.71,60.98,220.9,126.7,587.0,31.45,335.49,219.73,37.4,113.92,55.57,NaN,495.38,93.99,63.35,386.07,910.94,148.51,58.26,112.75,35.79,56.99,86.38,98.43,78.39,25.05,251.51,250.43,144.26,71.29,50.615,65.1673,36.59,78.99,45.88,188.16,120.54,11.98,32.58,10.53,715.66,528.57,359.69,185.54,59.65,231.42,NaN,50.35,150.41,1.39,607.71,250.17,14.58,45.05,58.5,79.9683,28.33,94.0,94.35,8.52,121.17,26.36,18.25,74.0,671.61,14.71,4.11,107.04,100.1,39.2154,51.21,258.19,762.18,617.4,438.62,331.21,485.01,74.82,102.7,287.6
2025-10-07,11.66,256.48,211.51,56.55,221.78,126.05,631.85,31.34,336.41,221.82,36.81,113.92,53.88,NaN,486.71,95.14,61.61,375.78,914.8,148.72,56.63,112.53,33.9,56.69,84.92,95.37,78.82,24.35,247.13,245.76,145.0,69.13,50.625,65.39,37.17,79.23,45.94,188.89,122.33,11.79,32.39,10.63,713.08,523.98,328.4,185.04,59.02,219.58,NaN,48.17,152.54,1.36,604.51,248.85,14.79,45.27,61.51,79.6918,27.99,94.01,91.78,8.13,120.95,28.14,18.2,73.68,669.12,14.95,4.16,105.31,97.8,39.02,51.21,255.73,755.19,615.2,436.39,329.62,482.11,74.24,103.24,285.68
2025-10-08,11.81,258.06,235.56,60.7,225.22,124.8,629.7,31.93,345.5,225.32,37.24,113.93,54.67,NaN,502.12,96.42,60.55,387.27,914.8,150.46,57.12,111.89,34.17,56.76,86.46,96.78,80.09,24.41,245.46,244.62,150.87,70.06,50.625,64.87,37.43,74.3,46.66,189.69,119.63,12.48,32.45,10.65,717.84,524.85,330.8,189.11,59.61,225.64,NaN,50.88,150.69,1.48,611.44,251.71,14.35,46.66,65.31,81.2893,28.28,93.79,91.66,8.43,131.88,28.02,18.88,73.86,673.11,14.44,4.41,108.88,99.28,40.2,51.02,257.98,768.02,618.77,440.08,331.81,487.09,74.53,102.9,290.69
2025-10-09,11.62,254.04,232.89,59.795,227.74,123.54,600.32,31.62,345.02,216.0,37.3,113.93,53.62,NaN,500.36,96.62,59.1,387.0,942.89,150.48,59.57,110.99,32.81,56.09,86.19,94.9,78.62,24.07,242.21,241.53,152.46,68.74,50.615,64.81,37.8,77.5,46.42,191.08,119.55,12.74,31.68,10.71,733.51,522.4,320.29,192.57,58.68,221.42,NaN,49.97,150.58,1.43,610.7,251.41,14.66,46.42,66.42,80.4975,28.04,94.02,89.3,8.38,129.68,28.45,18.58,73.52,671.16,14.5,4.46,108.45,96.0,40.29,51.49,255.69,767.64,617.1,440.42,330.66,486.51,73.88,101.77,290.2
2025-10-10,11.52,245.27,214.9,56.24,216.37,118.22,569.89,30.3,324.63,210.73,35.65,113.99,51.62,NaN,491.3,97.58,56.13,357.01,930.01,132.94,57.48,109.19,30.2,55.02,83.04,91.42,79.44,23.3,237.49,236.57,138.96,66.2,50.645,65.0458,36.37,70.65,45.69,190.72,119.57,12.23,31.29,10.6,705.3,510.96,304.79,183.16,56.93,205.37,NaN,45.74,149.69,1.305,589.5,242.67,13.12,45.24,64.26,77.5803,27.17,91.96,88.37,7.78,116.91,26.19,17.36,72.21,653.02,16.03,4.41,97.07,93.4,38.29,51.87,248.1,736.33,600.51,426.99,321.8,470.44,72.17,101.84,278.39
2025-10-13,11.74,247.66,216.42,61.57,220.07,122.44,590.11,31.01,356.7,215.56,36.75,113.98,51.32,NaN,504.76,96.1,58.4,356.99,935.56,137.47,58.72,110.27,32.18,55.51,84.2,90.86,81.36,23.59,244.64,244.15,140.68,65.81,50.65,64.9,37.22,82.09,45.65,190.9,119.27,12.25,31.9,10.95,715.7,514.05,315.47,188.32,57.5,216.7,NaN,50.11,147.49,1.21,602.01,247.83,15.38,46.34,65.42,79.1705,27.78,93.49,89.2,8.05,134.61,27.14,19.14,72.99,663.04,15.02,4.67,103.23,94.08,39.4,55.49,253.06,755.49,609.61,435.57,326.93,479.63,73.27,102.12,285.17
2025-10-14,12.19,247.77,218.09,65.54,216.39,127.64,590.03,31.36,344.13,214.3,36.47,113.98,49.88,NaN,527.47,97.29,59.6,341.55,946.51,134.46,61.27,111.17,31.08,56.25,83.08,88.29,81.98,23.21,246.19,245.45,134.95,63.91,50.66,64.71,35.63,77.55,46.67,190.85,120.17,13.85,33.42,11.1,708.65,513.57,300.67,180.03,56.66,216.11,NaN,49.54,149.16,1.28,598.0,246.21,15.26,47.13,68.03,80.16,28.14,93.39,91.38,7.92,127.29,27.87,20.86,73.51,662.23,15.31,4.39,101.13,94.25,40.18,56.96,255.61,745.84,608.75,431.7,326.83,475.89,73.28,107.21,281.51
2025-10-15,12.5,249.34,238.6,66.68,215.57,127.7,602.3,31.17,351.33,214.0,36.86,114.0,49.27,NaN,534.05,98.06,59.4,336.3,954.99,134.48,61.7,111.71,30.15,56.19,83.58,87.23,83.37,23.38,251.71,251.03,134.15,63.17,50.68,65.9748,37.15,72.41,46.94,191.17,119.92,12.88,33.56,10.81,717.55,513.43,296.76,179.83,56.72,217.23,NaN,50.36,147.42,1.35,602.22,247.88,14.67,46.64,69.27,79.6683,28.38,94.33,94.82,7.91,144.3,28.03,21.4,73.49,665.17,15.01,4.32,103.2,94.52,40.28,58.11,256.6,752.77,611.43,434.09,328.38,478.48,73.92,109.03,284.3
2025-10-16,11.89,247.45,234.56,63.05,214.47,120.84,605.68,30.5,354.15,211.89,36.49,114.03,47.94,NaN,540.96,98.06,56.99,330.25,925.62,128.46,60.4,109.88,29.24,55.59,83.14,84.8,85.28,22.95,251.88,251.46,131.44,61.43,50.7,66.72,36.84,65.59,46.64,192.12,119.7,11.83,33.29,10.75,712.07,511.61,283.84,181.81,56.09,217.41,NaN,52.97,149.6,1.24,599.99,247.0,12.86,45.94,67.0,78.2811,27.88,93.41,93.93,7.76,144.27,26.6,20.76,73.03,660.64,15.17,4.05,102.05,92.52,38.84,55.74,253.21,750.35,607.39,432.04,325.77,476.08,74.25,106.47,284.51
2025-10-17,11.86,252.29,233.08,60.02,213.04,121.38,599.31,29.865,349.33,212.94,36.05,114.06,47.14,NaN,527.08,97.48,57.14,336.02,936.33,126.49,59.64,110.67,28.94,55.81,83.44,83.46,83.7,23.07,253.79,253.3,129.91,60.47,50.7,67.25,37.01,62.94,46.58,193.22,121.44,12.4,33.52,10.54,716.915,513.58,289.87,183.22,54.37,214.35,NaN,52.53,151.4,1.25,603.93,248.61,11.74,44.66,66.27,78.1066,27.77,94.14,93.92,7.65,140.16,26.54,19.02,73.5,664.39,14.89,3.87,103.99,92.3,38.03,53.31,253.2,752.16,610.76,434.27,327.3,478.24,74.2,107.73,285.01
2025-10-20,12.17,262.24,240.56,61.03,216.48,125.19,565.94,30.72,349.24,216.82,37.06,114.09,49.1,NaN,531.18,98.87,58.29,343.78,936.11,130.81,61.75,111.96,30.14,56.22,84.86,86.89,86.69,23.37,257.02,256.55,135.8,62.93,50.7,67.1712,38.1,59.94,47.89,193.72,120.7,12.89,34.43,10.47,732.17,516.79,296.61,182.64,55.74,219.82,NaN,54.89,151.96,1.29,611.54,251.76,11.57,44.52,67.35,79.9,28.29,94.95,92.81,7.73,148.04,28.68,19.06,74.23,671.3,14.33,3.97,107.89,93.7,38.81,53.42,256.73,762.18,617.17,438.07,330.95,484.7,74.93,107.05,288.19
2025-10-21,12.35,262.77,238.03,59.26,222.03,125.98,552.64,30.73,342.66,217.26,36.88,114.09,49.5,NaN,524.65,98.65,58.09,338.62,937.5,129.85,62.32,114.3,30.28,56.5311,84.78,87.64,81.32,22.8,251.34,250.46,131.84,63.49,50.715,66.62,38.12,59.5,47.68,191.88,120.05,12.68,34.68,10.3,733.27,517.66,301.91,181.16,54.78,222.34,NaN,55.08,151.62,1.28,611.38,251.69,10.93,44.25,65.4,79.56,28.28,95.09,93.45,7.85,149.29,28.75,18.23,74.71,671.29,14.35,3.75,107.77,93.03,38.39,49.9,257.17,761.41,617.09,436.96,330.91,484.49,74.22,106.22,288.34
2025-10-22,12.09,258.45,230.23,54.78,217.95,126.53,564.82,29.72,340.3,216.59,36.83,114.08,47.71,NaN,513.91,97.7,58.07,320.33,944.68,124.79,60.0,113.08,28.76,56.07,84.66,84.5,81.2,22.49,252.53,251.69,127.22,61.21,50.725,67.77,36.92,55.45,47.95,192.94,120.21,11.35,33.76,10.61,733.41,520.54,280.81,180.28,53.38,217.16,NaN,51.93,152.2,1.21,605.49,249.26,9.99,44.95,60.565,77.8161,27.91,94.31,91.24,7.77,146.95,27.19,17.76,73.88,667.8,14.79,3.88,104.6,92.21,37.01,48.94,254.09,752.41,613.97,434.98,328.9,480.97,74.28,107.14,285.49
2025-10-23,12.77,259.58,234.99,56.53,221.09,123.05,589.7,30.35,344.29,217.77,37.36,114.12,48.81,NaN,520.5,98.27,57.55,322.76,942.05,129.86,58.77,113.03,29.19,56.2,84.93,86.42,81.49,23.63,253.73,253.08,134.33,62.56,50.725,67.015,38.16,59.37,49.1,192.47,118.76,12.29,31.65,10.8,734.0,520.56,284.92,182.16,53.23,220.73,NaN,51.78,152.21,1.26,610.58,251.39,10.14,46.11,63.57,80.36,28.23,94.6,96.82,7.87,167.05,28.08,18.24,74.51,671.76,14.4,4.08,107.22,94.61,37.84,49.94,257.04,762.26,617.44,438.2,331.01,484.96,74.71,106.86,289.09
2025-10-24,13.78,262.82,252.92,59.58,224.21,125.0,620.0,30.86,354.13,221.35,37.73,114.14,48.99,NaN,522.73,98.49,58.48,354.46,932.14,142.05,60.95,111.68,29.71,56.02,85.56,86.69,81.23,23.3,260.51,259.92,139.79,62.83,50.73,66.2158,38.28,60.3,48.87,190.4,118.93,12.81,32.2,10.94,738.36,523.61,289.08,186.26,52.96,219.16,NaN,50.71,152.49,1.31,617.1,254.02,11.15,46.96,64.56,81.0963,28.5,94.42,96.66,7.95,186.16,29.01,17.98,74.55,677.25,13.96,4.07,110.56,94.07,38.42,51.5,258.83,774.14,622.55,442.36,333.71,489.62,74.95,106.17,293.58
2025-10-27,13.41,268.81,259.67,57.85,226.97,126.37,643.1,31.05,362.05,223.0,38.18,114.13,50.9,NaN,527.07,97.6,58.22,361.43,929.85,143.29,60.45,112.34,31.75,56.26,85.29,90.09,78.97,23.53,269.93,269.27,145.86,65.28,50.755,66.49,39.54,62.8,48.19,190.3,120.62,12.79,32.25,10.98,750.82,531.52,295.63,191.49,52.89,221.56,NaN,52.68,151.74,1.32,628.09,258.58,11.47,46.8,65.62,81.2246,28.65,94.84,96.75,7.91,176.49,30.0,18.33,75.0,685.24,13.22,4.05,116.43,96.42,38.65,50.76,260.08,788.01,630.0,449.55,337.43,498.28,75.52,104.47,299.0
2025-10-28,12.71,269.0,258.01,57.86,229.25,124.47,626.82,30.7,372.97,223.33,38.06,114.15,50.31,NaN,524.47,94.58,57.71,355.22,924.16,136.11,57.86,111.65,30.59,55.67,85.87,89.02,78.39,23.3,268.43,267.47,146.25,64.49,50.76,66.04,41.53,57.15,47.13,186.93,120.66,12.35,31.09,11.06,751.44,542.07,284.64,201.03,52.05,212.96,NaN,51.8,151.37,1.29,632.92,260.57,11.07,45.36,63.75,80.5597,28.48,93.85,97.16,7.74,175.53,31.66,17.71,74.58,687.06,12.92,4.26,119.09,95.43,38.02,55.02,257.68,796.14,631.69,452.82,337.95,502.07,75.51,103.17,301.96
2025-10-29,12.97,269.7,264.33,63.01,230.3,124.88,631.2,31.38,385.98,213.58,38.16,114.16,48.97,NaN,585.49,92.32,57.59,348.61,912.42,131.74,58.76,110.24,29.52,54.94,84.22,86.66,78.09,23.38,275.17,274.57,144.8,62.75,50.755,65.8673,41.34,61.11,44.23,186.6,116.72,12.02,30.66,11.19,751.67,541.55,275.36,207.04,51.37,204.71,NaN,51.4,148.77,1.28,635.77,261.79,11.38,44.12,66.16,80.7033,28.15,94.61,95.51,7.74,204.36,30.9,18.15,74.15,687.39,12.76,4.51,120.61,95.76,37.75,56.47,255.53,801.52,631.95,455.46,337.71,504.26,75.28,102.46,304.13
2025-10-30,12.78,271.4,254.84,58.92,222.86,123.45,620.62,30.74,376.47,200.08,37.405,114.16,47.12,NaN,583.15,91.32,56.57,328.51,920.18,122.71,57.12,111.84,27.83,54.77,84.2,83.34,79.63,22.58,281.9,281.48,138.07,60.4,50.74,65.6671,40.16,60.17,38.63,189.05,120.21,11.37,30.09,10.84,666.47,525.76,254.57,202.89,50.04,206.38,NaN,50.85,149.58,1.21,626.05,257.72,10.56,43.68,60.92,79.81,27.91,94.41,87.59,7.6,195.82,29.03,16.87,74.13,679.83,13.35,4.46,115.09,96.49,37.24,56.19,253.16,790.95,625.24,448.73,334.08,496.34,74.81,102.23,300.39
2025-10-31,13.13,270.37,256.12,59.23,244.22,124.31,637.33,31.36,369.63,201.02,37.83,114.17,48.62,NaN,577.26,90.22,53.32,343.78,911.45,126.98,57.38,112.62,29.36,54.87,86.43,86.02,79.19,22.29,281.82,281.19,146.78,62.3,50.745,65.3314,39.99,62.38,38.64,188.87,119.71,11.93,30.3,10.59,648.35,517.81,269.51,202.49,49.46,209.12,NaN,50.08,150.37,1.24,629.07,258.96,11.25,42.41,62.98,80.88,28.07,94.52,85.5,7.8,199.33,29.68,17.62,74.06,682.06,13.16,4.53,116.72,96.5,37.69,55.12,254.99,793.21,627.04,450.2,335.42,498.85,74.63,101.18,300.68
2025-11-03,13.34,269.05,259.65,60.63,254.0,123.95,632.14,31.16,362.55,204.55,38.25,114.23,47.2,NaN,570.59,89.52,51.81,330.42,928.04,117.86,58.5,112.12,27.09,54.82,87.52,83.5,79.37,22.11,284.12,283.72,147.08,60.53,50.56,65.4332,39.5,58.4,36.93,186.26,102.27,11.58,30.43,10.76,637.71,517.03,264.67,206.88,49.11,210.39,NaN,50.46,148.02,1.16,632.08,260.23,10.26,41.32,61.34,80.3342,27.99,93.15,85.3,7.82,207.01,30.63,17.11,73.79,683.34,12.99,4.48,118.32,99.72,36.81,52.58,254.42,795.95,628.27,452.19,335.8,501.84,74.84,101.59,301.91
2025-11-04,12.65,270.04,250.05,56.29,249.32,130.51,608.68,30.055,351.94,198.05,37.32,114.25,44.57,NaN,547.58,90.32,51.16,307.32,940.74,111.25,55.65,111.47,24.28,54.74,85.22,78.87,77.96,21.98,278.06,277.54,136.8,57.18,50.575,64.8433,37.03,53.38,36.56,186.86,100.64,10.4,29.67,10.71,627.32,514.33,246.99,198.69,48.25,204.42,NaN,48.28,147.17,1.05,619.25,254.95,9.48,41.7,56.57,78.3,27.52,93.84,84.69,7.47,194.57,29.37,15.13,73.26,675.24,13.79,4.19,111.08,94.67,35.63,49.73,251.12,774.45,620.99,444.38,331.74,493.47,73.85,102.27,293.94
2025-11-05,13.42,270.14,256.33,59.42,250.2,133.75,617.05,29.74,358.98,197.62,37.0,114.31,45.98,NaN,569.15,89.83,52.05,319.3,935.03,113.03,58.54,111.36,26.08,55.3,85.99,81.35,78.87,22.01,284.75,284.31,142.48,58.92,50.58,65.22,38.38,55.41,36.32,186.0,100.05,10.44,31.62,10.78,635.95,507.16,255.0,195.21,48.46,210.44,NaN,50.08,145.79,1.12,623.28,256.58,9.4,43.86,56.42,78.8988,27.89,93.68,86.39,7.3,216.5,30.07,15.72,73.72,677.58,13.51,4.34,113.24,92.75,35.8895,50.04,253.88,777.66,622.86,445.59,333.16,494.02,74.35,101.47,295.09
2025-11-06,13.15,269.77,237.7,36.55,243.04,128.98,621.36,28.41,355.59,196.5,35.98,114.28,44.66,NaN,569.78,87.81,52.49,295.22,923.58,100.01,57.81,110.49,25.0,54.91,80.54,78.98,78.79,21.35,285.34,284.75,127.08,57.26,50.605,64.5041,37.24,57.43,36.54,186.97,100.77,9.56,31.51,10.68,618.94,497.1,237.2,188.08,46.51,206.45,NaN,48.8,146.13,1.08,611.67,251.83,8.62,35.17,49.61,77.41,27.49,94.2,91.9,8.01,207.69,27.16,14.23,73.18,670.31,14.28,4.37,106.89,92.12,34.07,47.14,250.37,762.4,616.24,439.16,329.37,485.84,74.06,101.68,289.16
2025-11-07,13.65,268.47,233.54,38.86,244.41,132.37,619.93,28.6,349.43,194.61,36.0,114.29,45.95,NaN,563.1,89.54,52.43,309.14,922.74,103.14,58.88,110.74,26.19,55.68,81.79,81.3,79.26,21.5,279.7,278.83,130.36,58.88,50.615,64.52,38.13,59.27,38.1,186.57,103.85,9.59,32.45,10.81,621.71,496.82,241.93,188.15,45.68,204.56,NaN,47.83,146.98,1.0,609.74,251.06,9.28,33.94,51.64,77.7642,27.74,95.24,92.44,8.21,239.48,28.21,14.14,73.45,670.97,14.43,4.4,105.78,91.99,34.42,47.82,253.41,761.37,616.89,438.33,330.09,484.48,74.2,102.59,288.16
2025-11-10,13.31,269.43,243.98,36.91,248.4,130.92,651.32,29.26,358.39,194.81,36.57,114.33,46.93,NaN,570.85,91.83,52.5,317.93,915.56,104.1,58.56,112.24,26.98,55.71,82.28,83.05,81.42,21.49,290.59,290.1,135.88,60.19,50.625,64.71,38.45,55.37,37.93,188.41,103.09,9.87,32.66,10.49,631.76,506.0,238.88,199.05,45.94,205.13,NaN,48.54,145.5,0.9336,623.23,256.58,9.16,33.01,51.9,79.3888,28.0,95.58,94.78,8.69,267.95,30.54,14.41,73.83,681.44,13.48,4.61,112.71,94.1,34.86,48.9,255.25,780.37,626.47,448.52,334.92,495.66,75.13,102.42,295.53
2025-11-11,12.99,275.25,237.52,35.32,249.1,132.88,594.91,29.12,351.96,195.21,36.29,114.33,45.5,NaN,567.93,94.23,53.9,304.01,913.86,98.3,57.74,114.85,25.99,55.99,83.66,80.47,81.75,21.45,291.74,291.31,131.93,58.35,50.625,65.69,37.88,54.42,38.5,193.83,103.03,9.44,31.99,10.28,627.08,508.68,231.35,193.16,49.15,202.86,NaN,48.43,148.54,0.8901,621.57,255.89,8.67,31.76,51.24,78.9111,28.12,96.12,92.18,8.76,271.58,30.95,13.44,74.23,683.0,13.59,4.6,111.78,93.6,34.68,47.44,255.6,773.3,627.91,447.08,335.74,494.9,75.53,103.44,293.01
2025-11-12,13.46,273.47,258.89,35.18,244.2,133.58,584.86,29.12,355.22,195.5,36.19,114.34,44.94,NaN,573.02,93.67,55.07,304.0,914.0,86.3,60.48,116.65,25.79,56.135,82.14,79.49,83.05,21.36,287.43,286.71,132.98,57.59,50.63,65.45,37.89,50.71,38.17,194.39,104.12,9.34,33.34,10.32,609.01,511.14,224.61,193.8,50.26,204.08,NaN,49.27,148.01,0.9691,621.08,255.71,8.56,31.37,49.97,78.598,28.09,97.71,93.94,9.09,283.1,32.21,13.24,74.4,683.38,13.63,4.79,111.55,93.57,34.4771,47.64,256.0,774.17,628.22,446.01,335.86,493.47,75.82,103.44,293.92
2025-11-13,13.07,272.95,247.96,33.63,237.58,128.71,556.15,27.64,339.98,194.58,35.3,114.35,43.36,NaN,553.55,90.61,53.41,283.14,925.08,82.34,59.91,107.61,23.94,55.61,81.03,76.68,82.42,20.96,279.12,278.57,121.53,55.59,50.635,64.65,35.91,45.4,37.89,195.25,104.45,8.66,33.04,10.28,609.89,503.29,208.54,186.86,49.16,201.22,NaN,48.13,147.96,0.9315,608.4,250.48,7.74,30.76,45.25,75.7135,27.42,95.36,91.29,8.58,243.57,28.39,12.22,73.64,672.04,14.48,4.22,104.66,91.78,33.4236,45.34,250.36,752.36,617.99,436.18,329.91,482.88,74.99,102.54,286.59
2025-11-14,12.76,272.41,246.81,33.91,234.69,130.6,557.7,27.635,342.46,194.52,35.15,114.41,41.72,NaN,554.03,91.68,53.33,284.0,922.98,81.89,58.41,105.8,23.69,55.36,82.31,73.78,80.9,20.66,276.98,276.41,122.5,53.475,50.64,64.98,35.52,47.18,37.35,195.93,104.015,9.53,32.82,10.27,609.46,510.18,199.75,190.17,48.26,197.1,NaN,46.92,147.67,0.8916,608.86,250.65,7.16,31.26,45.54,76.2529,27.43,94.39,88.04,8.57,254.16,27.82,12.17,73.45,671.93,14.45,4.34,104.74,91.62,33.4679,44.75,249.81,756.26,617.83,436.53,329.86,483.52,74.93,102.48,288.15
2025-11-17,12.34,267.46,240.52,32.13,232.87,124.34,539.27,27.11,342.65,191.81,34.32,114.42,40.65,NaN,552.05,90.55,51.38,263.95,912.59,76.59,55.76,105.69,22.71,54.53,81.94,71.84,79.99,20.5,285.6,285.02,115.97,52.1,50.65,65.37,34.71,47.79,36.69,199.58,103.66,8.73,31.85,10.03,602.01,507.49,195.42,186.6,48.46,190.51,NaN,46.02,145.82,0.8838,603.66,248.53,6.77,30.27,43.31,74.9707,26.88,91.91,84.64,8.18,265.88,27.04,11.43,72.6,665.67,14.84,4.47,102.05,92.11,32.4636,43.72,245.1,743.7,612.04,433.01,326.43,479.29,74.0,102.95,283.64
2025-11-18,12.36,267.44,230.29,31.17,222.55,124.32,526.01,26.83,340.5,189.63,33.7,114.4,41.07,NaN,546.88,91.04,51.67,261.79,895.08,76.6,57.13,106.28,23.59,54.66,80.15,72.64,80.57,20.5,284.96,284.28,114.3,52.66,50.66,65.41,34.33,49.12,36.85,200.0,103.25,9.22,31.96,10.06,597.69,493.79,206.8,181.36,47.55,188.59,NaN,45.56,146.99,0.837,596.31,245.51,7.09,30.78,42.78,75.4524,26.96,92.28,84.57,8.25,244.93,26.24,11.53,72.26,660.08,15.38,4.34,98.36,90.86,32.68,43.73,245.55,732.59,607.0,428.02,324.22,473.27,73.35,101.39,279.03
2025-11-19,12.33,268.56,223.55,31.18,222.69,127.2,530.05,26.8,354.42,185.7,33.84,114.41,39.57,NaN,553.11,91.05,51.97,257.29,890.6,69.72,56.87,104.67,22.24,54.415,79.73,69.99,80.7,20.42,292.99,292.81,118.16,50.73,50.66,65.4468,35.11,47.88,36.39,202.51,102.37,8.765,31.92,10.08,590.32,487.12,186.5,186.52,49.0,190.06,NaN,46.12,146.99,0.884,599.87,246.95,6.61,29.36,43.62,75.5428,26.94,92.64,87.39,8.03,245.96,26.72,11.63,72.61,662.63,15.12,4.47,100.05,89.53,32.67,45.14,245.68,737.57,609.2,432.22,325.28,476.59,73.16,100.61,280.97
2025-11-20,12.24,266.25,206.02,29.78,217.14,126.76,520.82,25.74,346.82,179.38,33.08,114.42,38.21,NaN,546.13,90.12,50.78,238.16,893.29,66.93,55.97,102.7,21.41,54.11,78.04,67.56,80.69,19.94,289.98,289.45,106.21,48.96,50.675,65.1612,33.62,41.0,35.6,203.07,103.76,8.05,31.16,10.17,589.15,478.43,177.13,180.64,47.6,184.19,NaN,44.9,148.19,0.8617,585.67,241.11,6.14,28.81,39.48,72.9325,26.49,90.49,85.11,7.78,195.96,24.91,11.29,71.64,652.53,80.92,4.3,46.45,83.36,31.4448,42.11,241.32,715.7,599.96,424.6,320.1,467.0,72.19,107.11,272.15
2025-11-21,12.87,271.49,203.78,30.38,220.69,130.02,520.26,26.01,340.2,179.7,33.49,114.47,37.44,NaN,550.43,90.01,51.72,240.41,899.01,71.33,58.57,104.28,20.7,55.31,78.855,66.16,80.53,20.14,299.65,299.66,107.3,47.97,50.69,64.4393,34.5,41.71,37.67,203.9,105.18,8.62,32.8,10.4,594.25,472.12,170.5,178.88,47.63,191.35,NaN,46.7,150.92,0.865,590.07,242.92,6.36,29.42,40.3,73.7461,27.26,90.51,87.51,7.69,200.27,25.19,11.22,72.83,659.03,79.21,4.25,47.48,83.87,31.7431,41.59,247.26,718.89,605.93,427.18,323.8,469.92,72.92,105.32,273.2
2025-11-24,13.1,275.92,215.05,31.27,226.28,130.1,559.8,26.74,377.96,179.12,34.07,114.51,39.46,NaN,559.6,89.02,51.95,255.97,886.12,72.74,60.67,101.94,22.45,55.35,79.77,69.73,81.81,20.49,318.47,318.58,114.97,50.57,50.705,64.7296,35.79,46.76,37.59,206.05,105.03,9.0,33.28,10.52,613.05,474.0,179.04,182.55,44.97,191.56,NaN,47.39,146.98,0.88,605.16,249.14,7.23,29.59,42.45,75.4956,27.7,90.52,88.01,7.68,226.96,27.4,11.95,73.03,668.73,73.16,4.42,51.08,83.69,32.404,43.29,249.66,736.95,614.94,437.63,328.64,476.36,73.23,104.06,279.71
2025-11-25,13.46,276.97,206.13,30.75,229.67,130.62,556.03,26.89,385.03,182.44,34.55,114.52,38.67,NaN,566.61,89.4,52.64,254.12,894.33,70.11,62.15,103.31,22.13,56.31,80.87,68.36,81.79,21.06,323.64,323.44,115.57,49.56,50.72,64.76,35.83,47.06,39.13,206.67,106.01,9.39,34.36,11.14,636.22,476.99,172.19,177.82,47.06,191.02,NaN,48.31,148.49,0.8999,608.89,250.67,7.28,29.94,42.6,76.49,28.32,90.74,93.31,7.64,220.5,28.33,11.94,74.01,675.02,71.84,4.55,52.01,83.69,32.68,43.91,255.4,739.21,620.66,440.84,332.16,484.95,73.91,107.0,280.46
2025-11-26,13.93,277.55,214.24,30.5,229.16,130.27,586.37,27.12,397.57,186.92,34.87,114.56,39.82,NaN,573.73,90.55,53.5,264.97,908.26,72.64,64.27,103.43,22.9,56.53,80.55,70.38,82.43,21.63,320.28,319.95,128.2,51.03,50.73,65.165,36.81,46.9,39.36,207.56,108.29,9.29,35.06,11.41,633.61,485.5,175.64,180.26,48.71,193.76,NaN,49.64,148.25,0.9299,614.27,252.92,7.33,30.13,41.93,76.8853,28.51,91.8,96.16,7.61,215.04,28.49,11.82,74.38,679.68,69.97,5.04,53.37,85.66,32.8154,44.79,257.43,746.93,624.95,444.0,334.44,488.38,74.61,109.1,283.78
2025-11-28,14.05,278.85,217.53,31.09,233.22,131.85,599.48,27.32,402.96,189.0,35.17,114.6,40.17,NaN,575.76,91.28,54.53,272.82,913.59,79.93,64.1,104.47,22.95,56.61,81.13,71.01,83.46,22.53,320.12,320.18,128.49,51.55,50.745,65.5,40.56,49.3,39.48,206.92,109.12,9.5,34.81,11.32,647.95,492.01,177.18,177.0,49.35,194.94,NaN,50.24,148.16,0.9575,619.25,254.9,7.42,30.12,42.14,77.5049,28.64,92.73,97.57,7.68,223.28,29.72,12.05,74.72,683.39,68.41,5.28,54.54,87.54,33.3543,45.28,258.75,752.2,628.41,445.92,336.31,490.84,74.94,110.51,286.22
2025-12-01,13.96,283.1,219.76,29.95,233.88,131.39,623.59,26.77,386.08,186.46,35.25,114.63,37.85,NaN,568.06,88.5,54.06,259.84,911.96,75.94,64.15,106.77,20.77,56.41,81.82,66.92,83.86,22.79,315.12,314.89,123.24,48.5,50.565,65.28,40.01,47.12,39.19,205.34,108.54,9.26,34.77,11.77,640.87,486.74,171.42,179.92,48.43,199.49,NaN,50.43,147.44,0.9379,617.17,254.13,6.97,29.71,40.37,75.8854,28.4,92.69,101.39,7.64,210.17,29.03,11.52,74.29,680.27,69.1,5.2,54.05,86.57,32.4766,44.2,256.89,751.89,625.52,443.48,334.66,488.86,74.65,111.53,286.35
2025-12-02,14.24,286.19,215.24,30.79,234.42,132.08,653.0,27.06,381.57,205.38,35.15,114.65,40.31,NaN,582.47,88.28,54.04,263.26,922.03,77.44,65.14,104.83,22.51,56.3,82.94,71.25,83.32,22.81,316.02,315.81,125.95,51.67,50.58,64.64,43.47,46.93,37.85,205.42,106.95,9.42,35.43,11.88,647.1,490.0,181.33,181.46,47.43,215.35,NaN,51.48,145.86,0.9599,622.0,256.09,6.96,30.54,41.9,76.7777,28.28,92.07,101.43,7.62,205.35,29.51,11.22,74.52,681.53,67.5,5.12,55.3,87.57,32.9342,45.26,256.35,759.71,626.58,445.1,335.06,491.53,74.77,112.41,289.3
2025-12-03,14.56,284.15,217.6,32.04,232.38,134.5,662.21,27.82,380.61,202.54,35.51,114.665,41.15,NaN,591.49,88.33,55.79,276.92,922.26,86.29,67.49,105.74,23.72,56.62,82.76,72.73,83.27,23.21,320.62,319.63,133.64,52.74,50.6,63.636,43.76,48.65,39.22,205.33,106.13,10.2,35.68,11.67,639.6,477.73,188.39,179.59,47.57,227.56,NaN,57.15,146.71,0.9413,623.52,256.71,7.55,31.44,44.72,77.8801,28.72,93.99,107.44,7.66,194.38,29.07,11.78,74.9,683.89,67.03,5.25,55.69,90.68,33.8316,46.62,258.94,761.12,628.77,445.94,336.56,491.81,75.07,114.41,289.99
2025-12-04,14.34,280.7,215.98,33.01,229.11,136.75,683.78,28.61,381.03,201.87,36.88,114.66,40.97,NaN,599.15,88.61,56.3,274.05,895.855,87.46,67.24,105.47,23.77,56.68,85.18,72.38,83.33,22.95,318.39,317.62,137.08,52.51,50.595,64.18,40.5,54.76,39.13,202.48,104.94,11.4,35.81,11.68,661.53,480.84,186.01,183.38,47.99,226.16,NaN,54.79,145.36,1.05,622.94,256.46,8.32,32.22,49.37,80.2341,28.89,95.03,106.36,7.76,213.31,29.6,12.8,74.75,684.39,67.26,5.35,55.51,90.99,35.38,49.2,260.26,764.65,629.3,447.6,337.09,491.86,75.23,114.84,291.07
2025-12-05,14.81,278.78,217.97,32.47,229.53,138.13,691.94,28.41,390.24,201.89,36.77,114.69,39.55,NaN,603.17,89.28,57.11,269.73,894.68,85.62,67.1,105.3,22.85,56.92,86.92,69.9,83.19,23.0,322.09,321.27,131.95,50.69,50.62,64.376,41.41,52.69,39.06,201.93,102.96,11.21,37.85,11.47,673.42,483.16,178.99,182.41,47.86,227.95,NaN,54.74,143.45,0.9615,625.48,257.53,8.02,33.55,49.055,79.4076,28.85,93.82,108.34,7.91,228.47,27.78,12.76,74.93,685.69,66.49,5.3,56.15,91.32,35.74,47.92,260.19,767.97,630.48,449.07,337.56,494.09,75.38,115.11,146.6
2025-12-08,14.86,277.89,221.11,32.46,226.89,137.38,689.76,28.65,401.1,206.27,36.89,114.72,40.2,NaN,596.5,90.82,56.22,274.2,887.52,83.96,67.22,107.63,23.72,56.34,83.53,70.99,82.98,23.35,314.45,313.72,136.43,51.52,50.61,63.09,40.3,54.36,38.51,201.62,101.85,11.63,37.95,11.18,666.8,491.02,183.69,185.55,46.77,229.01,NaN,56.38,138.34,0.959,624.28,257.03,8.27,32.54,51.56,80.3007,28.82,94.28,109.14,8.03,225.47,27.61,12.68,74.49,683.63,66.93,5.21,55.8,92.57,36.0373,47.81,259.34,774.68,628.61,447.42,336.57,493.14,75.22,113.56,147.63
2025-12-09,15.03,277.18,221.62,32.51,227.92,143.89,724.62,28.67,406.29,200.37,36.88,114.69,41.23,NaN,594.36,90.2,57.64,277.36,888.44,88.88,67.41,107.02,25.17,56.135,83.5,72.82,83.37,23.11,317.75,317.08,135.71,52.85,50.59,63.58,40.5,54.44,37.58,199.96,102.89,11.66,38.15,14.32,656.96,492.02,188.99,184.97,46.36,228.05,NaN,55.23,139.63,0.933,625.05,257.35,8.61,32.3,53.43,80.23,28.88,94.16,110.14,7.92,219.46,26.83,12.31,74.45,683.04,66.69,5.23,56.01,89.07,36.31,48.13,259.21,776.36,628.1,447.57,336.23,493.04,75.12,115.06,148.02
2025-12-10,15.14,278.78,221.42,33.37,231.78,149.08,703.28,28.86,412.97,198.72,37.03,114.71,40.96,NaN,615.35,90.64,59.73,275.09,874.41,88.41,69.93,108.83,25.39,56.85,81.6,72.35,83.73,22.12,321.0,320.21,135.66,52.49,50.62,63.5,40.78,51.67,39.12,206.54,103.14,11.83,39.83,13.09,650.13,478.56,184.64,183.78,49.05,230.78,NaN,55.1,139.82,0.9655,627.61,258.39,8.38,32.95,57.52,81.8253,29.23,95.81,113.27,7.92,232.86,27.09,12.21,75.4,687.57,65.92,5.23,56.65,84.16,37.65,47.69,263.38,779.16,632.16,449.29,338.73,493.28,75.93,113.18,148.73
2025-12-11,14.96,278.03,221.43,32.24,230.28,150.33,716.98,29.45,406.37,200.71,36.93,114.75,40.65,NaN,625.61,91.84,60.18,269.02,884.48,88.57,70.56,111.46,24.38,57.38,82.47,71.79,84.63,21.86,313.7,312.43,123.38,52.1,50.625,63.93,39.51,52.55,39.05,210.01,103.45,12.55,40.74,13.39,652.71,483.47,183.3,180.93,50.29,231.83,NaN,55.97,140.76,1.03,625.58,257.55,8.79,33.45,63.53,85.07,29.52,97.05,114.2,7.64,241.61,27.07,12.03,76.26,689.17,66.57,5.44,56.11,85.44,39.33,49.0,266.21,776.34,633.71,448.87,339.87,493.02,76.13,115.52,147.97
2025-12-12,14.96,278.28,210.78,31.07,226.19,148.05,670.67,28.68,359.93,204.38,36.38,114.77,39.95,NaN,597.89,90.96,58.35,267.46,884.47,83.47,69.81,111.6,23.27,57.155,82.22,70.58,85.1,21.23,310.52,309.29,119.5,51.2,50.63,63.13,37.81,50.35,38.54,211.58,103.15,11.97,41.17,13.33,644.23,478.53,176.45,175.02,50.18,228.16,NaN,54.96,142.84,0.9704,613.62,252.57,8.04,32.73,61.49,83.345,29.11,96.65,112.67,7.31,206.18,27.28,11.65,75.94,681.76,70.5,5.43,52.82,85.11,38.527,46.05,262.61,753.93,626.87,441.4,335.99,485.26,75.61,116.7,143.69
2025-12-15,15.33,274.11,207.58,31.51,222.54,146.83,675.165,28.15,339.81,205.5,36.14,114.78,37.97,NaN,589.76,89.49,57.8,250.42,860.56,75.46,71.27,110.49,22.12,57.27,81.52,67.05,85.21,22.09,309.32,308.22,115.26,48.66,50.65,63.25,37.51,46.07,38.6,214.17,102.8,11.12,41.72,13.58,647.51,474.82,162.08,176.29,50.37,231.83,NaN,55.09,145.13,0.8875,610.54,251.36,7.48,32.52,55.41,82.57,28.94,95.28,113.62,7.26,201.87,25.82,10.79,75.88,680.73,71.59,5.41,52.02,81.86,37.38,44.63,261.24,745.51,625.96,440.15,335.33,482.86,75.87,116.79,142.3
2025-12-16,15.99,274.61,209.17,31.21,222.56,147.15,677.3,28.03,341.3,206.71,35.79,114.79,38.77,NaN,588.93,87.9,57.78,252.61,860.39,83.0,71.14,111.62,22.28,56.94,82.47,68.49,85.22,22.28,307.73,306.57,119.4,49.71,50.65,63.346,37.31,49.67,38.61,209.3,102.54,10.78,42.17,13.77,657.15,476.39,167.5,177.72,48.96,229.75,NaN,54.56,145.21,0.9799,611.75,251.85,7.37,31.94,55.49,81.188,28.77,96.0,113.87,7.37,209.31,26.58,11.11,75.54,678.87,71.17,5.2,52.33,80.92,36.8838,44.27,259.79,746.68,624.21,440.84,334.36,484.04,75.46,115.42,142.56
2025-12-17,15.51,271.84,198.11,29.04,221.27,146.4,657.13,27.28,326.02,206.33,35.0,114.82,37.98,NaN,561.89,88.25,58.02,244.19,862.65,79.2,69.72,110.63,21.32,57.02,79.38,67.1,85.92,23.03,298.06,296.72,115.8,48.71,50.66,63.07,36.05,45.85,38.69,210.33,102.94,10.21,40.98,14.01,649.5,476.12,160.38,170.94,47.77,223.23,NaN,53.33,147.81,0.9507,600.41,247.19,6.89,31.63,53.96,79.2446,28.58,96.61,112.95,7.5,206.83,25.27,10.99,74.83,671.4,75.14,5.18,49.4,79.14,35.48,42.71,258.44,730.42,617.35,432.61,330.71,475.56,74.96,115.66,139.39
2025-12-18,15.61,272.19,201.06,30.59,226.76,146.3,694.37,27.99,329.88,208.27,35.36,114.85,37.45,NaN,565.83,86.9,58.85,239.2,857.59,80.99,70.15,111.87,21.0,57.07,79.75,66.11,85.78,22.56,303.75,302.46,117.16,47.96,50.67,63.361,36.28,46.44,38.6,208.31,101.51,10.85,40.73,13.93,664.45,483.98,158.24,174.14,47.61,222.08,NaN,54.34,145.52,0.8894,609.11,250.76,7.19,31.52,59.92,80.86,28.72,97.23,114.01,7.63,219.46,26.29,10.89,75.28,676.47,71.92,5.14,51.51,79.69,36.26,43.96,259.72,740.62,622.01,437.71,333.25,481.93,75.57,114.83,141.54
2025-12-19,15.78,273.67,213.43,30.65,227.35,146.34,721.37,29.23,340.36,214.08,35.96,114.9,38.97,NaN,576.22,86.1,59.54,245.12,855.62,86.13,71.06,111.24,22.64,56.86,80.24,68.84,85.9,22.51,308.61,307.16,121.35,49.91,50.5,64.71,36.82,48.48,38.24,206.37,100.65,14.94,41.26,14.06,658.77,485.92,164.82,180.99,48.09,226.27,NaN,55.21,144.46,0.8839,617.05,254.1,8.05,32.02,70.52,84.8057,28.94,98.82,115.26,7.57,237.61,27.24,11.02,75.67,680.59,69.12,5.5,53.52,79.31,38.55,45.89,262.24,755.54,627.56,443.51,336.22,488.59,74.67,114.36,144.6
2025-12-22,16.26,270.97,214.95,31.86,228.43,148.89,733.6,30.18,341.45,216.84,36.56,114.93,39.08,NaN,582.41,86.43,61.68,247.9,850.0,87.0,72.06,112.38,22.48,57.27,81.74,69.03,87.87,21.74,311.33,309.78,122.37,50.09,50.5,64.665,36.37,53.86,39.29,207.32,99.78,16.69,42.24,13.71,661.5,484.92,164.32,183.69,48.1,228.94,NaN,56.37,142.69,0.898,619.21,254.93,9.22,32.04,77.55,87.65,29.25,101.41,117.03,7.94,241.05,27.35,11.27,75.92,684.83,68.21,5.53,54.25,81.26,40.52,46.18,264.05,760.78,629.73,446.05,337.6,490.6,75.09,112.6,145.16
2025-12-23,15.6,272.36,214.9,31.77,232.14,148.37,728.45,30.13,349.32,216.85,36.69,114.97,38.79,NaN,582.42,87.42,60.92,242.3,854.79,82.73,70.5,113.22,22.42,56.9,80.66,68.5,89.01,21.38,315.68,314.35,120.24,49.65,50.5,65.03,36.35,51.39,39.46,205.78,100.11,16.51,41.56,13.48,664.94,486.85,157.88,189.21,51.61,225.98,NaN,55.69,143.18,0.8827,622.11,256.18,9.18,32.27,77.18,87.5,29.08,101.18,113.57,7.81,244.9,27.19,11.0,75.98,687.96,67.24,5.58,55.01,80.97,40.15,46.56,262.78,765.03,632.67,449.83,338.72,494.02,75.55,110.9,145.95
2025-12-24,15.68,273.81,215.04,31.34,232.38,148.85,727.5,30.04,350.22,218.16,36.68,114.97,38.61,NaN,583.76,87.85,60.99,239.73,871.86,82.64,70.96,114.48,22.17,57.12,81.18,68.2,88.7,21.53,315.67,314.09,120.44,49.46,50.53,64.29,36.16,49.82,39.37,207.78,101.08,16.71,41.48,13.67,667.55,488.02,158.71,188.61,52.56,225.26,NaN,55.08,144.49,0.8621,623.93,256.87,9.09,32.52,77.18,87.4256,29.17,101.85,112.88,7.85,250.08,27.48,10.9,76.34,690.38,65.22,5.64,55.36,81.15,40.07,46.56,263.28,766.32,634.78,451.0,339.88,495.07,75.61,111.61,146.3
2025-12-26,15.44,273.4,214.99,30.58,232.52,148.52,714.23,29.52,352.13,216.44,36.59,115.03,38.74,NaN,583.0,88.28,61.09,236.9,873.35,81.27,70.85,113.56,22.14,57.18,81.56,68.4,89.71,21.09,314.96,313.51,118.13,49.61,50.545,64.1049,36.2,46.0,39.89,207.63,101.0,15.25,41.28,13.58,663.29,487.71,158.81,190.53,52.4,222.87,NaN,54.93,144.74,0.8275,623.89,256.88,8.3,32.26,70.65,85.61,29.09,101.89,114.0,7.86,250.05,27.07,10.7,76.33,690.31,65.33,5.81,55.31,81.26,38.91,45.88,262.84,767.17,634.84,450.69,339.67,495.06,75.85,111.74,146.53
2025-12-29,15.14,273.76,215.61,29.24,232.07,147.27,698.82,29.3,349.39,217.25,36.75,115.06,38.55,NaN,578.61,88.66,60.33,233.77,867.84,80.51,69.53,114.19,22.1,57.0,80.82,68.05,85.8,20.53,314.39,313.56,117.43,49.38,50.56,63.89,36.68,45.25,39.86,207.56,101.03,15.7,41.12,13.66,658.69,487.1,155.39,188.22,51.47,220.46,NaN,54.02,144.57,0.725,620.87,255.65,7.81,32.58,70.12,85.5989,28.91,101.31,113.32,7.88,244.25,26.82,10.41,76.03,687.85,66.3,5.63,54.49,81.5,38.87,45.74,261.46,763.1,632.6,448.6,338.39,492.54,75.61,112.53,145.87
2025-12-30,15.33,273.08,215.34,28.95,232.53,146.06,693.71,29.19,349.85,218.5,36.58,115.04,38.87,NaN,577.39,89.1,60.13,231.6,865.65,79.89,69.34,114.79,22.33,56.84,80.31,68.61,85.9,20.5,314.55,313.85,115.45,49.83,50.57,64.09,37.3,45.31,39.73,206.91,101.57,15.94,41.27,13.66,665.95,487.48,155.61,187.54,51.22,219.98,NaN,54.24,144.05,0.6808,619.43,255.04,7.79,32.56,70.45,85.84,28.73,100.55,113.69,8.07,240.22,26.56,10.04,75.74,687.01,66.78,5.65,54.1,82.12,38.97,42.81,260.47,760.89,631.72,447.77,337.85,491.69,75.76,111.92,145.41
2025-12-31,15.33,271.86,214.16,28.78,230.82,144.76,673.82,28.98,346.1,217.12,36.23,115.1,38.73,NaN,572.87,88.87,59.11,226.14,862.34,79.3,69.4,113.77,22.43,56.26,79.41,68.36,85.37,20.08,313.8,313.0,113.1,49.65,50.58,64.81,36.9,44.87,39.39,206.95,100.89,16.23,41.33,13.49,660.09,483.62,151.95,186.5,50.88,217.06,NaN,54.15,143.31,0.6418,614.31,252.92,7.93,32.65,69.76,85.09,28.48,99.91,111.9,8.07,237.38,26.18,9.97,75.05,681.92,68.5,5.66,52.72,81.71,38.65,42.73,257.95,753.78,627.13,444.59,335.27,487.86,75.44,111.41,143.97
2026-01-02,15.48,271.01,223.47,31.58,226.5,146.61,618.32,30.02,347.62,227.77,36.71,115.13,39.74,NaN,598.41,88.7,60.86,236.53,854.5,83.47,69.06,111.85,23.58,56.52,77.88,70.14,85.74,20.62,315.32,315.15,115.21,50.94,50.58,65.2,39.38,46.77,40.25,207.35,101.4,17.88,41.3,12.93,650.41,472.94,157.16,188.85,52.39,221.28,NaN,56.7,141.79,0.6989,613.12,252.44,9.16,33.47,75.99,88.54,28.8,101.57,113.85,8.13,275.24,27.46,10.6,75.41,683.17,68.97,5.6,52.35,82.86,40.32,46.06,261.54,755.98,628.3,444.85,336.31,486.2,76.54,112.76,144.3
2026-01-05,15.83,267.26,221.08,33.21,233.06,149.76,632.91,31.44,343.42,228.13,37.61,115.13,41.71,NaN,616.1,88.42,64.03,254.92,875.74,84.8,71.82,114.07,24.52,57.0,77.94,73.61,88.0,20.72,317.32,316.54,123.24,53.46,50.6,65.25,39.37,48.71,40.52,204.31,98.07,18.36,42.44,12.81,658.79,472.85,164.72,188.12,55.11,223.88,NaN,58.69,140.37,0.6775,617.99,254.43,10.9,34.04,78.14,91.2,29.2,103.74,110.96,8.25,274.08,29.28,11.0,76.25,687.72,67.36,6.01,53.6,80.74,41.52,48.63,264.97,757.42,632.46,446.51,338.84,488.45,77.35,112.71,144.62
2026-01-06,15.67,262.36,214.35,30.75,240.93,152.7,617.24,32.4,343.77,229.84,37.93,115.16,40.9,NaN,623.09,87.13,65.65,250.56,889.1,84.85,72.22,114.57,24.5,57.68,78.44,72.2,88.96,20.66,314.55,314.34,121.7,52.45,50.6,65.0,40.04,50.76,41.0,204.79,97.64,18.82,42.48,12.66,660.62,478.51,157.97,187.24,56.26,245.95,NaN,61.76,139.91,0.7004,623.42,256.69,10.82,35.06,86.03,93.21,29.7,103.57,117.22,8.79,349.63,26.98,11.23,77.26,691.81,65.61,6.2,55.01,85.54,42.87,49.37,269.41,766.49,636.21,448.86,341.21,490.23,77.62,114.34,146.65
2026-01-07,15.99,260.33,210.02,30.75,241.56,144.28,632.92,32.06,343.5,228.12,38.16,115.17,40.23,NaN,596.52,85.09,63.71,245.93,882.58,80.59,71.65,112.91,23.68,57.2,80.02,71.0,88.11,21.29,322.43,321.98,116.97,51.54,50.6,65.215,42.63,49.78,39.56,207.49,97.56,18.62,42.64,12.6,648.69,483.47,161.83,189.11,56.57,239.34,NaN,61.89,138.04,0.7269,624.02,256.93,10.45,35.13,84.08,91.91,29.58,101.93,117.84,8.62,353.56,27.0,11.06,76.43,689.58,65.42,6.07,55.17,86.19,41.98,49.83,267.47,766.1,634.17,450.0,340.05,491.49,77.23,112.72,146.53
2026-01-08,15.73,259.04,204.68,30.58,246.29,146.19,616.53,32.84,332.48,227.38,37.73,115.22,40.21,NaN,608.13,84.52,64.68,245.59,915.31,81.79,71.29,114.17,23.45,57.88,78.05,70.96,88.58,21.42,326.01,325.44,115.39,51.52,50.6,64.84,41.11,50.45,42.08,205.75,98.87,19.63,42.92,12.76,646.06,478.11,166.97,185.04,57.34,237.89,NaN,60.89,141.53,0.8495,620.47,255.45,11.83,36.43,83.08,93.58,29.84,101.34,122.94,8.4,334.54,27.72,11.02,76.47,689.51,66.59,5.93,54.19,87.59,43.02,49.51,269.23,754.81,634.06,446.18,340.14,488.15,77.28,113.07,144.24
2026-01-09,15.99,259.37,203.17,30.67,247.38,145.82,647.72,33.44,344.97,234.53,38.23,115.26,39.94,NaN,617.62,83.67,65.41,240.78,924.88,82.9,72.31,115.88,23.19,57.99,79.22,70.48,89.23,21.23,329.14,328.57,115.27,51.16,50.61,64.01,45.55,49.45,43.34,204.39,97.92,18.56,44.52,12.87,653.06,479.28,157.33,184.86,58.81,241.15,NaN,62.16,141.87,0.85,626.65,258.01,11.7,37.18,84.85,95.403,30.11,100.17,120.49,8.21,377.41,27.4,11.75,77.35,694.07,64.67,5.93,55.76,85.44,43.88,50.31,271.79,761.96,638.31,449.63,342.4,491.03,77.83,114.53,146.15
2026-01-12,16.0,260.25,207.69,30.47,246.47,143.91,658.65,34.09,352.21,239.81,38.44,115.26,40.48,NaN,629.77,84.99,65.81,242.98,943.08,82.9,71.03,112.82,23.44,57.9,78.66,71.41,90.9,20.98,332.73,331.86,117.52,51.87,50.62,64.2,44.06,50.95,42.36,209.72,98.27,19.2,43.85,12.97,641.97,477.18,162.23,184.94,59.86,238.33,NaN,58.75,143.46,0.8028,627.17,258.24,11.94,36.83,87.9,97.2082,30.16,101.9,123.68,8.19,389.27,26.6,11.57,77.63,695.16,64.51,6.27,55.89,84.67,45.08,51.76,272.21,765.51,639.34,451.29,343.03,492.53,78.55,117.97,146.79
2026-01-13,15.35,261.05,220.97,31.56,242.6,143.24,668.63,33.94,354.61,244.55,37.85,115.28,41.82,NaN,636.53,86.81,65.49,252.69,941.93,83.46,69.33,112.98,24.22,57.88,78.33,73.78,90.77,21.02,336.43,335.97,120.24,53.57,50.625,63.77,47.29,48.94,42.56,213.65,98.73,17.57,43.2,14.01,631.09,470.67,172.99,185.81,59.64,239.09,NaN,59.41,144.24,0.787,626.24,257.84,13.06,37.01,86.58,97.2489,30.13,101.18,126.22,7.99,389.81,27.14,11.08,77.29,693.77,64.85,6.52,55.6,85.41,44.51,50.77,272.52,764.41,638.03,450.4,342.34,491.24,78.13,120.36,146.48
2026-01-14,15.14,259.96,223.6,31.25,236.65,144.06,617.76,34.53,339.89,242.61,38.0,115.3,43.25,NaN,638.75,88.67,65.56,255.86,950.98,84.8,68.49,113.53,25.59,57.99,76.39,76.31,91.71,21.02,336.31,335.84,119.67,55.44,50.64,63.74,48.72,50.88,42.84,218.55,99.15,19.76,42.55,13.52,615.52,459.38,179.33,183.14,58.91,240.81,NaN,60.58,146.35,0.827,619.55,255.11,13.66,38.14,91.8,99.8448,30.29,101.92,123.88,7.9,387.81,26.67,11.28,77.15,690.36,66.94,7.29,53.83,84.65,45.76,52.59,273.08,755.28,634.94,445.24,341.0,485.13,78.47,120.04,144.7
2026-01-15,15.71,258.21,227.92,31.08,238.18,144.15,606.99,34.59,343.02,247.74,38.34,115.3,42.15,NaN,647.18,90.41,66.12,239.28,956.75,76.6,71.34,113.41,24.83,58.5,76.32,74.33,91.13,21.36,333.16,332.78,110.35,54.0,50.63,63.76,48.32,47.56,43.66,219.57,100.41,19.5,43.1,13.73,620.8,456.66,170.91,187.05,57.12,238.6,NaN,60.28,144.63,0.8191,621.78,256.0,14.03,38.31,90.76,101.2285,30.57,102.76,126.17,7.76,409.24,26.44,10.92,77.57,692.24,66.26,7.15,54.38,84.38,45.99,52.78,275.78,759.35,636.62,446.46,342.05,485.59,78.6,119.2,145.46
2026-01-16,15.37,255.53,231.83,32.19,239.12,143.88,568.76,35.17,351.71,247.68,38.35,115.32,42.28,NaN,646.89,90.87,65.62,241.15,963.61,78.61,70.43,111.2,24.88,58.07,75.38,74.58,90.71,21.1,330.34,330.0,108.74,54.24,50.65,62.96,46.96,50.8,43.35,218.66,99.32,21.58,43.12,14.34,620.25,459.86,173.71,186.23,62.33,237.11,NaN,60.33,144.53,1.13,621.26,255.71,13.67,37.74,96.3,102.8715,30.54,103.82,127.06,7.53,413.62,26.13,11.1,77.49,691.66,66.58,7.05,54.14,84.85,47.36,54.4,275.53,758.95,636.09,446.78,341.85,485.09,78.64,119.7,145.62
2026-01-20,14.79,246.7,231.92,31.16,231.0,138.64,565.52,33.82,332.6,249.0,37.17,115.36,39.62,NaN,629.0,86.81,61.81,227.73,964.26,72.7,67.46,110.34,22.67,57.01,75.46,69.89,94.14,21.1,322.16,322.0,105.78,50.76,50.655,61.725,48.56,50.66,41.66,218.21,101.48,21.19,42.38,14.59,604.12,454.52,160.23,178.07,60.68,230.7,NaN,60.06,147.0,0.977,608.06,250.37,14.41,37.61,89.16,100.22,30.2,100.99,122.78,7.35,453.12,25.49,10.45,76.42,677.58,70.77,7.15,50.73,83.72,46.24,54.12,271.79,738.69,623.15,436.0,335.11,472.57,77.73,118.71,141.84
2026-01-21,15.15,247.65,249.8,31.81,231.31,139.53,532.56,33.75,328.8,250.07,37.71,115.39,39.87,NaN,645.38,87.17,62.42,226.93,982.86,72.64,68.95,113.19,22.88,57.86,75.75,70.34,95.54,21.69,328.38,328.38,105.92,51.11,50.675,61.44,54.25,48.33,42.79,218.01,100.02,19.6,42.85,15.02,612.96,444.11,163.81,183.32,59.32,233.72,NaN,63.13,146.06,0.9523,616.28,253.7,15.61,37.89,87.82,101.05,30.86,101.79,123.16,7.37,501.29,25.64,10.62,77.23,685.4,67.97,7.06,52.73,84.26,45.74,56.15,276.85,748.6,630.29,440.31,339.08,477.05,78.6,119.36,143.81
2026-01-22,15.02,248.35,253.73,33.1,234.34,139.73,521.94,33.95,325.49,251.41,37.88,115.41,39.55,NaN,648.41,86.19,62.35,223.14,976.17,71.35,68.95,113.21,22.17,57.87,77.62,69.75,97.32,23.14,330.84,330.54,106.25,50.67,50.67,61.6,54.32,49.33,41.84,218.49,102.19,20.61,42.44,14.9,647.63,451.14,160.98,184.84,62.23,236.75,NaN,63.07,149.93,0.9239,620.76,255.59,17.36,37.45,87.98,102.2667,31.07,104.05,123.97,7.66,503.44,26.09,10.9,77.0,688.98,66.47,7.2,53.9,82.56,46.85,56.56,277.66,754.25,633.57,443.56,340.87,480.99,79.08,117.83,144.88
2026-01-23,14.67,248.04,259.68,33.28,239.16,136.31,524.41,33.75,320.05,252.15,37.77,115.41,39.58,NaN,626.62,86.6,61.28,216.95,983.25,71.33,67.96,110.98,22.2,57.54,81.64,69.82,98.61,22.99,328.43,327.93,106.99,50.7,50.7,60.87,45.07,47.25,43.04,220.14,102.23,20.03,41.95,14.76,658.76,465.95,163.11,187.67,62.26,232.475,NaN,61.98,150.15,0.7899,622.72,256.4,16.06,37.44,88.9,102.6,30.55,102.18,123.44,7.62,473.83,25.85,10.33,76.83,689.23,65.91,7.63,54.38,82.31,46.95,57.0,274.66,754.99,633.83,445.31,340.56,483.5,79.53,117.73,145.09
2026-01-26,14.57,255.41,251.31,31.55,238.42,131.56,535.44,33.06,324.85,248.43,37.96,115.44,38.75,NaN,635.92,87.25,61.21,213.48,977.67,70.9,67.5,111.31,21.9,57.59,83.07,68.31,100.06,24.01,333.59,333.26,107.0,49.65,50.705,61.24,42.49,43.37,43.0,221.49,101.14,18.42,42.03,14.87,672.36,470.28,160.58,186.47,63.98,231.05,NaN,61.13,149.49,0.7643,625.46,257.54,14.25,37.89,80.48,99.94,30.46,102.94,123.22,7.56,470.8,25.8,9.84,77.3,692.73,65.07,7.85,55.08,81.98,45.28,54.93,273.99,760.43,637.09,448.39,342.03,486.78,79.86,117.64,146.08
2026-01-27,13.55,258.27,252.03,32.17,244.68,131.72,543.56,33.89,332.79,244.56,38.26,115.43,39.52,NaN,638.91,86.75,60.32,210.83,970.28,69.96,66.14,110.61,22.83,57.3,81.71,69.69,102.51,24.21,335.0,334.55,105.24,50.63,50.72,60.99,43.93,45.49,42.2,224.44,100.64,20.29,41.34,14.84,672.97,480.58,161.58,188.52,62.89,229.42,NaN,62.63,148.34,0.733,631.13,259.85,15.67,37.96,87.0,103.91,30.46,103.72,122.64,7.46,481.43,25.46,9.94,77.8,695.49,63.33,8.22,56.54,81.24,47.27,57.85,274.07,769.9,639.7,452.54,343.27,489.9,81.1,116.94,148.05
2026-01-28,13.44,256.44,252.74,31.82,243.01,132.89,542.36,33.86,333.24,241.59,37.99,115.44,39.4,NaN,643.28,84.89,60.54,209.43,960.78,72.84,65.83,109.56,22.74,57.095,82.08,69.46,106.44,23.64,336.28,336.01,103.4,50.51,50.73,60.41,48.78,45.8,41.49,227.72,99.54,22.81,40.86,14.76,668.73,481.63,158.45,191.52,60.33,240.03,NaN,64.93,147.34,0.7359,633.22,260.76,16.38,37.52,88.57,103.8875,30.32,103.47,119.84,7.67,527.63,24.6,9.69,77.78,695.42,62.79,8.25,57.06,79.78,48.15,61.81,273.17,775.18,639.6,453.15,343.08,489.63,80.74,116.57,149.23
2026-01-29,13.51,258.28,252.18,31.45,241.73,134.49,569.24,33.16,330.73,234.04,37.96,115.43,37.17,NaN,665.24,86.92,59.5,199.18,952.89,67.55,66.54,111.58,21.11,57.08,81.51,65.53,106.77,22.81,338.66,338.25,101.24,47.6,50.74,60.65,48.66,43.24,39.0,227.29,98.66,20.99,48.5,15.17,738.31,433.5,143.19,192.51,59.33,233.5,NaN,62.2,149.9,0.708,629.43,259.14,14.93,37.05,85.68,103.01,30.38,103.47,119.35,7.24,539.3,24.36,9.08,78.47,694.04,63.88,8.6,56.04,81.7,47.12,59.33,272.65,760.8,638.27,450.88,342.29,485.13,80.95,117.41,146.87
2026-01-30,13.3,259.48,236.73,29.92,239.3,134.54,473.11,31.99,331.3,233.72,37.32,115.45,37.08,NaN,657.36,86.81,58.78,194.74,940.25,63.93,65.89,112.8,20.17,57.01,81.26,65.37,96.01,23.88,338.53,338.0,99.48,47.49,50.75,61.26,46.47,39.98,40.32,227.25,99.99,18.99,47.52,15.1,716.5,430.29,149.71,191.13,59.43,226.14,NaN,59.89,151.77,0.6869,621.87,256.05,13.5,36.69,80.07,100.79,30.04,103.92,118.2,6.93,576.25,22.81,8.46,77.39,691.97,66.26,7.62,54.0,80.05,45.44,54.99,269.89,747.92,636.22,446.79,340.57,481.55,79.66,119.14,143.88
2026-02-02,13.69,270.01,246.27,30.02,242.96,133.19,483.0,31.67,331.11,233.02,36.87,115.48,34.49,NaN,690.91,84.96,60.36,187.86,968.36,58.86,69.08,104.45,17.5,57.55,81.29,60.82,91.99,25.85,344.9,343.69,89.91,44.22,50.57,63.61,48.81,38.56,40.69,230.75,99.5,17.84,49.64,15.43,706.41,423.37,139.63,185.61,58.93,231.08,NaN,61.53,153.19,0.673,626.14,257.82,13.63,36.77,74.15,99.58,30.41,105.17,119.49,6.66,665.24,22.08,8.42,78.64,695.41,64.91,7.71,55.1,80.84,44.52,53.27,271.74,753.05,639.68,448.41,342.48,482.82,80.11,124.06,145.26
2026-02-03,14.01,269.48,242.11,30.0,238.62,126.85,461.79,32.85,320.33,233.15,36.88,115.51,33.79,NaN,702.89,84.41,58.27,179.66,977.92,56.16,70.44,104.22,17.34,57.25,79.3,59.61,97.87,24.52,340.7,339.71,87.07,43.3,50.59,63.11,49.25,38.47,42.06,233.1,100.77,19.61,51.19,15.38,691.7,411.21,133.26,180.34,50.3,220.66,NaN,59.43,155.32,0.6798,616.52,253.81,14.25,37.79,81.27,101.8,30.45,103.73,119.43,6.1,695.51,21.76,8.26,78.42,689.53,67.96,8.83,52.52,77.93,45.61,56.28,272.22,736.44,634.15,441.13,339.85,473.45,80.31,127.71,142.08
2026-02-04,14.43,276.49,200.19,27.61,232.99,132.8,387.34,31.1,308.05,235.95,36.61,115.52,32.46,NaN,691.82,86.11,58.39,168.62,978.35,55.05,70.86,107.05,16.34,57.93,81.12,57.22,97.72,24.98,333.34,333.04,80.62,41.57,50.6,63.85,48.6,35.34,44.69,234.47,103.21,16.61,52.59,15.45,668.99,414.19,129.09,174.19,47.19,226.86,NaN,62.06,156.87,0.6475,605.75,249.38,12.63,37.85,73.11,97.4993,30.36,103.88,116.18,5.91,584.55,20.75,8.07,78.14,686.19,71.49,8.37,49.76,73.92,43.48,52.39,272.17,721.75,630.91,433.18,338.25,467.37,80.25,128.0,138.12
2026-02-05,14.16,275.91,192.5,25.95,222.69,126.08,375.23,30.02,310.51,236.95,35.77,115.5,28.15,NaN,678.31,78.37,55.41,146.12,989.29,50.23,69.78,104.97,14.06,57.69,78.93,49.66,95.21,24.69,331.33,331.25,72.68,36.1,50.605,63.33,48.24,30.43,44.37,237.79,104.26,14.79,52.51,15.65,670.21,393.67,106.99,171.88,43.34,222.13,NaN,63.1,158.61,0.6078,597.03,245.83,11.31,38.03,66.32,94.805,29.91,102.0,113.21,5.12,576.2,19.46,7.35,77.91,677.62,74.58,7.6,47.64,75.21,42.11,49.11,268.96,708.53,623.1,426.4,333.9,458.88,79.29,126.94,135.63
2026-02-06,15.24,278.12,208.44,28.17,210.32,133.03,406.72,31.69,332.92,243.03,37.48,115.58,30.99,NaN,726.2,80.88,58.71,165.12,1001.16,57.04,75.35,108.7,15.51,58.61,82.76,54.63,98.06,24.98,323.1,322.86,82.82,39.68,50.62,63.76,50.59,34.99,46.58,239.99,104.33,17.52,54.26,16.0,661.46,401.14,134.93,185.41,47.64,224.32,NaN,65.2,159.17,2.98,609.65,251.01,12.63,38.33,72.32,99.8177,30.89,105.08,116.72,5.22,597.95,20.86,8.56,79.86,690.62,69.99,7.85,50.59,74.77,43.97,52.16,277.35,739.54,635.24,437.11,340.96,468.59,81.05,131.18,141.13
2026-02-09,14.99,274.62,216.0,28.79,208.72,133.95,460.38,32.545,343.94,244.71,38.14,115.59,31.32,NaN,742.12,83.08,59.21,167.25,997.59,60.1,75.0,107.13,16.03,58.26,85.93,55.19,100.58,24.64,324.4,324.32,86.56,40.11,50.64,64.2,50.24,35.48,47.5,238.64,104.7,19.45,53.36,15.84,677.22,413.6,138.44,190.04,49.37,228.91,NaN,65.1,157.33,2.98,614.32,252.93,13.71,38.43,75.84,102.35,30.98,107.21,119.55,5.19,583.4,21.35,8.81,79.78,693.95,68.41,8.24,51.74,73.91,45.53,54.9,278.51,751.47,638.23,441.94,342.64,473.39,82.15,129.02,143.35
2026-02-10,15.1,273.68,213.57,31.88,206.96,132.43,472.92,31.97,340.44,242.59,38.36,115.56,30.43,NaN,742.37,84.54,57.68,162.51,971.23,59.75,74.46,109.96,15.2,58.25,85.53,53.63,99.58,24.82,318.63,318.58,85.6,38.97,50.65,64.87,47.13,35.19,48.0,238.35,105.88,18.62,54.07,15.3,670.72,413.27,133.0,188.54,49.12,236.62,NaN,67.38,159.08,2.95,611.47,251.78,12.62,37.98,72.03,100.69,30.91,99.25,118.64,5.23,541.64,21.18,8.25,79.53,692.12,69.38,8.2,51.02,73.5,44.54,53.5,278.93,748.25,636.44,439.38,341.8,471.1,82.35,126.7,142.55
2026-02-11,14.35,275.5,213.58,34.26,204.08,126.95,456.81,31.28,342.76,236.26,38.12,115.59,29.88,NaN,775.0,86.07,53.54,153.2,978.14,57.86,71.42,108.12,14.75,58.24,87.82,52.67,100.67,24.21,311.33,310.96,77.97,38.29,50.63,65.03,48.29,33.61,49.19,240.86,107.6,17.04,51.43,15.32,668.69,404.37,126.07,190.05,48.74,249.75,NaN,71.18,160.0,3.2,613.11,252.43,12.005,37.94,69.62,98.77,30.81,95.45,125.31,4.99,599.34,20.55,7.96,80.27,691.96,68.88,8.35,51.4,71.01,43.52,53.71,278.13,748.78,636.35,438.7,341.47,469.03,82.99,128.77,142.97
2026-02-12,14.05,261.73,205.94,31.95,199.6,125.37,366.91,30.95,331.17,239.35,37.96,115.6,28.91,NaN,758.29,87.81,54.45,141.09,998.86,56.63,69.5,102.38,14.46,57.28,84.26,50.95,97.25,23.52,309.37,309.0,71.12,37.05,50.65,65.16,46.48,31.3,49.17,244.55,108.26,15.72,50.83,15.08,649.81,401.84,123.0,186.94,48.93,242.19,NaN,70.63,161.21,2.91,600.64,247.32,11.25,37.16,66.01,98.06,30.31,95.08,129.02,4.82,630.29,19.3,7.46,78.73,681.27,73.1,7.85,48.26,71.22,42.64,51.75,272.94,729.64,626.49,430.93,336.01,460.15,82.13,133.64,139.21
2026-02-13,13.88,255.78,207.32,34.26,198.79,125.07,390.55,31.38,325.17,242.96,38.34,115.69,30.43,NaN,774.2,90.38,54.49,164.32,1018.48,60.04,69.0,105.45,15.44,57.87,85.56,53.63,99.61,23.57,306.02,305.72,75.97,38.97,50.68,64.48,46.79,34.11,49.1,243.45,109.41,16.13,51.11,15.53,639.77,401.32,133.88,182.81,49.57,244.43,NaN,72.21,160.07,2.96,601.92,247.83,11.37,37.48,67.44,99.93,30.61,93.72,131.06,4.83,626.56,19.61,7.46,79.39,681.75,72.73,8.29,48.47,69.99,43.54,51.91,276.3,730.8,626.89,429.13,336.65,457.98,82.4,133.89,139.56
2026-02-17,14.4,263.88,203.08,36.66,201.15,125.15,376.38,31.62,332.54,244.04,38.62,115.73,29.97,NaN,764.76,91.86,54.24,166.02,1012.05,61.62,70.85,105.44,15.05,57.65,81.69,52.81,96.55,23.26,302.82,302.02,75.44,38.39,50.68,64.5,46.18,33.18,49.05,243.33,107.52,16.62,54.26,14.98,639.29,396.86,128.67,184.97,49.37,245.09,NaN,71.96,159.55,3.34,601.3,247.57,11.4,36.91,69.89,99.79,30.59,93.08,131.45,4.73,590.59,19.51,7.32,79.67,682.85,72.96,7.97,48.35,70.53,43.72,51.32,276.04,731.08,627.99,430.47,337.07,459.53,82.23,128.85,139.48
2026-02-18,14.1,264.35,200.12,34.78,204.79,125.36,404.39,32.25,333.51,238.93,38.36,115.71,29.3,NaN,751.97,87.43,54.9,164.05,996.08,63.15,71.11,107.1,14.63,58.06,80.69,51.64,98.66,23.87,303.94,303.33,75.21,37.54,50.68,64.68,45.46,33.34,48.48,244.99,109.9,17.74,54.8,14.94,643.22,399.6,125.2,187.98,49.23,237.33,NaN,70.66,156.86,3.2,605.79,249.38,12.08,37.6,74.42,101.78,30.75,95.38,127.73,4.88,600.4,19.54,7.54,79.96,686.29,71.4,8.02,49.39,72.77,44.805,52.99,278.01,737.84,631.15,433.34,338.83,462.48,82.51,126.62,140.91
2026-02-19,13.35,260.58,203.37,33.78,204.86,118.34,412.0,33.12,333.99,233.71,38.64,115.73,29.69,NaN,760.53,86.47,52.98,165.94,987.82,61.92,67.44,106.0,14.72,57.93,81.67,52.32,98.97,23.9,303.56,302.85,75.65,38.07,50.68,63.33,44.62,33.43,46.86,246.91,108.68,18.19,52.08,14.95,644.78,398.46,129.45,187.9,48.45,232.11,NaN,68.09,158.56,3.34,603.47,248.51,12.83,38.37,76.58,103.95,30.78,93.87,127.32,5.0,621.09,19.3,7.83,79.75,684.48,72.21,7.67,48.83,72.94,45.25,53.92,278.19,734.65,629.53,432.66,338.19,461.22,82.38,124.87,140.21
2026-02-20,13.59,264.58,200.15,34.04,210.11,119.72,418.68,32.55,332.65,232.03,39.02,115.75,29.97,NaN,759.74,88.01,53.23,171.35,985.27,63.02,69.44,105.58,14.89,58.32,80.0,52.81,100.88,23.43,314.9,314.98,76.11,38.42,50.695,64.35,44.11,31.9,46.87,242.49,109.02,17.55,52.09,15.89,655.66,397.23,131.05,189.82,47.42,232.27,NaN,69.11,160.78,3.46,608.81,250.67,12.47,38.43,70.86,103.2318,30.91,94.03,130.64,5.14,649.97,19.02,7.82,80.41,689.43,70.37,7.95,50.06,73.86,44.65,54.36,279.14,737.6,634.02,436.95,340.27,465.04,83.37,122.99,140.88
2026-02-23,12.93,266.18,196.6,32.51,205.27,113.73,380.62,32.07,330.34,230.44,38.58,115.75,28.51,NaN,756.47,87.7,49.52,160.24,986.02,61.17,66.88,104.41,14.05,57.48,75.6,50.23,103.64,23.64,311.69,311.49,71.78,36.55,50.7,63.84,43.63,30.78,44.41,245.84,110.51,18.14,50.9,16.05,637.25,384.47,123.71,191.55,39.63,231.16,NaN,69.47,165.17,2.98,601.41,247.65,12.785,37.42,70.21,103.32,30.36,92.75,124.04,4.93,666.49,18.22,7.83,79.43,682.39,72.96,7.9,48.24,70.72,44.14,53.44,274.54,726.85,627.63,431.47,336.46,459.28,82.93,125.81,138.52
2026-02-24,13.15,272.14,213.84,33.71,208.56,114.13,393.22,32.41,325.49,233.39,39.01,115.76,28.53,NaN,768.23,88.64,50.89,162.03,998.43,61.37,69.23,106.05,14.03,57.995,75.23,50.27,102.21,23.77,310.92,310.9,73.39,36.53,50.7,63.93,46.12,31.62,44.02,246.28,111.11,18.9,50.64,17.38,639.3,389.0,124.61,192.85,38.59,234.63,NaN,70.03,165.28,2.89,607.87,250.31,12.88,37.2,69.97,105.06,30.65,93.12,128.11,4.97,638.52,18.66,8.36,80.25,687.35,70.655,8.4,49.78,71.38,44.84,54.95,277.41,737.3,632.21,434.72,339.21,463.94,83.42,126.75,140.32
2026-02-25,13.32,274.23,210.86,34.68,210.64,117.21,421.63,32.18,332.31,230.36,39.66,115.78,30.62,NaN,766.61,86.04,51.55,183.94,994.76,83.14,69.38,105.05,15.68,57.91,77.35,53.94,101.96,24.22,313.03,312.9,77.53,39.23,50.71,64.12,46.88,33.59,43.66,245.17,109.21,15.89,49.89,17.32,653.69,400.6,135.65,195.56,38.16,235.07,NaN,69.68,163.39,3.07,616.68,253.83,12.42,36.44,70.2,103.6,30.72,95.35,128.9,5.07,632.38,19.29,8.52,80.68,693.15,67.64,8.28,51.87,72.83,44.39,55.19,278.09,751.26,637.53,440.7,341.83,470.32,84.2,125.75,143.01
2026-02-26,13.94,272.95,203.68,34.64,207.92,114.4,444.93,32.4,321.7,229.41,39.5,115.79,29.83,NaN,752.93,86.4,54.46,181.06,986.74,87.21,70.51,105.55,15.29,58.54,79.2,52.58,102.83,24.1,307.15,307.38,79.45,38.26,50.72,63.91,45.46,40.88,43.13,243.47,110.38,17.67,50.93,17.03,657.01,401.72,133.4,184.89,37.62,232.23,NaN,68.16,163.75,3.2,609.24,250.88,12.99,37.44,72.65,104.48,30.93,97.52,126.88,5.26,651.9,19.1,8.98,80.64,689.3,70.07,8.5,50.05,74.8,44.96,54.87,279.93,740.19,633.95,435.45,340.49,465.46,83.96,124.42,141.01
2026-02-27,13.07,264.18,200.21,32.58,210.0,104.6,434.77,31.96,319.55,227.53,39.02,115.83,29.02,NaN,742.83,89.54,51.99,175.85,1010.79,83.44,65.7,106.04,14.52,58.43,79.03,51.13,104.14,24.03,311.43,311.76,75.85,37.19,50.72,63.65,45.61,38.37,43.55,248.43,111.44,16.48,49.26,17.14,648.18,392.74,129.5,177.19,37.45,227.01,NaN,66.48,167.2,2.97,607.29,250.06,11.65,37.44,69.1,103.69,30.52,95.2,122.87,5.21,635.36,17.76,8.6,80.94,685.99,70.85,8.88,49.52,75.42,44.47,54.34,277.11,726.7,631.04,431.28,338.77,460.87,83.81,127.95,138.76
2026-03-02,12.52,264.72,198.62,33.01,208.39,106.45,432.98,32.33,318.82,229.74,38.19,115.84,30.6,NaN,752.32,89.53,52.41,185.24,1002.77,96.14,64.25,104.33,15.37,58.41,79.18,53.89,105.54,24.2,306.36,306.52,78.78,39.195,50.57,61.8138,45.5,38.34,42.89,248.56,109.74,17.99,48.27,17.13,653.56,398.55,137.65,182.48,37.76,224.76,NaN,66.48,163.51,2.93,608.09,250.36,13.67,37.95,70.97,107.55,30.72,95.49,120.59,5.26,619.08,18.39,8.62,80.64,686.38,70.59,8.76,49.7,75.95,46.18,56.45,278.74,733.89,631.28,432.06,339.12,462.24,82.4,127.1,139.54
2026-03-03,12.46,263.75,190.95,31.09,208.73,107.08,438.89,31.7,313.84,224.12,36.9,115.87,30.19,NaN,722.18,90.26,51.66,182.36,1007.77,99.63,64.6,103.3,14.93,58.05,81.1,53.18,100.88,23.82,303.56,303.58,76.07,38.7,50.57,60.73,43.1,37.05,42.05,246.75,104.64,18.2,47.75,16.52,655.08,403.93,132.68,180.05,36.66,215.25,NaN,63.42,159.72,2.81,601.58,247.72,14.7,38.21,70.13,105.34,30.18,95.24,115.74,5.25,565.41,18.61,8.51,79.28,680.33,72.87,8.03,48.1,76.36,45.39,52.0,274.02,723.68,625.72,428.06,335.73,459.35,79.56,127.91,137.5
2026-03-04,12.46,262.52,202.07,31.86,216.82,109.79,482.81,32.1,317.53,227.31,37.13,115.85,32.35,NaN,731.97,91.15,52.5,208.93,1006.74,105.27,63.83,103.04,16.25,58.09,82.79,56.99,101.62,23.87,303.45,303.13,82.21,41.44,50.56,60.79,45.58,37.13,42.58,245.3,104.73,18.62,47.15,16.31,667.73,405.2,146.44,183.04,38.5,216.37,NaN,62.53,158.3,2.83,610.75,251.37,14.73,38.32,71.91,106.39,30.41,96.04,114.86,5.37,599.06,18.7,8.16,79.69,685.13,69.62,8.18,50.26,76.65,46.44,52.77,275.4,733.13,630.18,432.87,338.19,464.01,80.34,127.81,139.84
2026-03-05,11.79,260.29,199.45,30.84,218.94,111.24,508.56,31.42,332.77,222.06,36.58,115.86,31.52,NaN,706.08,90.11,51.67,205.71,982.57,105.74,61.31,102.41,15.8,57.62,84.42,55.53,100.38,23.88,300.91,300.88,80.56,40.39,50.57,60.65,45.95,36.02,41.31,239.63,104.91,17.67,43.9,15.76,660.57,410.68,139.81,183.34,39.07,210.58,NaN,60.85,153.99,2.75,608.91,250.72,15.08,37.11,70.0,102.81,29.9,95.41,114.0,5.34,565.59,19.25,8.27,78.56,681.31,70.26,7.49,49.8,75.44,44.9,50.06,271.12,733.27,626.81,432.39,336.0,464.31,78.72,123.31,140.18
2026-03-06,11.18,257.46,192.43,27.7,213.21,108.7,502.14,31.25,330.48,231.11,36.09,115.89,30.12,NaN,680.9,90.43,48.9,197.22,998.1,101.91,59.01,101.54,14.93,57.005,83.67,53.06,101.97,24.37,298.3,298.52,77.09,38.6,50.59,60.18,43.42,35.73,39.53,240.4,104.58,17.63,41.56,16.62,644.86,408.96,133.53,177.82,38.58,201.74,NaN,56.87,153.63,2.67,599.75,246.97,15.36,38.02,70.11,102.2591,29.19,95.23,111.1,5.16,527.33,18.9,8.07,77.36,672.38,73.46,7.2,47.54,75.13,44.51,48.78,265.2,719.03,618.43,425.57,331.41,458.08,77.98,123.8,137.29
2026-03-09,11.44,259.88,202.68,29.04,213.49,108.14,517.23,31.92,345.75,225.0,36.09,115.89,30.57,NaN,704.82,89.73,48.82,199.79,1005.3,111.84,60.58,101.66,15.37,56.92,83.81,53.79,101.76,24.8,306.01,306.36,79.35,39.13,50.585,59.62,45.58,35.87,38.39,242.59,102.85,18.08,43.03,16.57,647.39,409.41,138.95,182.65,39.78,205.25,NaN,59.23,155.22,2.62,607.76,250.21,14.095,38.46,71.48,103.79,29.49,94.38,111.36,5.13,588.73,18.79,8.22,78.05,678.27,70.6,7.19,49.39,73.84,45.23,51.07,267.91,731.87,623.8,432.09,334.28,464.1,78.95,124.34,139.76
2026-03-10,11.11,260.83,203.23,29.68,214.33,108.17,477.39,31.58,342.58,217.76,36.28,115.89,30.99,NaN,716.68,88.52,48.45,196.52,997.36,118.09,59.27,101.32,15.4,56.29,84.2,54.6,102.89,24.37,306.93,307.04,78.53,39.71,50.57,60.11,46.78,35.12,39.09,243.71,101.71,17.68,42.82,16.15,654.07,405.76,138.46,184.77,38.72,203.03,NaN,59.59,156.01,2.67,607.77,250.27,14.67,38.52,68.93,103.02,29.45,93.17,112.44,4.91,618.89,18.29,7.9,77.99,677.18,70.59,7.38,49.4,72.36,45.36,52.31,266.65,731.99,622.72,432.35,333.51,463.28,79.12,125.12,139.76
2026-03-11,11.04,260.81,204.83,30.66,212.65,106.1,461.45,31.64,341.57,214.1,36.3,115.95,31.26,NaN,707.59,87.56,47.08,198.63,992.23,112.81,59.14,100.89,15.69,55.87,83.48,55.05,102.59,24.46,308.42,308.7,78.69,40.07,50.57,58.73,47.98,34.27,38.66,242.99,100.04,18.45,41.85,16.02,654.86,404.88,138.33,186.03,38.83,199.87,NaN,59.24,153.32,2.88,607.69,250.21,16.16,38.96,71.96,102.6697,29.44,92.67,110.16,4.86,655.43,18.53,7.79,77.53,676.33,70.65,7.35,49.35,74.97,45.41,51.36,266.41,735.04,622.03,432.74,333.24,463.51,79.04,123.49,140.43
2026-03-12,10.55,255.76,197.74,29.26,209.53,100.3,449.33,31.08,335.97,204.76,35.59,115.97,31.18,NaN,700.69,86.11,45.31,193.23,1003.32,114.18,57.94,99.43,15.63,55.03,84.4,54.89,100.6,24.43,303.21,303.55,76.12,39.95,50.54,57.04,45.25,33.03,35.65,242.04,97.82,17.64,38.61,15.83,638.18,401.86,137.34,183.14,38.02,191.22,NaN,57.69,150.5,2.84,597.26,245.94,16.16,38.7,68.37,100.76,28.77,91.24,101.68,4.65,618.82,17.7,7.47,76.14,666.06,74.33,7.01,46.83,72.97,44.75,50.77,260.75,720.66,612.5,425.46,327.92,455.3,77.47,125.33,137.84
2026-03-13,10.3,250.12,193.39,31.02,207.67,104.44,458.67,30.74,322.16,209.89,34.83,116.01,31.5,NaN,693.99,87.47,45.64,195.53,1008.43,115.38,58.78,99.29,15.89,55.05,83.44,55.47,99.28,23.53,301.46,302.28,73.39,40.37,50.56,56.3898,45.77,32.98,37.25,241.52,98.84,17.6,38.75,15.97,613.71,395.55,139.67,180.25,37.96,190.86,NaN,58.55,150.65,2.78,593.72,244.45,15.86,38.31,68.41,100.13,28.71,93.06,100.04,4.56,661.62,17.76,7.3,75.96,662.29,75.74,6.6,45.93,73.33,44.64,49.29,260.61,714.44,609.09,421.15,326.13,450.21,76.74,126.52,136.8
2026-03-16,10.49,252.82,196.58,30.9,211.74,103.45,453.3,31.25,324.92,213.47,35.39,116.0,32.74,NaN,699.78,87.52,46.38,203.32,1001.74,125.83,60.84,98.66,17.61,55.31,84.49,57.64,99.2,23.28,304.42,305.56,75.31,41.94,50.58,56.94,45.76,33.29,37.54,243.19,100.26,17.69,40.23,16.8,627.45,399.95,147.52,183.22,38.58,191.89,NaN,59.88,152.12,2.58,600.38,247.17,15.54,39.2,71.31,101.46,29.03,93.63,102.95,4.68,703.63,17.63,7.54,76.68,669.03,73.21,6.79,47.46,74.66,45.69,49.95,262.88,724.95,615.19,426.54,329.46,455.58,78.27,125.99,138.78
2026-03-17,10.86,254.23,196.31,31.17,215.2,108.89,459.09,32.04,321.31,210.82,35.38,116.005,32.99,NaN,702.0,87.93,47.87,210.23,996.16,132.31,64.83,100.3,17.54,55.64,83.16,58.08,98.96,23.59,309.41,310.92,77.35,42.27,50.58,56.99,44.06,33.31,37.39,238.11,100.48,18.9,41.12,16.47,622.66,399.41,150.28,181.93,38.43,194.02,NaN,60.98,151.48,2.41,603.31,248.45,16.97,38.77,78.59,104.0,29.28,93.93,105.27,4.65,720.17,17.37,7.82,77.11,670.79,72.15,6.69,48.16,77.79,46.78,50.52,265.42,727.4,616.89,427.37,330.57,456.62,78.61,125.08,139.54
2026-03-18,10.8,249.94,199.46,30.14,209.87,111.2,442.57,31.26,315.93,205.99,34.85,116.01,31.44,NaN,693.62,84.91,47.72,202.29,979.92,132.84,63.81,99.42,16.5,54.91,83.39,55.34,95.81,23.36,306.3,307.69,74.9,40.26,50.58,56.29,45.03,32.38,35.9,237.28,98.72,18.11,40.19,15.15,615.68,391.79,140.56,180.4,37.45,192.69,NaN,60.46,146.71,2.4,594.9,244.96,17.0,38.69,69.48,101.62,28.93,93.28,102.66,4.62,753.69,17.18,7.39,75.94,661.43,75.21,6.21,46.1,76.66,45.5,49.07,262.55,719.85,608.38,421.88,326.02,450.02,77.25,121.98,137.96
2026-03-19,10.8,248.96,205.27,30.67,208.76,111.37,439.92,31.37,319.84,201.18,34.88,116.0,31.08,NaN,688.65,85.07,47.72,202.91,974.78,128.33,65.01,99.2,16.16,54.9805,83.12,54.71,91.86,23.23,305.73,307.13,74.16,39.82,50.58,55.82,46.18,31.9,34.0,237.6,98.58,18.91,40.87,14.98,606.7,389.02,138.24,178.56,37.08,192.35,NaN,59.29,144.84,2.34,593.02,244.2,15.135,39.45,71.93,102.36,29.11,93.99,101.93,4.56,772.09,17.08,6.875,75.99,659.8,75.91,5.9,45.69,75.34,46.11,48.27,263.35,721.72,606.75,420.26,325.44,448.57,77.15,121.09,138.43
2026-03-20,10.43,247.99,201.33,28.74,205.37,112.0,442.39,30.15,310.51,195.12,33.6,116.03,31.05,NaN,680.88,82.36,47.13,197.5,972.33,126.03,63.44,99.51,16.1,54.35,81.4,54.65,89.07,22.57,298.79,301.0,70.89,39.77,50.55,54.7221,43.87,31.2,33.76,235.37,98.2,17.83,39.41,14.23,593.66,381.87,135.66,172.7,36.53,191.37,NaN,59.26,144.28,2.28,582.06,239.64,13.25,38.98,67.23,101.02,28.46,94.66,98.05,4.48,709.71,16.9,6.55,75.24,648.57,80.25,5.73,43.08,73.89,45.36,46.44,257.24,705.13,597.94,411.99,320.34,440.3,74.71,119.02,135.29
2026-03-23,10.81,251.49,202.68,30.8,210.14,110.45,458.95,30.64,322.51,198.41,34.24,116.03,31.27,NaN,701.7,81.33,47.68,200.62,965.73,126.64,65.13,97.95,16.28,54.81,82.77,55.02,87.04,23.03,299.02,302.06,72.49,40.05,50.58,55.9,44.01,33.11,35.56,235.42,99.45,20.31,40.35,14.74,604.06,383.0,138.2,175.64,36.82,193.39,NaN,59.89,143.99,2.28,588.0,242.07,15.15,39.69,68.0,102.81,29.05,95.3,105.16,4.51,702.49,17.15,6.89,75.8,655.38,77.48,5.94,44.57,75.12,46.6,48.15,262.22,716.42,604.43,417.4,324.19,446.3,76.58,120.72,136.95
2026-03-24,10.71,251.64,205.37,32.21,207.24,111.25,435.91,30.24,318.29,196.42,33.82,116.04,30.66,NaN,716.63,78.59,47.26,181.04,973.82,101.17,66.65,96.39,15.97,54.78,79.34,53.97,87.07,22.81,289.2,290.44,69.08,39.28,50.58,54.4872,44.06,32.7,36.14,235.27,98.92,17.92,39.83,15.03,592.92,372.74,136.25,175.2,36.89,196.4,NaN,62.34,143.16,2.2,583.98,240.42,16.08,40.74,66.07,102.06,29.24,95.68,108.45,4.36,702.48,16.7,6.36,76.24,653.18,79.14,5.96,43.62,72.34,45.7,48.19,263.51,711.9,602.38,412.89,323.18,441.14,75.95,122.05,136.15
2026-03-25,10.74,252.62,220.27,33.56,211.71,109.8,436.69,31.08,318.81,199.61,34.38,116.06,31.34,NaN,719.04,76.96,47.01,181.1,974.86,103.86,67.99,95.95,16.41,55.08,78.89,55.18,89.67,23.08,289.59,290.93,72.54,40.17,50.58,55.66,47.18,31.96,36.47,239.93,99.36,20.55,40.19,15.275,594.89,371.04,139.13,178.68,36.33,197.61,NaN,63.1,143.92,2.22,587.82,241.98,15.87,43.53,72.88,105.39,29.48,94.99,107.49,4.49,677.86,16.56,6.48,76.48,656.82,76.96,6.2,44.39,73.08,47.92,48.95,266.09,716.46,605.66,415.33,325.15,444.25,77.08,123.06,136.76
2026-03-26,10.71,252.89,203.77,32.31,207.54,109.98,391.21,29.87,309.415,194.36,33.29,116.1,30.31,NaN,703.19,77.97,46.77,173.38,979.65,98.27,66.86,94.75,15.46,54.75,81.03,53.34,86.33,22.56,280.74,280.92,70.35,38.82,50.57,54.81,44.1,29.84,36.15,239.24,98.85,19.23,39.53,14.87,547.54,365.97,132.93,171.24,36.4,196.92,NaN,60.87,142.42,2.36,573.79,236.21,14.0,41.89,65.94,101.32,28.93,94.47,104.28,4.01,603.17,15.87,6.06,74.95,645.09,82.5,5.81,41.23,70.55,45.81,46.7,261.74,696.04,594.92,403.5,319.55,432.72,75.2,122.18,132.5
2026-03-27,10.3,248.8,201.99,33.72,199.34,108.42,381.2,28.93,300.68,190.52,32.46,116.14,29.19,NaN,695.4,78.59,45.67,161.14,983.86,93.66,64.83,92.42,15.01,54.05,78.2,51.37,89.34,22.1,273.76,274.34,66.02,37.4,50.57,53.75,43.13,27.51,35.45,240.45,98.66,17.52,37.36,15.13,525.72,356.77,126.03,167.52,36.04,191.66,NaN,58.35,142.71,2.08,562.58,231.61,12.68,40.83,60.93,99.26,28.46,92.36,102.11,3.93,615.83,15.23,5.9,74.11,634.09,87.42,5.98,38.78,69.18,44.16,46.63,256.27,681.0,582.96,395.11,313.09,422.37,74.69,122.89,129.92
2026-03-30,10.18,246.63,196.04,32.21,200.95,109.95,372.08,27.99,293.41,189.21,31.99,116.16,29.42,NaN,667.43,79.68,46.42,160.79,996.58,89.91,63.19,94.32,15.27,54.09,79.05,51.74,89.32,22.27,273.14,273.5,65.16,37.68,50.61,53.29,41.19,26.59,35.0,242.49,96.35,16.35,36.29,15.15,536.38,358.96,121.44,165.17,35.29,187.39,NaN,55.66,144.72,1.89,558.28,229.87,11.59,40.02,57.38,95.2279,28.08,93.06,97.62,4.02,572.5,15.15,6.03,73.46,631.97,89.42,5.87,37.89,69.91,42.5,45.29,253.84,668.7,580.93,391.94,311.68,420.01,74.63,123.5,127.5
2026-03-31,10.74,253.79,203.43,33.85,208.27,111.42,398.0,29.35,309.51,199.03,33.22,116.29,29.99,NaN,708.46,81.31,48.39,174.61,996.43,95.41,66.48,96.38,15.83,54.93,81.72,52.76,92.69,23.04,286.86,287.56,69.3,38.42,50.62,54.97,44.13,28.83,35.7,244.44,96.47,18.56,37.57,15.34,572.13,370.17,124.8,174.4,36.75,196.86,NaN,61.92,144.44,2.03,577.18,237.62,13.09,40.09,64.22,99.46,29.08,93.98,105.9,4.6,635.34,15.88,6.87,75.19,650.34,80.49,6.45,41.68,71.93,44.81,48.43,261.92,697.72,597.55,407.69,320.81,436.79,77.11,124.28,132.9
2026-04-01,11.13,255.63,210.21,32.65,210.57,110.25,387.84,29.91,313.49,207.32,33.9,116.21,30.16,NaN,730.32,80.83,47.4,172.99,996.56,90.74,67.6,96.56,16.16,55.0,81.15,53.05,94.3,22.76,294.9,297.39,70.11,38.64,50.47,55.19,48.03,27.79,35.66,244.12,97.57,20.24,38.23,15.3,579.23,369.37,122.78,175.75,36.48,195.58,NaN,62.2,144.09,2.11,584.31,240.57,12.15,40.89,65.52,102.3554,29.35,92.36,106.49,4.9,692.73,15.63,6.68,75.86,655.24,77.45,6.77,43.23,71.71,46.26,49.26,263.41,706.65,602.3,413.01,323.24,441.56,78.01,124.74,134.91
2026-04-02,10.84,255.92,217.5,32.09,209.77,107.04,386.37,30.32,314.55,208.22,33.4,116.26,29.65,NaN,717.22,84.78,46.55,171.46,1014.96,90.26,66.76,96.61,15.63,55.12,82.53,52.15,92.48,23.36,294.46,295.77,68.9,37.97,50.5,54.85,50.38,29.3,34.79,243.04,96.13,23.99,37.6,14.92,574.46,373.46,119.83,177.39,36.98,194.55,NaN,62.19,143.12,2.1,584.98,240.86,12.94,41.01,67.73,106.4,29.52,93.77,104.38,4.63,701.59,15.85,6.78,75.76,655.83,77.29,6.65,43.33,71.84,49.17,48.9,264.66,712.65,602.99,413.49,323.76,442.03,77.48,125.79,135.99
2026-04-06,10.9,258.86,220.18,32.62,212.79,106.11,412.68,30.725,314.43,212.3,33.59,116.26,30.85,NaN,721.24,86.57,46.87,174.79,1018.55,92.15,66.78,96.28,16.2,55.62,82.29,54.26,92.13,23.08,297.66,299.99,69.78,39.52,50.5,55.78,50.78,29.24,34.93,240.97,96.99,22.92,38.18,15.42,573.02,372.88,127.69,177.64,36.67,197.08,NaN,63.49,142.77,2.53,588.5,242.32,13.06,40.64,67.67,106.76,29.64,92.99,108.48,4.71,724.63,16.27,6.7,76.38,658.93,75.92,6.77,44.1,72.17,49.43,48.61,265.51,716.22,605.67,415.24,325.21,444.08,77.97,126.79,136.78
2026-04-07,10.81,253.5,221.53,31.54,213.77,105.36,410.44,30.5,333.97,210.0,33.39,116.28,30.52,NaN,724.44,84.91,47.0,175.18,1013.21,94.12,65.62,95.78,15.95,55.32,83.72,53.7,93.04,23.43,303.93,305.46,69.65,39.1,50.51,56.04,52.91,28.49,34.54,238.41,93.05,22.73,37.87,15.59,575.05,372.29,123.72,178.1,36.91,195.12,NaN,63.79,141.3,2.25,588.59,242.38,12.08,40.63,66.32,106.78,29.68,93.34,104.15,4.8,710.8,16.11,6.7,76.04,659.22,75.91,6.76,44.15,71.73,49.41,47.95,265.55,718.45,606.04,417.06,325.43,444.93,78.02,122.49,137.43
2026-04-08,11.41,258.9,231.82,33.02,221.25,107.05,391.2,31.7,350.63,217.8,35.12,116.27,31.55,NaN,771.58,85.52,48.18,175.09,1030.27,94.44,68.08,99.18,16.72,56.435,83.51,55.52,93.63,22.91,314.74,317.32,71.83,40.42,50.53,58.49,58.95,28.99,37.07,241.3,97.0,23.39,40.4,15.62,612.42,374.33,128.3,182.08,37.61,204.27,NaN,68.38,144.9,2.34,606.09,249.54,13.04,41.32,69.08,110.15,30.59,96.7,111.91,4.73,780.9,16.49,6.79,78.63,676.01,69.2,7.23,48.0,72.38,50.98,51.4,273.1,739.1,621.34,429.61,333.7,456.9,81.23,127.26,141.69
2026-04-09,11.37,260.49,236.64,36.15,233.65,106.98,379.14,31.22,354.91,220.06,34.92,116.26,31.92,NaN,787.07,86.57,48.17,169.02,1032.03,85.1,67.83,99.79,16.77,56.39,80.66,56.11,94.38,22.87,316.37,318.49,70.12,40.91,50.52,58.37,61.72,28.08,36.78,241.31,97.96,21.97,40.21,15.77,628.39,373.07,128.86,183.91,37.44,205.67,NaN,68.49,146.66,2.41,610.19,251.23,11.93,41.14,66.74,109.32,30.82,97.27,114.96,4.95,851.57,16.27,6.55,79.18,679.91,67.86,7.11,48.96,71.81,50.165,50.93,272.98,740.15,625.02,433.0,335.45,459.52,81.07,129.13,142.07
2026-04-10,11.32,260.48,245.04,37.71,238.38,104.28,391.38,31.37,371.55,217.63,35.43,116.31,32.44,NaN,790.66,86.29,47.29,167.85,998.47,88.04,67.82,99.17,17.05,55.85,76.7,57.04,94.21,23.22,315.72,317.24,69.19,41.56,50.53,59.38,62.38,28.79,36.5,238.46,97.28,23.57,39.56,15.59,629.86,370.87,128.64,188.63,37.52,204.37,NaN,68.65,145.16,2.65,611.07,251.6,12.37,40.96,68.05,109.75,30.68,94.8,115.07,4.82,851.77,16.22,6.43,78.76,679.46,67.62,7.29,49.17,70.48,50.67,50.96,272.11,743.28,624.6,435.23,335.05,461.13,81.27,126.77,142.62
2026-04-13,11.23,259.2,246.83,37.81,239.89,109.95,417.45,32.04,379.75,222.14,35.97,116.28,32.45,NaN,791.73,87.08,49.2,174.53,980.85,98.68,67.05,101.18,17.08,56.33,78.74,57.09,93.84,23.4,319.21,321.31,71.67,41.59,50.54,58.66,65.18,29.76,36.65,237.96,96.6,24.41,39.45,15.87,634.53,384.37,132.36,189.31,37.98,208.0,NaN,71.02,143.58,2.74,617.39,254.17,12.9,41.57,70.62,111.42,31.21,96.79,115.37,5.15,952.5,17.05,6.84,79.23,686.1,65.57,7.39,50.66,72.34,51.49,52.18,276.13,758.26,630.72,440.56,338.67,467.36,81.89,124.57,145.61
2026-04-14,12.13,258.83,255.07,39.45,249.02,114.82,433.51,32.41,380.78,223.77,36.59,116.3,32.87,NaN,794.25,86.27,51.19,184.41,974.8,105.49,71.7,102.59,17.49,56.475,78.7,57.81,95.9,24.03,330.58,332.91,79.09,42.13,50.55,59.03,63.81,35.76,36.54,240.1,97.16,23.67,41.26,15.75,662.49,393.11,137.41,196.51,39.32,209.89,NaN,72.05,144.38,2.75,628.6,258.78,12.64,42.29,72.22,110.9067,31.43,98.38,116.63,5.6,944.46,17.91,6.97,79.61,694.46,62.02,7.79,53.41,72.91,51.67,52.84,278.24,770.04,638.35,449.7,342.65,476.72,82.81,125.05,147.94
2026-04-15,12.17,266.43,258.12,37.74,248.5,120.54,464.63,32.81,396.72,223.93,36.73,116.33,33.21,NaN,770.17,85.63,52.06,195.9,984.75,105.52,71.99,103.04,17.97,56.47,79.64,58.37,94.91,24.79,334.47,337.12,87.32,42.56,50.55,59.23,64.94,43.25,36.51,238.67,96.81,23.88,41.7,15.7,671.58,411.22,143.54,198.87,40.81,209.39,NaN,72.43,143.38,2.69,637.4,262.48,13.03,42.35,73.6,110.85,31.42,100.27,115.51,6.04,891.72,18.79,7.85,79.41,699.94,59.44,7.51,55.65,77.28,52.2,54.84,278.28,784.02,643.45,455.57,345.24,485.66,82.65,124.76,150.3
2026-04-16,12.27,263.4,278.26,37.97,249.7,120.81,466.09,33.47,398.47,218.88,36.71,116.36,33.36,NaN,772.66,86.87,51.28,199.825,987.21,107.46,69.89,103.9,17.82,56.65,82.4,58.64,94.84,25.18,332.77,336.02,86.85,42.73,50.56,59.71,68.5,44.68,36.19,234.54,97.97,27.28,40.63,14.59,676.87,420.26,148.94,198.35,40.93,213.73,NaN,79.93,143.11,2.68,640.47,263.69,13.71,41.98,82.93,114.74,31.59,92.62,114.88,6.02,919.47,19.03,7.7,79.13,701.66,58.61,7.62,56.43,76.48,54.7,55.27,279.57,791.94,644.86,456.37,346.03,486.5,82.63,124.82,152.02
2026-04-17,12.78,270.23,278.39,39.72,250.56,124.62,477.2,33.59,406.54,223.38,37.41,116.39,34.3,NaN,794.65,88.71,52.68,206.33,999.89,105.91,71.72,106.29,18.38,57.52,81.84,60.29,96.04,24.55,339.4,341.68,90.75,43.94,50.58,61.32,68.5,46.09,37.13,234.18,98.84,27.58,42.7,14.69,688.55,422.79,166.52,201.68,40.52,216.03,NaN,83.01,146.93,2.73,648.85,267.13,12.72,42.21,84.8,115.19,32.24,92.28,119.6,6.03,920.99,19.43,8.08,80.5,710.14,56.39,7.73,58.59,77.12,54.69,55.86,284.67,805.58,652.78,462.76,350.53,493.92,83.75,127.5,154.35
2026-04-20,12.24,273.05,274.95,40.73,248.28,127.33,490.96,33.66,399.63,225.08,37.5,116.42,33.78,NaN,798.4,87.56,52.55,211.63,997.84,106.36,71.21,106.3,17.62,57.75,82.6,59.37,95.26,24.92,335.4,337.42,91.275,43.25,50.59,60.34,65.7,48.32,36.89,230.69,98.54,27.52,41.82,14.22,670.91,418.07,170.81,202.06,40.46,221.34,NaN,85.56,144.49,2.64,646.79,266.3,12.595,42.08,89.46,115.12,32.42,93.15,121.66,6.0,913.02,19.5,8.32,80.47,708.72,56.91,7.71,58.08,77.49,54.56,56.05,286.16,809.13,651.54,460.46,350.21,492.58,83.48,127.92,154.56
2026-04-21,11.77,266.17,284.49,41.93,249.91,127.26,473.18,33.37,402.17,219.16,36.74,116.45,33.18,NaN,800.45,84.92,52.09,195.95,1005.81,96.02,70.22,104.29,17.35,57.51,85.26,58.35,92.58,24.46,330.47,332.29,86.43,42.51,50.58,59.85,66.26,46.28,35.44,226.16,96.6,27.82,40.92,13.83,668.84,424.16,163.97,199.88,39.42,224.5,NaN,86.91,142.32,2.56,644.33,265.31,12.57,42.08,86.64,113.81,32.12,91.97,118.17,5.64,903.49,18.83,7.85,79.66,704.08,57.59,7.1,57.4,77.26,53.6,53.74,284.17,101.02,647.25,76.25,347.84,81.5,81.88,129.6,154.69
2026-04-22,11.5,273.17,303.46,48.15,255.36,129.06,483.71,33.76,422.65,231.28,37.37,116.45,34.9,NaN,808.87,86.01,51.28,206.24,1003.7,104.36,68.41,104.82,18.13,57.2,87.09,61.37,93.81,25.66,337.73,339.32,88.43,44.75,50.59,60.35,65.27,47.36,33.33,226.1,96.75,29.94,39.35,13.96,674.72,432.92,179.36,202.5,39.15,225.75,NaN,88.99,142.85,2.49,655.11,269.63,13.55,42.08,90.04,114.61,32.25,91.71,117.3,5.84,979.07,19.06,8.22,80.13,711.21,54.73,7.39,60.21,75.58,54.31,57.73,284.28,103.03,653.9,77.6,351.22,83.02,82.59,129.98,158.09
2026-04-23,11.78,273.43,305.33,46.15,255.08,124.77,454.17,33.12,419.94,234.15,36.66,116.47,34.4,NaN,835.24,87.52,49.03,197.93,1014.38,100.01,68.37,103.65,17.49,57.0798,82.76,60.48,92.89,25.01,337.75,338.89,83.54,44.05,50.6,59.5361,66.78,43.63,33.54,230.65,97.93,27.56,37.75,14.05,659.15,415.75,172.47,199.64,38.52,241.16,NaN,97.78,145.71,2.4,651.42,268.22,12.54,42.33,84.6,112.81,32.08,88.92,114.69,5.57,932.43,18.32,7.82,80.25,708.45,55.66,7.16,59.22,74.7,52.9,56.47,283.25,101.57,651.26,76.81,349.8,82.04,81.72,132.03,155.84
2026-04-24,12.1,271.06,347.81,49.48,263.99,124.26,448.29,32.97,422.76,232.44,37.36,116.5,34.37,NaN,830.79,86.34,48.32,199.77,1011.15,99.66,68.45,102.6,17.52,56.75,84.34,60.37,93.34,24.95,342.32,344.4,84.71,44.02,50.62,59.71,82.54,42.69,32.65,227.5,97.85,25.53,39.45,14.46,675.03,424.62,171.02,208.27,41.17,244.04,NaN,98.4,148.18,2.32,663.88,273.38,11.8,42.47,79.68,110.63,32.23,88.5,115.74,5.65,989.9,18.44,8.19,80.73,713.94,52.5,7.2,62.56,74.64,51.03,55.31,283.4,104.16,656.42,77.99,352.05,83.25,82.49,129.92,160.22
2026-04-27,11.68,267.61,334.63,49.64,261.12,123.33,460.29,33.24,418.2,231.33,38.49,116.49,34.0,NaN,828.79,83.44,47.72,196.68,998.01,95.44,68.2,102.35,17.27,56.7,85.67,59.77,92.63,25.41,348.52,350.34,83.95,43.56,50.62,59.506,84.99,43.84,32.65,225.34,98.25,26.2,38.2,14.13,678.62,424.82,169.2,216.61,41.2,236.87,NaN,98.04,148.4,2.27,664.23,273.51,11.69,43.0,82.29,110.08,32.37,90.76,116.77,6.06,1070.2,18.76,8.16,80.27,715.17,52.45,7.47,62.64,76.27,50.64,56.7,283.57,104.32,657.5,78.39,352.53,83.49,82.34,127.59,160.57
2026-04-28,11.64,270.71,323.21,47.5,259.7,123.57,449.03,32.69,399.83,230.72,37.66,116.51,33.77,NaN,817.87,86.17,47.72,194.1,994.0,94.35,67.22,101.47,17.37,56.44,85.72,59.34,90.92,25.09,347.5,349.78,82.07,43.27,50.63,59.04,84.52,43.08,34.02,227.79,98.44,24.58,38.01,13.73,671.34,429.25,165.71,213.17,41.17,230.39,NaN,93.3,149.17,2.04,657.55,270.76,11.34,43.12,78.59,108.5856,31.98,90.83,114.58,5.95,1002.35,18.36,8.06,79.7,711.69,54.05,7.21,60.74,74.11,50.01,54.23,280.63,102.67,654.26,77.62,350.63,82.77,81.89,127.59,157.85
2026-04-29,11.31,270.17,337.11,47.7,263.04,122.28,443.43,31.73,405.45,224.11,37.33,116.51,33.38,NaN,810.05,85.87,47.81,181.73,998.67,95.56,66.27,101.3,16.85,56.24,86.11,58.68,89.97,24.52,347.31,349.94,71.2,42.75,50.63,58.9381,94.75,42.11,33.58,227.35,96.1,24.79,37.22,13.65,669.12,424.46,158.19,209.25,40.29,289.25,NaN,98.86,146.46,1.88,661.57,272.39,11.07,42.86,77.02,107.35,31.75,91.16,113.13,5.98,1064.21,15.525,7.71,80.01,711.58,53.08,6.97,61.86,74.47,49.61,52.89,279.23,103.13,654.24,77.43,350.21,82.68,81.23,128.01,159.11
2026-04-30,11.71,271.35,354.49,53.54,265.06,128.72,446.35,33.0,417.43,229.03,38.45,116.53,33.81,NaN,890.11,88.78,50.07,187.77,1014.53,90.88,67.99,103.75,17.08,56.85,84.31,59.4,91.37,24.95,381.94,384.8,72.89,43.32,50.63,59.22,94.48,45.12,30.42,229.85,98.43,25.35,37.92,14.19,611.91,407.78,165.45,199.57,42.22,293.59,NaN,100.81,147.09,1.93,667.74,274.9,11.72,43.38,82.51,111.46,32.42,91.64,115.53,6.07,1096.51,16.1,7.96,81.08,718.66,51.65,7.16,63.54,74.61,51.65,56.42,284.39,103.18,660.58,78.03,354.18,83.17,83.06,131.93,159.5
2026-05-01,11.84,280.14,360.54,52.51,268.26,130.46,460.0,32.78,421.28,227.38,38.6,116.57,34.7,NaN,889.67,89.26,49.44,191.25,1011.7,99.7,68.98,103.08,17.42,56.53,86.29,60.97,91.21,26.53,383.22,385.69,73.66,44.47,50.48,59.023,99.62,46.2,31.76,227.19,97.67,25.62,38.76,14.15,608.745,414.44,177.17,198.45,43.88,295.24,NaN,103.03,147.26,1.89,674.15,277.54,11.23,43.16,78.81,110.78,32.62,91.54,114.65,6.29,1187.0,16.43,9.56,80.8,720.65,50.22,7.15,65.3,75.12,51.36,55.84,284.82,104.85,662.52,78.46,355.29,83.86,82.97,131.6,161.87
2026-05-04,11.81,276.83,341.54,50.3,272.05,129.19,475.0,32.51,416.5,221.3,38.38,116.59,35.43,NaN,874.78,90.18,49.97,202.99,1012.79,119.53,68.5,101.31,17.77,56.04,89.24,62.23,89.38,23.84,379.64,383.25,76.55,45.4,50.46,58.22,95.78,45.75,31.2,224.2,95.65,25.35,38.35,13.96,610.41,413.62,183.8,198.48,44.39,290.76,NaN,102.04,143.42,1.97,672.88,277.05,11.0,40.99,80.31,110.66,32.52,91.48,114.8,6.17,1255.86,16.2,9.47,80.56,718.01,50.51,6.85,64.91,73.93,51.31,54.77,283.39,104.95,660.12,78.36,353.98,83.72,82.25,130.33,162.05
2026-05-05,12.37,284.18,355.26,55.01,273.55,130.3,478.11,32.26,427.36,224.38,38.75,116.59,36.12,NaN,904.59,89.1,51.29,197.75,1016.42,114.19,70.86,100.48,17.9,56.45,89.92,63.46,90.13,24.23,384.27,388.43,77.03,46.28,50.47,59.2232,108.15,48.0,31.86,225.55,97.2,24.8,39.71,14.44,604.96,411.38,186.9,196.5,44.87,292.35,NaN,102.67,144.9,1.93,681.61,280.62,10.43,41.77,78.76,110.09,33.15,92.4,117.41,6.11,1406.32,16.02,9.14,81.67,723.77,48.59,6.84,67.39,72.95,50.76,54.2,286.69,106.81,665.3,78.96,356.99,84.31,83.41,130.79,165.63
2026-05-06,12.94,287.51,421.39,57.07,274.99,129.53,468.83,33.82,425.44,229.93,39.88,116.59,36.03,NaN,926.93,90.24,50.8,197.96,995.75,121.8,73.34,108.06,17.72,56.79,89.95,63.3,92.85,25.17,395.14,398.04,79.05,46.19,50.505,60.3284,113.01,52.57,33.52,224.62,99.19,26.33,41.5,14.04,612.88,413.96,186.82,207.83,45.76,303.55,NaN,105.77,147.9,1.91,695.77,286.4,10.62,40.51,84.65,113.21,33.53,92.15,115.49,6.11,1409.98,16.3,9.37,82.67,733.83,45.59,7.52,71.57,79.17,52.7,58.26,290.85,109.56,674.66,80.73,361.86,85.9,85.62,130.08,170.03
2026-05-07,13.18,287.44,408.46,53.22,271.17,127.79,498.87,32.85,412.56,231.03,39.83,116.61,35.45,NaN,895.69,91.07,49.01,192.96,1012.06,113.25,73.11,108.66,17.3,56.51,107.97,62.28,93.05,23.97,395.3,397.99,76.28,45.4,50.5,60.1368,109.62,47.68,33.08,222.51,99.56,24.11,41.39,13.39,616.81,420.77,179.84,211.5,45.8,290.22,NaN,100.61,146.06,1.9,694.94,286.12,10.36,39.14,78.58,109.35,33.03,89.5,113.12,5.98,1339.96,16.0,9.63,81.93,731.58,45.73,7.25,71.34,76.73,51.04,56.26,286.58,109.5,672.54,80.6,360.2,86.05,84.25,130.2,169.69
2026-05-08,13.35,293.32,455.19,55.19,272.68,133.2,468.55,34.34,430.0,237.36,41.45,116.65,35.47,NaN,897.45,90.57,50.63,201.16,1008.79,113.67,73.33,108.02,17.48,56.34,114.07,62.31,93.49,24.28,397.05,400.8,77.03,45.45,50.53,60.5658,124.92,49.24,33.03,221.32,98.31,28.97,41.31,13.2,609.63,415.12,187.59,215.2,46.07,294.75,NaN,103.2,146.42,1.94,711.23,292.82,10.37,39.04,105.47,113.52,33.46,88.61,111.67,6.08,1562.34,15.75,8.88,82.44,737.62,42.57,7.49,76.28,75.45,54.5,55.18,288.17,112.44,678.04,81.63,362.87,86.84,85.43,130.43,175.52
2026-05-11,12.79,292.68,458.79,58.72,268.99,130.46,478.42,34.9,428.43,238.21,41.31,116.65,36.24,NaN,926.79,90.67,49.46,216.6,999.47,131.76,71.2,104.72,17.67,55.86,115.44,63.67,93.69,23.17,386.77,388.64,80.78,46.47,50.51,59.007,129.44,56.89,32.47,221.43,95.75,32.42,39.99,13.43,598.86,412.66,195.94,219.44,46.4,305.99,NaN,107.24,143.36,1.82,713.29,293.71,11.25,37.58,117.35,117.49,33.46,87.83,107.49,5.75,1547.56,16.26,8.45,82.99,739.3,42.22,7.57,76.96,76.15,56.3,57.23,288.58,113.72,679.52,81.86,363.63,86.81,85.39,127.59,177.88
2026-05-12,12.69,294.8,448.29,54.51,265.82,131.93,490.69,34.605,419.3,236.87,40.72,116.67,35.74,NaN,912.14,91.5,50.04,207.64,1021.88,123.65,70.71,106.16,17.24,55.79,113.87,62.79,93.32,22.37,383.82,387.35,78.27,45.8,50.5,57.68,120.61,55.87,32.87,224.26,97.34,32.09,39.48,13.49,603.0,407.77,184.42,220.78,47.0,294.23,NaN,104.11,143.91,1.67,707.24,291.14,11.03,38.15,117.56,116.65,33.08,90.18,108.41,5.55,1452.02,15.9,8.06,82.59,738.18,43.31,7.93,74.96,76.36,55.59,54.35,286.33,112.3,678.67,81.62,362.79,86.56,84.23,130.35,175.2
2026-05-13,12.71,298.87,445.5,55.73,270.13,131.6,453.53,34.81,416.79,240.6,41.63,116.67,35.2,NaN,902.3,89.62,49.16,201.8,1033.08,126.57,71.05,104.9,17.02,55.48,117.69,61.84,92.78,22.08,399.04,402.62,76.75,45.12,50.52,58.0381,120.29,55.26,31.98,230.42,97.04,35.68,39.41,13.67,616.63,405.21,178.03,225.83,47.08,298.41,NaN,115.71,142.24,1.61,714.71,294.16,9.4,39.23,124.15,119.07,33.09,91.17,102.94,5.61,1447.23,15.31,8.42,82.39,742.31,41.99,7.79,77.24,74.7,56.36,53.31,285.67,113.45,682.41,82.52,364.71,87.51,85.08,131.47,176.85
2026-05-14,12.7,298.21,449.7,54.7,267.22,135.52,485.16,35.11,439.79,229.21,41.12,116.69,36.01,NaN,920.22,87.31,50.04,212.01,1041.25,123.88,71.55,105.42,17.36,55.6,121.86,63.27,92.09,21.61,397.17,401.07,80.7,46.17,50.51,58.2583,115.93,57.47,31.6,230.8,96.67,36.52,39.33,14.14,618.43,409.43,186.97,235.74,45.8,294.17,NaN,118.37,142.71,1.58,719.79,296.37,9.74,39.87,132.55,121.79,33.15,89.44,106.7,5.36,1382.72,16.02,8.52,83.19,748.17,41.07,7.62,78.95,74.69,57.97,52.5,287.01,115.19,687.73,83.49,367.4,88.49,85.02,132.46,179.5
2026-05-15,12.31,300.23,424.1,55.06,264.14,135.38,501.0,33.84,425.19,220.49,40.23,116.73,34.98,NaN,888.31,86.66,48.02,195.43,1048.95,114.0,70.23,102.72,16.76,55.24,122.78,61.44,89.98,21.59,393.32,396.78,77.14,44.82,50.51,58.0,108.77,51.95,30.26,226.71,95.91,33.89,38.5,14.45,614.23,421.92,177.42,225.32,44.74,291.5,NaN,113.11,141.57,1.58,708.93,291.89,9.49,39.47,124.77,117.5661,32.58,90.88,105.63,5.53,1407.61,15.61,8.41,82.58,739.17,42.98,6.83,75.34,75.09,56.25,49.93,281.82,113.31,679.44,82.19,362.74,87.43,83.11,131.45,176.26
2026-05-18,12.36,297.84,420.99,50.15,264.86,134.07,492.38,34.11,420.71,220.61,39.83,116.76,33.97,NaN,863.95,89.92,46.6,189.44,1076.47,111.39,70.24,103.91,16.0,55.85,126.5,59.66,90.19,21.91,393.11,396.94,77.15,43.53,50.53,57.19,108.17,49.31,30.4,228.92,96.54,33.59,38.36,15.42,611.21,423.54,166.63,222.32,44.28,291.68,NaN,109.43,142.39,1.53,705.88,290.63,8.93,40.16,131.16,119.11,32.34,92.39,106.41,5.67,1333.01,15.71,8.35,82.63,738.65,43.54,6.52,74.32,75.08,57.59,48.68,281.43,112.13,678.91,81.63,362.36,87.09,83.53,133.34,174.36
2026-05-19,12.06,298.97,414.05,47.09,259.34,131.15,476.9,33.69,411.07,215.01,38.89,116.77,33.94,NaN,860.15,92.34,45.52,193.45,1094.32,111.03,67.76,102.29,15.93,55.6,127.64,59.6,88.7,22.1,384.9,387.66,74.16,43.5,50.51,56.71,110.8,48.44,29.38,230.0,96.47,32.46,37.35,15.38,602.61,417.42,164.63,220.61,44.28,294.28,NaN,106.02,141.3,1.51,701.53,288.84,8.55,39.39,127.31,117.751,32.06,91.81,101.99,5.55,1383.29,15.23,8.45,82.07,733.73,44.37,6.39,72.93,74.09,57.07,47.2,279.0,111.52,674.59,80.81,360.06,86.29,82.8,134.2,173.24
2026-05-20,12.95,302.25,447.58,49.22,265.01,132.24,482.28,34.64,417.76,222.2,39.25,116.77,34.33,NaN,872.56,92.64,45.32,191.29,1074.01,111.62,74.12,104.08,16.14,56.33,130.0,60.29,89.96,22.55,384.9,388.91,75.76,43.99,50.55,57.29,118.96,52.47,30.88,229.32,97.55,33.67,39.7,15.44,605.06,421.06,165.81,223.47,45.07,310.15,NaN,110.21,142.44,1.61,713.15,293.63,8.94,39.33,134.28,120.46,32.77,90.11,107.15,5.62,1392.56,15.69,8.45,83.23,741.25,42.19,6.61,76.51,74.6,58.92,48.04,284.67,113.83,681.57,81.95,364.19,87.4,84.17,130.85,177.14
2026-05-21,13.59,304.99,449.59,49.42,268.46,130.9,485.89,34.46,414.57,219.61,39.65,116.78,34.34,NaN,865.95,92.04,45.13,193.56,1050.45,114.88,75.65,103.58,16.15,56.35,129.46,60.27,89.87,22.49,383.47,387.66,75.92,44.0,50.55,57.62,118.5,58.89,31.5,231.73,98.73,34.24,40.78,14.71,607.38,419.09,164.85,219.51,44.39,299.38,NaN,109.61,143.4,1.45,714.51,294.21,9.03,39.34,125.45,120.32,33.17,90.41,112.21,5.69,1542.24,15.65,8.32,83.7,742.72,41.96,6.58,76.95,73.61,58.96,48.86,286.45,114.49,682.84,82.12,365.09,87.48,84.58,121.34,178.6
2026-05-22,13.85,308.82,467.51,51.84,266.32,128.51,481.68,35.42,414.14,219.02,40.29,116.87,33.53,NaN,879.89,91.46,45.43,184.99,1028.24,113.12,76.14,103.0,15.57,56.87,133.93,58.85,89.21,21.96,379.38,382.97,73.64,42.96,50.56,57.8,119.84,63.64,31.29,234.34,99.14,38.26,40.86,14.81,610.26,418.57,159.89,215.33,44.96,316.47,NaN,116.2,144.44,1.49,717.54,295.44,9.41,40.04,135.76,125.39,33.33,90.15,112.03,5.72,1478.69,15.62,8.17,84.64,745.64,41.5,6.57,77.84,71.82,61.9,48.96,289.09,115.75,685.55,82.11,366.79,87.54,84.46,120.27,180.39
2026-05-26,14.845,308.33,503.89,53.12,265.29,129.91,514.24,36.31,422.01,218.9,40.9,116.85,33.56,NaN,908.55,90.64,45.65,180.01,1002.93,104.17,79.39,103.28,15.62,57.02,133.96,58.94,89.21,21.91,384.84,388.88,74.09,42.99,50.57,58.15,123.52,63.62,31.96,230.18,98.77,34.86,42.28,14.4,612.34,416.03,159.93,214.86,44.19,332.67,NaN,127.0,142.96,1.34,730.28,300.68,9.77,40.21,143.2,130.22,33.97,89.4,116.21,5.75,1589.55,15.98,8.13,85.62,750.59,39.28,7.06,81.95,70.12,65.44,50.86,292.9,118.05,690.01,83.14,369.46,88.2,86.11,118.57,185.14
2026-05-27,14.92,310.85,495.54,52.68,271.85,130.27,567.83,36.395,421.86,224.3,40.07,116.84,33.13,NaN,909.93,90.87,45.66,173.78,1003.69,102.64,81.8,104.18,15.485,56.905,127.93,58.15,88.05,21.68,384.83,388.83,76.23,42.45,50.59,58.5195,121.77,65.4,32.42,231.29,100.18,40.34,43.68,14.28,635.255,412.67,154.2,212.6,44.55,329.24,NaN,124.89,147.49,1.35,729.45,300.38,10.67,39.61,150.23,133.0,33.98,85.61,116.95,5.88,1589.94,16.17,8.08,85.51,750.46,39.44,6.98,81.67,70.73,66.65,50.16,292.56,117.38,689.96,83.13,369.36,88.21,85.85,118.54,184.43
2026-05-28,14.65,312.51,518.09,51.33,274.0,127.51,599.89,37.74,426.58,228.78,40.28,116.88,32.42,NaN,887.67,91.09,45.09,182.25,995.2,108.24,82.49,103.73,15.19,57.13,129.7,56.94,88.97,21.68,386.12,390.13,84.84,41.56,50.595,58.64,120.89,70.14,33.32,230.8,100.14,45.7,43.31,14.5,635.29,426.99,151.64,214.25,45.51,330.28,NaN,123.77,145.91,1.37,735.6,302.85,14.15,39.37,148.03,136.68,34.16,85.35,119.48,5.91,1641.64,16.97,8.56,85.44,754.6,38.47,7.23,83.68,70.92,67.805,50.75,294.01,118.95,693.91,83.91,371.66,89.22,85.99,118.9,186.85
2026-05-29,14.64,312.06,516.1,50.94,270.64,128.71,613.09,37.38,446.77,231.15,40.15,116.88,32.48,NaN,875.87,91.5,45.43,189.03,956.32,113.0,82.48,101.83,15.2,56.94,137.97,57.02,89.93,21.18,376.43,380.34,94.3,41.63,50.6,58.68,114.68,72.07,33.47,225.33,97.6,43.83,42.95,13.8,632.51,450.24,159.09,211.14,45.58,321.35,NaN,120.62,143.56,3.0,738.31,303.96,14.5,39.09,143.48,134.47,34.05,87.35,121.89,5.71,1694.98,18.22,9.0,85.36,756.48,38.08,7.42,84.56,70.4,65.31,50.76,293.51,121.06,695.49,84.35,372.54,89.6,86.06,115.75,191.02
2026-06-01,14.34,306.31,510.13,51.15,261.26,128.22,613.7,36.385,459.97,224.3,40.6,116.91,31.61,NaN,865.36,91.03,45.1,182.61,946.11,104.97,81.47,102.85,15.11,57.05,147.14,55.48,88.65,21.36,372.58,376.37,90.73,40.49,50.445,57.43,109.33,69.28,33.69,223.51,97.95,38.21,42.76,14.25,600.47,460.52,149.78,224.36,44.07,311.38,NaN,120.92,140.28,2.02,742.74,305.82,14.84,38.94,122.39,127.23,34.12,88.74,122.66,5.86,1761.43,18.58,9.25,85.03,758.54,37.42,7.9,86.04,73.77,61.08,50.54,293.09,124.19,697.3,85.11,373.4,90.29,86.31,114.6,195.76
2026-06-02,13.93,315.2,521.54,51.17,256.52,128.76,605.63,36.66,481.57,217.7,40.64,116.92,29.72,NaN,909.81,89.92,44.49,173.99,954.27,100.85,80.02,101.41,14.38,56.8,148.86,52.16,88.78,20.92,358.39,361.85,88.16,38.05,50.46,57.76,107.93,71.4,33.83,222.89,97.49,39.57,42.34,14.63,597.63,441.31,136.08,222.82,42.92,323.62,NaN,128.64,140.82,2.02,746.16,307.23,14.95,38.84,123.32,129.42,34.27,87.61,122.28,5.76,1716.36,17.74,8.82,86.1,759.57,36.91,8.3,87.22,71.62,61.22,53.42,295.29,125.77,698.26,84.98,374.36,90.04,86.96,113.06,198.21
2026-06-03,13.57,310.26,542.52,46.67,250.02,124.35,570.83,35.84,479.23,210.58,40.27,116.92,28.91,NaN,926.18,88.62,42.24,163.22,961.83,90.13,78.78,99.39,13.58,56.81,146.48,50.73,87.93,22.18,355.68,358.99,82.85,37.0,50.46,56.86,112.71,68.23,33.4,223.24,94.76,33.83,40.87,14.65,622.98,427.34,126.545,214.75,42.0,321.88,NaN,133.93,140.19,1.86,744.21,306.61,13.79,38.75,114.7,124.62,34.07,86.59,121.26,5.73,1831.5,16.68,8.08,86.34,754.24,37.19,7.78,86.56,71.69,57.74,50.39,293.36,123.91,693.36,84.19,371.65,88.93,86.1,116.89,196.23
2026-06-04,13.3,311.23,523.2,46.4,253.79,128.41,558.87,36.36,418.91,217.42,40.08,116.93,28.1,NaN,940.48,93.79,43.53,164.13,972.35,90.54,79.51,99.34,13.39,57.17,149.67,49.34,88.67,22.27,369.27,372.19,88.33,36.02,50.46,57.84,111.78,65.66,33.88,228.17,94.47,33.63,41.31,15.27,627.57,428.05,129.37,218.66,43.75,322.22,NaN,131.82,140.78,1.79,740.61,304.94,14.74,39.39,119.95,127.68,34.36,88.0,123.47,6.07,1759.68,17.15,8.01,86.85,757.09,37.76,7.63,85.22,72.21,59.34,50.28,295.4,122.82,696.06,84.13,373.38,89.16,86.25,117.74,193.17
2026-06-05,13.5,307.34,466.38,42.34,246.03,128.03,557.2,34.04,385.73,215.45,37.98,116.95,26.69,NaN,904.28,94.49,43.48,152.4,971.87,80.28,79.42,99.71,11.87,57.1157,144.68,46.8,85.42,21.8,365.76,368.53,82.47,34.14,50.44,57.1434,99.17,56.78,33.61,232.77,99.04,29.36,41.54,15.15,593.0,416.67,120.44,205.1,42.96,295.96,NaN,117.26,146.54,1.59,705.06,290.35,12.68,38.77,110.08,118.93,33.19,88.84,119.82,5.76,1559.32,16.03,7.39,84.95,737.55,43.19,6.65,73.05,70.71,54.71,45.31,288.2,115.28,678.0,80.94,363.38,85.93,83.03,118.88,180.3
2026-06-08,13.6,301.54,490.33,43.34,245.22,127.57,563.69,34.37,396.6,215.92,38.32,116.94,28.03,NaN,915.64,91.79,43.57,162.11,974.75,82.53,78.21,98.87,12.72,56.93,143.04,49.17,85.63,22.26,361.17,363.31,85.04,35.89,50.45,56.77,110.27,62.8,32.86,232.16,97.75,29.735,41.02,15.2,585.39,411.74,127.2,208.64,41.02,301.14,NaN,120.9,145.1,1.46,716.07,294.81,12.46,38.46,113.65,120.17,33.5,88.08,118.28,5.65,1642.0,16.5,7.49,85.44,739.22,41.26,6.74,76.27,70.06,54.85,45.92,289.36,117.25,679.68,81.47,364.47,86.21,83.74,119.83,184.18
2026-06-09,14.09,290.55,475.505,40.53,244.19,132.7,520.84,33.7,392.16,214.51,37.62,116.99,27.44,NaN,914.7,92.57,45.14,155.5,968.59,81.1,81.17,99.33,12.48,57.65,138.39,48.14,84.26,22.28,362.29,364.26,83.77,35.14,50.47,57.45,107.92,56.69,34.12,237.0,100.52,27.47,43.17,13.51,584.59,403.41,117.02,208.19,42.19,297.41,NaN,117.0,148.67,1.42,707.83,291.52,11.495,38.88,108.23,117.9,33.65,88.77,128.48,5.59,1646.54,16.47,7.02,85.56,737.05,42.67,6.57,73.72,70.38,53.11,44.12,291.36,114.99,677.7,80.9,363.67,85.37,83.82,118.88,180.77
2026-06-10,13.42,291.58,452.4,36.78,238.0,131.14,492.98,32.7,372.1,209.0,36.24,116.99,27.38,NaN,856.16,93.38,44.11,153.97,983.37,78.93,76.47,98.61,12.28,57.25,138.88,48.02,80.77,22.42,353.32,356.38,86.36,35.08,50.47,57.1165,107.04,56.63,31.85,238.49,101.58,26.535,41.4,13.64,570.98,397.36,115.35,200.42,42.81,285.56,NaN,110.17,149.05,1.55,693.69,285.92,10.895,38.89,105.05,115.81,33.3,89.27,128.22,5.38,1643.23,15.87,6.75,84.2,725.43,45.25,6.43,69.27,68.61,52.25,42.35,287.13,112.34,667.05,79.08,358.04,83.64,82.59,120.59,176.63
2026-06-11,14.65,295.63,488.45,39.51,241.51,133.91,478.57,34.45,385.57,221.63,37.26,116.97,28.11,NaN,897.63,92.04,44.55,160.43,975.69,82.63,81.83,100.34,12.7,57.88,145.06,49.32,83.23,22.18,356.56,357.77,92.23,36.05,50.5,57.47,116.96,57.99,34.95,238.33,101.54,30.64,44.29,14.79,568.43,390.34,120.15,204.87,43.96,302.55,NaN,115.96,148.34,1.48,717.12,295.02,12.01,39.3,114.78,124.36,34.44,88.7,135.59,5.33,1881.51,16.67,7.0,86.44,737.76,40.83,6.85,76.01,69.55,56.9,44.83,294.32,116.07,678.23,80.84,364.3,85.12,85.34,120.5,183.21
2026-06-12,14.98,291.13,511.57,40.02,238.55,133.88,496.77,33.78,382.07,219.05,37.12,117.01,28.13,NaN,910.57,92.16,45.75,159.78,982.35,77.84,83.06,100.04,12.57,58.15,146.3,49.34,83.32,21.77,358.16,359.68,93.19,36.04,50.5,57.68,124.57,57.85,36.15,240.87,102.29,26.62,45.47,14.91,566.98,390.74,123.97,205.19,43.88,304.86,NaN,116.79,149.61,1.36,721.34,297.01,11.18,39.47,102.39,120.01,34.84,91.1,133.8,5.26,1980.1,16.58,6.9,87.32,741.75,40.04,7.5,77.52,68.85,52.92,45.52,296.38,116.74,681.95,81.15,366.36,85.27,85.68,121.04,184.8
2026-06-15,15.46,296.42,547.26,41.07,246.02,136.11,520.86,35.18,393.94,228.95,38.25,117.0,29.43,NaN,933.93,88.74,46.24,169.62,979.45,83.37,84.07,101.69,13.76,57.95,149.49,51.65,85.51,21.74,367.11,369.35,98.12,37.74,50.52,59.15,127.86,61.18,36.39,235.66,103.14,25.76,46.08,14.99,593.48,399.76,131.14,212.45,43.92,315.88,NaN,125.9,150.46,2.49,744.0,306.24,11.97,38.41,109.25,119.96,35.19,90.95,133.09,5.71,2107.86,17.13,7.33,88.7,754.83,36.31,7.76,84.59,72.85,52.59,48.06,298.44,120.73,693.83,83.47,372.53,87.67,86.98,120.82,191.79
2026-06-16,15.71,299.24,507.29,40.46,246.0,138.48,515.2,34.75,376.71,227.49,37.88,117.03,29.04,NaN,945.46,88.13,46.83,169.27,986.68,79.72,83.14,101.28,13.54,57.85,147.02,50.91,85.75,21.46,371.1,373.25,96.71,37.17,50.535,59.36,117.05,56.06,36.15,235.18,104.28,23.36,47.43,15.12,600.21,393.83,122.81,207.41,43.55,302.89,NaN,118.25,152.49,1.84,729.86,300.56,10.9,38.12,104.63,117.26,34.8,93.67,136.28,5.16,1991.55,17.71,7.03,88.67,750.33,38.35,7.81,79.93,73.25,51.28,47.87,296.58,117.81,689.75,82.51,370.37,86.79,86.63,121.03,186.44
2026-06-17,15.42,295.95,512.48,40.13,237.5,138.91,479.49,34.51,392.9,225.63,37.59,117.0,28.39,NaN,955.92,85.77,45.69,164.915,965.59,80.59,82.25,100.86,13.07,56.79,144.14,49.85,83.78,21.51,362.1,363.79,105.2,36.36,50.49,59.07,121.1,54.69,36.16,234.2,101.47,22.72,46.66,15.73,567.58,378.91,116.56,204.65,43.52,298.2,NaN,112.92,150.56,1.85,722.51,297.57,11.2,38.03,107.98,117.7891,34.43,94.51,133.56,4.74,1958.8,17.42,6.96,88.27,740.96,39.52,7.43,77.54,70.91,51.06,47.1,293.07,116.93,681.41,81.6,365.76,85.61,86.15,118.13,185.8
2026-06-18,15.99,298.01,537.37,43.4,244.39,137.5,469.71,34.56,411.35,222.72,38.37,117.06,27.84,NaN,985.82,82.05,44.8,163.26,951.45,80.23,84.18,103.89,12.88,56.91,144.73,48.8,83.44,21.52,367.46,368.03,108.15,35.62,50.51,59.8339,133.99,56.55,36.82,228.39,102.56,22.85,47.97,17.77,577.22,379.4,112.53,210.69,43.19,313.27,NaN,121.62,150.38,1.65,740.62,304.52,11.44,40.19,107.24,117.58,35.19,91.7,140.84,4.66,2184.75,17.91,7.12,89.36,746.74,36.75,7.14,82.87,71.64,50.27,47.78,296.51,120.04,688.11,83.0,369.99,86.98,86.77,117.18,191.44
2026-06-22,16.08,297.01,551.63,45.325,232.79,135.21,469.39,33.36,392.13,220.83,38.33,117.08,28.48,NaN,1022.28,83.12,44.57,164.84,951.35,79.95,85.92,102.45,13.06,56.8,145.39,49.96,82.92,21.14,348.78,349.68,105.71,36.5,50.49,60.05,140.94,58.32,36.89,231.29,100.5,21.99,48.57,18.13,563.85,367.34,109.46,208.65,45.88,323.24,NaN,131.55,147.68,1.6,737.95,303.9,10.63,40.49,100.29,115.25,35.46,92.03,138.56,4.63,2273.73,17.1,6.88,89.55,744.39,36.93,6.96,82.58,71.43,48.72,46.8,297.27,120.51,686.1,82.37,368.81,85.9,87.06,117.18,192.15
2026-06-23,16.14,294.3,519.85,41.63,234.11,130.61,467.02,32.8,380.15,216.71,36.64,117.06,27.56,NaN,984.24,84.33,42.91,158.18,957.68,75.68,86.72,103.53,12.52,57.13,148.0,48.35,81.34,21.08,346.08,346.13,103.25,35.31,50.51,59.1545,132.28,57.85,36.56,239.08,103.95,20.95,49.41,18.91,562.2,373.94,103.84,200.04,47.42,299.94,NaN,117.06,150.86,1.45,713.65,293.87,10.18,40.96,95.12,113.94,34.85,93.17,134.9,4.46,1963.6,17.29,6.44,86.93,733.58,40.56,6.69,74.44,69.67,48.13,45.58,295.01,116.07,676.34,80.44,363.7,84.08,84.41,119.42,184.19
2026-06-24,17.44,293.08,519.74,40.85,234.27,122.6,464.96,32.18,382.07,220.25,36.58,117.07,26.47,NaN,994.45,82.14,41.06,150.11,961.09,70.98,90.65,101.12,11.92,57.78,145.28,46.41,78.89,21.44,345.04,345.29,97.19,33.87,50.55,59.31,131.65,53.6,38.3,241.0,106.73,19.13,50.94,19.24,557.67,365.46,94.13,199.0,47.41,294.06,NaN,115.74,152.04,1.41,710.62,292.63,9.34,38.55,85.41,111.83,34.89,91.39,140.19,4.53,1914.46,17.31,6.34,87.01,733.24,40.45,6.37,73.3,73.85,46.48,44.72,297.23,115.13,675.69,80.12,363.65,83.83,84.34,119.0,183.05
2026-06-25,17.57,275.15,532.57,40.28,227.01,121.51,445.93,31.92,378.91,218.12,36.61,117.12,26.18,NaN,1057.01,79.53,41.9,142.52,942.24,68.81,92.11,98.05,11.74,57.86,149.93,45.9,79.66,21.01,342.19,343.71,93.47,33.52,50.55,59.65,132.87,50.56,39.02,244.88,108.1,18.7,52.09,19.52,542.87,352.83,85.33,195.74,47.64,298.64,NaN,118.74,148.5,1.6,716.38,294.88,8.91,38.43,80.69,112.22,35.66,89.44,142.85,4.34,2335.0,17.3,6.21,88.52,734.3,39.47,6.57,74.95,72.25,45.56,43.92,299.61,115.47,675.71,80.23,363.98,83.05,85.08,115.78,184.57
2026-06-26,17.87,283.78,521.58,39.73,232.69,118.29,477.08,31.93,365.02,217.25,36.01,117.13,26.39,NaN,997.47,82.62,41.4,149.06,952.54,73.57,92.57,98.79,11.89,58.075,151.35,46.28,80.61,21.76,334.69,337.39,98.69,33.85,50.57,59.76,128.32,49.31,38.76,254.66,109.37,19.79,51.91,19.94,550.25,372.97,82.31,192.53,48.07,277.02,NaN,90.65,149.02,1.51,706.52,290.95,9.28,38.33,84.54,112.61,35.49,90.67,145.1,4.41,2090.71,17.88,6.41,86.85,728.99,41.31,6.45,71.83,76.2,46.19,43.59,299.49,113.86,670.26,79.69,362.22,82.76,84.48,115.69,181.11
2026-06-29,17.92,281.74,539.49,39.83,240.14,114.83,498.76,33.13,372.45,214.69,36.86,117.11,26.69,NaN,1033.19,78.63,40.52,151.65,946.68,75.96,93.17,98.63,12.24,58.11,155.42,46.77,79.45,22.03,351.28,353.65,101.83,34.18,50.585,59.21,131.72,53.88,38.23,258.51,109.91,20.97,51.6,20.65,562.6,368.57,92.68,194.97,48.34,278.37,NaN,88.57,148.45,1.41,724.08,298.05,10.32,37.89,98.01,116.47,35.67,90.55,146.38,4.42,2050.39,18.19,6.4,88.8,741.0,38.16,6.36,77.19,75.5,49.19,43.93,301.3,116.5,681.01,81.48,367.12,84.85,84.93,114.6,185.41
2026-06-30,18.07,289.36,580.91,41.51,238.34,118.31,515.23,34.12,377.75,216.47,37.94,117.09,25.95,NaN,1064.9,75.73,42.11,146.19,935.47,62.63,93.66,96.25,11.89,57.885,153.62,45.52,79.42,22.08,353.33,357.37,100.28,33.29,50.58,59.6473,139.63,53.26,38.1,253.97,109.77,21.39,51.42,17.85,563.29,373.02,86.93,200.09,47.94,281.03,NaN,94.54,146.64,1.38,736.4,302.97,10.65,37.85,101.65,119.48,36.13,92.27,152.27,4.44,2273.73,17.93,6.47,90.1,746.77,36.31,6.88,81.0,72.16,50.67,43.7,303.12,119.52,686.81,82.62,370.04,86.14,85.49,113.26,190.52
2026-07-01,18.15,294.38,540.88,39.92,241.7,118.44,564.61,33.83,369.34,218.58,38.06,117.14,26.51,NaN,991.41,76.53,42.33,159.24,924.67,61.95,93.06,95.71,12.19,58.21,158.98,46.5,79.92,22.64,357.89,361.21,108.65,34.0,50.42,59.8079,127.02,51.4,38.34,253.98,111.44,20.2,50.47,18.33,612.91,384.28,93.39,197.58,48.77,279.18,NaN,94.63,147.43,1.36,725.17,298.61,10.55,37.62,100.07,118.5418,35.62,95.78,151.84,4.75,2032.22,18.44,6.68,88.98,745.76,37.88,7.0,77.46,72.66,50.18,43.18,301.51,117.22,685.46,82.24,369.27,86.17,84.53,108.82,185.62
2026-07-02,17.92,308.63,517.82,37.11,242.67,118.61,527.06,33.87,360.45,226.49,37.39,117.22,27.18,NaN,963.53,76.6,42.83,165.48,951.67,64.62,92.75,99.5,12.86,59.17,156.25,47.64,81.54,22.82,356.18,359.91,112.73,34.87,50.44,60.368,120.35,49.12,38.79,263.04,114.72,19.58,50.25,18.68,582.9,390.49,100.77,194.83,50.43,273.36,NaN,91.22,151.41,1.36,712.6,293.42,10.44,37.65,100.46,118.68,34.92,97.0,151.47,4.84,1745.0,18.24,6.55,87.87,744.78,39.95,6.93,73.35,74.43,50.67,43.23,300.34,114.64,684.84,81.42,368.76,85.5,84.84,111.84,180.59
2026-07-06,17.75,312.66,552.05,38.13,244.16,122.17,543.79,34.07,373.9,234.54,38.25,117.24,28.18,NaN,969.92,74.92,44.04,168.87,950.25,68.65,91.68,97.41,13.55,59.03,162.35,49.4,82.39,22.76,364.9,366.46,117.55,36.12,50.44,60.6402,122.2,48.87,38.58,259.33,113.01,18.89,50.81,18.65,600.29,386.74,100.77,195.55,49.26,280.51,NaN,94.69,149.31,1.39,722.82,297.52,10.11,37.85,93.09,118.83,35.04,100.62,148.92,4.75,1744.43,18.61,6.96,88.51,751.28,38.28,6.97,76.42,72.42,50.31,43.88,301.66,116.37,690.62,82.41,371.67,86.68,86.17,110.65,183.57
2026-07-07,17.2,310.66,516.11,35.55,245.98,119.33,527.98,32.6,370.78,231.68,36.59,117.27,28.22,NaN,940.12,77.22,44.01,163.51,947.5,65.15,88.63,97.48,13.51,59.33,158.67,49.46,81.41,22.2,363.62,367.03,112.9,36.15,50.45,59.912,110.39,45.36,37.92,267.24,114.74,17.85,49.43,18.38,615.58,388.84,97.36,196.93,49.64,273.15,NaN,91.1,152.75,1.34,709.43,292.14,9.23,38.28,83.41,115.13,34.5,101.93,150.94,4.65,1617.7,17.75,6.64,86.69,747.71,40.38,6.53,72.23,74.33,48.49,41.75,298.5,114.06,687.08,81.76,369.61,85.88,84.65,111.54,179.18
2026-07-08,16.52,313.39,517.405,36.0,243.62,118.14,522.18,32.3,388.69,224.95,35.99,117.3,27.51,NaN,948.08,76.9,43.07,159.36,953.13,64.07,87.29,96.7,13.11,58.51,156.71,48.24,80.7,21.7,358.71,361.92,113.53,35.23,50.45,59.52,110.24,45.08,36.67,263.4,110.98,17.02,48.66,18.62,603.12,383.34,93.87,204.12,48.89,283.81,NaN,93.79,148.4,1.27,711.44,292.87,9.17,38.45,83.35,114.094,34.31,101.7,146.49,4.63,1727.18,17.73,6.8,86.63,745.4,40.08,6.47,72.72,73.6,47.67,41.66,295.15,115.47,685.26,81.89,368.25,85.99,84.44,113.1,181.4
2026-07-09,17.06,316.22,546.72,37.17,247.04,119.84,520.43,32.315,401.11,223.11,36.63,117.34,27.96,NaN,938.39,76.68,44.18,158.44,912.97,63.01,89.0,96.17,13.19,58.84,163.73,49.0,81.54,21.95,356.24,358.89,115.11,35.81,50.455,59.812,112.54,44.77,37.18,259.1,109.93,16.9,49.22,18.16,631.48,384.36,93.89,202.78,48.88,290.54,NaN,97.87,146.85,1.42,723.28,297.78,9.19,38.56,82.55,113.49,34.97,101.91,148.81,4.7,1858.27,18.62,6.68,87.76,751.71,38.1,7.0,76.34,74.35,47.4,42.35,298.68,117.71,690.69,82.81,371.45,86.98,84.9,112.21,185.35
2026-07-10,16.95,315.32,557.89,35.96,245.34,120.34,506.98,32.05,399.97,222.28,36.91,117.4,28.27,NaN,952.41,79.66,44.71,159.07,916.25,66.14,87.39,95.62,13.53,59.0,157.51,49.56,81.29,21.68,355.03,357.18,111.97,36.23,50.45,59.785,109.84,42.86,37.93,256.98,112.41,16.14,48.43,19.05,669.21,385.1,94.64,210.96,49.48,292.26,NaN,95.96,147.04,1.35,725.51,298.72,8.83,38.69,81.04,112.7681,34.91,103.12,152.65,4.68,1915.92,18.78,6.64,88.12,754.95,37.78,7.3,77.03,74.54,46.93,42.97,298.15,118.08,693.86,83.31,372.69,87.4,85.34,113.9,185.78
2026-07-13,16.31,317.31,534.39,34.18,247.31,118.83,442.85,31.3,384.05,215.51,35.87,117.4,27.52,NaN,931.47,79.84,44.14,157.37,926.43,63.0,86.19,96.0,13.37,59.1,160.62,48.22,79.17,22.03,350.67,352.51,109.86,35.22,50.45,58.94,103.12,38.88,37.0,257.77,110.18,15.15,47.92,19.03,656.73,390.99,92.1,203.53,49.28,278.39,NaN,90.37,148.37,1.24,711.74,293.06,8.38,38.43,76.73,110.26,34.32,102.38,149.79,4.66,1673.97,18.13,6.49,86.82,749.17,39.95,7.02,72.64,74.26,45.51,40.72,296.18,115.58,688.5,82.02,369.78,86.15,83.78,114.78,181.28
2026-07-14,15.67,314.86,548.13,35.46,247.49,119.93,448.98,31.74,389.11,217.11,35.88,117.42,28.55,NaN,933.34,79.05,45.48,161.5,921.75,63.22,85.51,95.87,14.18,58.67,166.83,50.03,80.25,22.43,357.33,359.51,113.45,36.58,50.47,58.56,107.76,39.29,36.5,253.85,106.82,14.91,47.56,18.63,661.04,384.93,97.58,211.8,49.07,283.87,NaN,93.73,146.08,1.23,719.69,296.31,8.79,37.87,78.81,110.9,34.57,101.1,149.89,4.68,1757.82,18.55,6.69,87.03,751.83,38.63,7.97,75.02,72.08,45.76,41.55,296.89,117.11,691.1,82.88,371.16,86.96,84.66,113.7,183.62
2026-07-15,15.63,327.5,529.14,35.3,254.96,121.83,452.73,31.565,394.28,218.12,36.03,117.45,28.72,NaN,914.3,79.47,46.11,167.21,916.54,65.69,85.96,97.15,14.52,58.58,164.51,50.34,80.24,22.26,370.21,370.92,115.54,36.81,50.49,58.79,102.99,37.51,36.74,247.02,106.53,14.85,49.25,18.02,681.31,395.63,97.47,212.5,50.56,279.01,NaN,92.54,148.05,1.27,717.74,295.56,8.24,37.98,76.2,110.19,34.52,102.79,150.05,4.76,1615.0,17.87,6.5,86.1,754.81,38.94,7.44,74.44,72.67,45.37,40.9,297.01,116.5,693.8,83.33,372.42,87.76,84.99,112.53,181.58
2026-07-16,15.6,333.26,500.94,33.09,249.89,123.34,434.48,30.77,374.45,214.34,35.53,117.47,28.41,NaN,877.17,78.73,46.63,160.49,945.57,60.64,86.7,99.71,14.13,59.74,160.78,49.78,78.72,21.92,353.81,354.46,106.02,36.39,50.5,58.57,96.98,35.1,37.87,249.97,108.99,13.44,49.43,17.09,664.54,401.1,94.03,207.4,51.48,270.66,NaN,88.12,151.5,1.18,705.94,290.68,7.67,38.82,67.35,107.22,34.25,102.8,154.21,4.69,1411.08,17.32,6.31,85.58,750.72,40.89,6.91,70.74,74.04,43.68,39.11,297.93,114.24,690.14,81.91,370.58,86.56,84.06,114.95,177.52
2026-07-17,14.98,333.74,495.76,33.025,247.23,120.47,424.54,30.3,370.825,214.03,34.4,117.49,28.38,NaN,880.28,79.17,46.07,157.12,940.87,60.46,84.17,97.67,13.91,59.5299,161.61,49.71,79.45,21.89,346.12,346.77,99.96,36.35,50.52,58.8285,95.04,34.78,37.56,253.04,108.35,13.52,48.08,17.2,646.01,393.82,94.85,202.81,50.32,266.53,NaN,87.37,149.98,1.19,695.33,286.31,7.64,37.85,67.62,107.27,34.05,101.56,154.53,4.53,1354.82,17.28,6.27,84.78,743.29,42.79,6.78,67.53,72.46,43.63,38.73,296.22,113.1,683.17,80.75,367.01,85.27,83.37,114.24,175.59
2026-07-20,15.14,326.59,503.57,32.51,249.99,118.24,424.6,30.48,378.16,209.48,34.25,117.5,28.8,NaN,864.3,78.18,44.74,160.43,935.8,65.45,84.54,96.41,14.33,59.28,160.36,50.45,79.27,21.76,351.37,351.99,99.28,36.89,50.52,58.8437,97.06,34.24,36.25,248.82,108.48,13.83,48.34,16.83,645.85,402.29,97.82,203.28,49.61,267.18,NaN,86.7,149.13,1.15,696.06,286.58,7.76,38.19,65.74,107.04,33.87,102.54,152.83,4.56,1390.95,17.01,6.31,84.53,742.09,42.68,7.02,67.65,72.17,43.04,38.67,294.22,113.23,682.21,80.98,366.25,85.33,83.07,112.2,175.71
2026-07-21,15.28,327.74,544.43,34.545,247.55,118.4,428.69,31.18,386.5,204.8,34.89,117.5,29.38,NaN,889.97,76.2,44.61,175.85,929.22,71.08,84.63,96.14,14.53,59.03,158.1,51.49,80.82,21.79,346.19,347.15,106.36,37.67,50.515,59.1681,105.45,35.51,36.35,250.61,108.05,14.64,48.69,16.89,643.81,397.75,101.95,207.29,49.38,273.15,NaN,91.06,148.1,1.2,708.97,291.9,8.59,38.78,69.12,109.43,34.62,99.96,147.82,4.56,1589.4,17.64,6.555,85.71,748.28,40.31,7.72,71.37,71.55,44.0,40.25,297.0,116.01,687.87,81.98,369.45,86.13,84.45,110.39,180.78
2026-07-22,14.79,325.89,552.33,33.4,244.85,119.04,412.48,30.95,396.81,208.65,34.89,117.52,29.14,NaN,889.31,77.5,44.08,166.12,927.31,66.16,83.52,95.87,14.52,58.78,155.05,51.08,81.74,21.6,341.91,342.09,104.48,37.34,50.505,59.148,102.62,34.68,38.09,255.63,108.88,14.09,47.66,17.22,627.17,390.34,100.01,212.06,48.19,278.8,NaN,92.33,149.13,1.2,705.35,290.42,7.83,38.37,69.75,109.74,34.44,100.8,147.11,4.47,1599.27,17.07,6.46,85.12,747.41,40.94,7.58,70.28,70.33,43.75,40.97,296.19,115.62,687.03,81.72,368.87,85.68,84.46,109.33,180.27
2026-07-23,13.555,321.66,539.69,33.0,233.66,119.0,398.86,30.94,392.47,209.23,34.31,117.53,28.64,NaN,894.54,74.57,44.41,161.16,926.06,62.18,81.97,92.83,14.11,58.495,151.54,50.19,80.11,21.35,318.34,317.69,101.58,36.65,50.49,59.19,100.23,34.07,37.91,259.27,107.31,13.71,44.71,17.48,606.1,381.58,93.63,208.76,48.18,277.29,NaN,90.13,146.97,1.15,691.96,284.98,8.03,38.06,69.99,111.78,34.26,101.61,145.83,4.41,1610.33,16.65,6.22,85.08,738.18,43.27,7.26,66.3,68.91,43.72,41.13,294.75,114.39,678.61,80.29,364.69,83.78,83.62,108.4,178.45
2026-07-24,14.475,333.02,521.95,30.52,232.11,122.61,391.98,30.37,381.92,209.52,33.83,117.58,28.37,NaN,888.73,74.9,45.4,158.29,935.03,62.36,85.06,94.85,14.04,59.25,152.37,49.72,80.19,21.17,319.09,319.74,94.91,36.35,50.5,59.36,92.32,32.84,42.16,263.4,109.7,12.92,45.08,17.74,595.19,381.7,91.67,206.84,48.77,269.24,NaN,86.81,147.41,1.135,684.23,281.68,7.64,38.23,63.91,111.27,33.93,101.97,148.6,4.35,1436.56,16.46,6.16,84.8,738.93,44.79,7.0,64.0,65.94,42.96,39.89,295.32,113.3,679.14,79.82,364.8,83.48,83.4,109.47,175.88
2026-07-27,14.95,336.91,494.95,30.53,231.39,124.24,412.73,30.72,383.22,211.5,34.34,117.61,28.72,NaN,873.28,74.13,46.28,167.49,951.58,65.67,86.67,96.65,14.71,59.97,152.38,50.28,80.78,21.52,326.57,326.56,95.65,36.77,50.505,60.58,91.67,35.92,42.41,265.95,111.44,13.31,45.38,17.75,593.87,389.1,98.65,196.51,49.67,267.67,NaN,89.04,148.63,1.09,682.12,280.86,7.79,38.91,66.94,112.39,33.87,104.18,153.19,4.52,1278.23,16.88,6.41,85.04,739.09,45.22,7.11,63.4,68.18,43.89,40.32,296.88,112.42,679.31,79.52,365.18,83.38,83.79,111.74,174.3
2026-07-28,15.36,340.08,454.62,28.75,230.86,124.69,418.22,30.57,380.91,221.56,33.98,117.6,28.22,NaN,840.85,75.75,46.47,167.9,966.58,64.32,89.37,98.89,14.49,61.17,149.98,49.44,79.66,22.16,332.6,333.71,92.76,36.14,50.535,61.37,86.3,33.88,44.09,266.73,113.09,12.37,46.31,17.84,593.41,393.35,96.16,197.01,50.96,259.12,NaN,84.39,148.88,1.07,675.49,278.14,7.45,38.34,63.89,111.13,33.56,105.97,159.84,4.77,1096.1,16.74,6.24,84.52,740.86,46.51,6.88,61.56,70.74,43.83,38.95,297.96,110.87,680.96,79.29,365.99,83.33,83.25,113.1,171.09
2026-07-29,14.84,338.19,429.56,26.64,226.65,119.77,399.46,29.52,370.32,214.01,33.68,117.62,28.08,NaN,782.71,79.09,44.7,160.09,974.03,61.36,86.25,98.48,14.24,61.2,153.22,49.2,80.02,21.84,335.76,336.71,89.84,36.0,50.53,60.9505,81.88,31.99,42.64,265.53,113.21,11.39,44.38,18.19,585.61,390.54,93.33,190.01,51.58,240.98,NaN,78.86,146.1,0.991,661.73,272.51,6.77,37.8,58.6,105.43,32.86,104.47,159.22,4.73,1015.89,15.25,5.7,83.22,729.46,49.44,6.71,57.75,71.2,42.86,37.52,293.0,108.2,670.63,77.63,360.42,82.07,82.39,114.22,166.57
2026-07-30,15.43,333.43,485.39,29.45,235.5,120.25,403.87,30.35,387.84,220.9,34.9,117.63,28.63,NaN,809.14,76.51,45.36,163.58,954.17,64.24,88.59,96.16,14.51,60.26,154.25,50.16,81.33,21.88,333.68,333.66,86.6,36.7,50.56,61.8686,91.13,35.77,43.15,255.82,110.19,12.25,45.6,18.25,539.03,451.1,97.74,195.04,51.61,245.16,NaN,83.74,143.96,1.03,683.55,281.35,7.38,39.06,64.68,108.78,33.69,104.33,163.33,4.69,1279.96,16.47,6.14,85.07,741.69,44.62,7.08,63.3,70.37,43.82,39.72,295.8,113.58,681.79,80.16,366.27,84.27,84.77,111.1,175.73
2026-07-31,15.27,308.91,476.15,29.37,271.58,125.59,395.9,30.6,389.28,216.14,35.22,117.7,27.81,NaN,814.81,76.3,46.02,146.26,951.89,62.61,87.44,96.19,14.07,59.95,161.95,48.73,80.14,21.72,356.65,356.13,86.56,35.64,50.56,61.54,90.2,36.44,40.83,256.35,109.31,12.34,44.97,18.43,556.71,464.72,93.28,200.75,47.08,229.16,NaN,81.61,144.49,1.0,687.99,283.29,7.53,37.17,64.95,110.17,33.56,105.24,161.77,4.69,1214.83,16.31,6.13,84.67,747.03,43.73,6.77,64.62,70.36,43.79,39.07,295.14,113.15,686.65,81.29,368.21,85.2,84.59,111.2,175.35
2026-08-03,16.04,303.42,484.64,30.99,284.02,129.42,406.16,31.59,392.23,233.49,35.93,117.7,28.23,NaN,830.03,76.74,48.91,146.5,954.08,60.35,91.59,98.14,14.11,60.42,163.21,49.43,80.14,19.06,372.47,373.51,90.34,36.16,50.43,62.13,91.0,38.85,41.45,254.41,107.56,13.1,47.07,18.89,590.24,487.65,94.86,206.64,47.09,224.17,NaN,80.4,144.97,1.0,700.07,288.27,8.26,38.55,70.43,113.75,34.18,105.87,160.57,5.04,1288.03,18.03,6.1,85.14,757.67,41.43,6.97,67.96,71.61,45.45,40.81,299.64,115.14,696.4,83.11,373.84,87.08,85.02,110.71,178.04
2026-08-04,16.56,309.38,518.58,33.45,277.42,133.2,419.7,33.2,418.16,237.16,37.09,117.69,28.4,NaN,876.54,77.66,50.64,150.73,947.85,63.25,92.77,98.18,14.15,61.2,168.29,49.73,80.7,19.21,375.35,377.65,93.51,36.39,50.45,62.62,100.86,41.72,42.31,254.93,111.57,13.96,48.7,18.86,587.94,492.81,97.65,211.94,44.28,237.6,NaN,80.78,148.01,1.13,723.85,298.03,8.86,39.13,74.48,117.8454,35.05,106.35,168.19,5.79,1427.62,18.7,6.51,87.12,771.33,37.26,7.83,74.82,71.99,47.57,42.49,305.55,120.15,708.98,85.04,380.82,89.09,86.45,111.55,186.9
2026-08-05,16.58,311.0,482.05,32.94,272.65,129.74,417.8,32.58,418.28,240.19,37.3,117.7,28.67,NaN,871.08,73.84,49.84,149.89,941.99,63.28,93.14,101.76,14.48,61.14,164.13,50.19,84.03,19.01,360.13,362.43,92.8,36.74,50.46,62.55,101.06,39.93,42.25,257.59,112.37,13.99,48.79,18.25,588.77,487.46,98.37,219.22,44.53,231.15,NaN,76.91,146.8,1.1,717.3,295.35,8.66,38.42,74.82,116.96,34.69,108.02,182.11,5.33,1350.5,18.25,6.43,86.65,769.79,38.29,8.18,72.84,68.18,46.59,42.89,303.08,119.72,707.6,84.88,379.65,88.73,86.51,112.34,185.91
2026-08-06,16.03,312.41,489.28,32.9,272.26,127.99,335.67,33.01,420.565,232.19,36.94,117.72,28.47,NaN,856.96,74.92,48.88,145.41,949.15,63.28,91.98,104.68,14.4,61.07,160.11,49.88,84.03,19.23,356.62,357.75,90.71,36.49,50.44,62.13,99.81,39.72,40.53,256.98,108.66,14.93,46.94,18.31,589.9,499.86,96.85,218.99,45.97,231.78,NaN,78.33,146.97,1.1,714.65,294.26,8.67,37.81,75.67,118.33,34.43,107.66,179.93,5.22,1258.58,18.1,7.08,85.82,768.56,38.7,8.24,72.03,70.47,46.6,43.2,301.96,119.6,706.4,84.84,379.07,88.68,86.32,112.07,185.33
2026-08-07,15.94,313.33,483.36,32.765,274.48,127.44,346.8,34.27,427.76,234.42,37.61,117.75,28.73,NaN,842.19,75.59,47.79,153.6,947.82,66.67,91.34,104.91,14.47,61.4656,159.64,50.3,85.95,19.16,353.47,354.3,93.29,36.8,50.47,62.96,101.65,44.43,41.58,259.24,109.68,16.4,47.05,17.91,592.1,499.99,100.01,223.96,47.26,239.71,NaN,81.17,145.79,1.04,723.03,297.7,9.21,37.11,82.83,120.005,34.83,107.6,185.52,5.33,1212.21,18.38,8.02,85.97,773.26,37.4,8.32,74.47,75.02,48.13,44.91,306.09,121.45,710.71,85.42,381.78,89.4,87.21,111.85,187.97
2026-08-10,15.0,308.26,469.56,30.99,278.09,132.02,339.0,34.41,422.4,232.79,37.42,117.77,28.28,NaN,837.58,73.61,47.8,148.68,952.75,67.05,89.21,103.18,14.14,61.56,164.21,49.53,86.81,18.79,355.84,357.52,94.52,36.23,50.47,62.6028,97.52,42.53,41.34,261.81,108.02,15.78,44.9,17.67,594.92,506.06,97.33,217.55,47.73,233.43,NaN,79.78,146.44,1.05,720.87,296.85,10.0,37.17,80.04,119.9634,34.63,107.99,186.17,5.35,1237.92,18.12,7.46,85.99,773.03,37.73,8.77,73.8,78.03,47.88,44.38,305.18,120.25,710.65,85.2,381.63,89.18,86.83,112.66,186.32
2026-08-11,15.29,304.91,474.32,32.13,272.27,140.28,318.68,34.41,416.08,233.24,37.48,117.8,28.07,NaN,843.37,73.64,48.36,148.58,944.32,71.16,90.41,103.53,14.18,61.34,161.89,49.13,86.46,18.82,343.0,343.8,94.38,35.94,50.48,62.5986,97.71,43.44,41.8,259.8,108.57,16.48,45.52,17.8,599.12,503.81,96.09,217.5,47.17,236.38,NaN,81.11,145.21,1.1,718.45,295.83,10.66,37.45,80.01,120.5481,34.75,107.7,187.68,5.51,1271.05,17.98,7.41,85.98,770.56,38.14,8.82,73.06,78.54,47.95,45.17,306.16,120.17,708.42,84.7,380.65,88.59,86.92,113.26,186.09
2026-08-12,14.93,302.25,482.93,32.28,267.28,138.61,303.76,34.69,416.05,231.2,37.81,117.82,28.02,NaN,855.6,73.97,48.27,149.04,949.575,71.28,89.93,103.22,14.16,61.28,160.84,49.04,87.33,18.54,342.37,343.54,94.91,35.89,50.49,62.22,100.95,45.2,41.14,260.86,108.93,16.95,44.98,17.77,578.85,492.43,94.83,224.09,46.39,233.41,NaN,83.32,144.08,1.03,723.7,297.98,10.32,37.54,81.17,121.7157,35.1,109.34,186.13,5.2,1344.29,17.94,7.4,86.5,772.49,37.32,8.73,74.6,75.36,48.86,45.2,307.12,121.6,710.17,85.05,381.83,88.87,87.54,116.01,188.86
2026-08-13,15.06,305.26,483.01,31.51,265.13,143.58,312.67,34.85,417.82,230.33,37.82,117.84,28.0,NaN,854.6,75.73,51.41,153.9,961.85,75.38,91.31,104.8,14.23,61.63,165.44,49.05,86.05,18.57,343.94,346.36,99.37,35.88,50.505,62.8718,104.56,44.98,41.12,262.08,110.7,17.56,44.87,16.99,594.97,496.88,97.1,225.3,46.72,231.91,NaN,81.56,144.26,1.2,732.07,301.41,10.23,37.6,80.1,121.0906,35.34,110.06,188.59,5.3,1528.11,18.43,7.48,87.45,777.88,36.04,8.41,77.15,75.88,48.47,45.25,308.54,122.99,714.95,85.69,384.3,89.73,87.72,115.72,190.77
2026-08-14,14.83,305.93,514.39,31.92,262.65,140.76,315.44,34.86,392.99,231.67,37.74,117.87,27.81,NaN,856.57,75.98,49.28,148.47,961.1,71.6,89.35,106.85,14.18,61.54,160.01,48.68,86.58,18.66,343.54,345.9,95.56,35.63,50.5,62.31,102.5,46.26,40.74,260.35,110.39,19.01,44.26,17.25,589.85,495.4,93.04,225.16,45.89,234.71,NaN,82.66,144.55,1.03,731.07,301.01,11.13,37.67,80.25,122.6863,35.65,111.09,185.1,5.41,1641.11,18.29,7.43,87.6,776.34,36.24,8.35,76.79,75.95,48.48,44.93,309.29,122.56,713.61,85.36,383.85,89.34,87.7,115.27,190.01
2026-08-17,14.43,305.59,506.0,32.13,261.31,134.54,311.98,34.7,392.43,225.95,37.82,117.86,28.43,NaN,881.65,74.44,48.54,150.55,953.5,74.59,87.59,103.5,14.4,60.96,155.85,49.75,87.45,18.4,341.45,344.0,96.25,36.42,50.52,62.1157,103.49,46.84,40.26,262.37,107.91,20.38,43.35,17.27,568.97,480.35,97.68,225.01,44.88,232.72,NaN,83.38,143.12,0.9702,729.87,300.52,10.44,37.44,82.08,122.2514,35.8,110.58,183.62,5.18,1786.85,18.31,7.04,87.71,772.67,36.42,8.77,76.4,74.99,48.46,45.25,307.97,122.54,710.27,85.05,382.13,88.87,87.87,114.33,190.32
2026-08-18,14.05,310.03,484.39,31.02,259.45,133.85,307.26,33.98,380.0,223.06,36.55,117.9,28.57,NaN,840.87,74.03,48.37,146.23,961.35,71.73,85.7,103.95,14.44,61.04,158.01,50.0,85.98,17.95,341.28,344.2,91.53,36.6,50.51,61.8433,96.685,44.12,40.05,271.11,107.72,19.31,42.49,16.04,543.67,481.63,92.52,219.74,45.71,228.56,NaN,79.42,143.45,0.9417,717.51,295.45,10.205,37.6,79.16,120.2788,35.02,111.68,182.82,5.11,1625.78,17.66,6.99,86.69,767.45,38.28,8.36,72.53,74.66,47.16,43.62,303.63,119.79,705.4,83.96,379.04,87.86,86.44,115.2,185.62
2026-08-19,13.86,316.83,466.42,31.16,265.84,133.63,310.79,33.64,362.48,222.2,36.38,117.89,30.27,NaN,816.15,74.65,49.4,160.2,956.99,78.59,83.29,106.93,15.88,61.55,152.85,53.0,89.29,18.03,341.7,344.72,95.77,38.78,50.53,62.306,92.8,43.36,41.06,273.41,109.88,18.52,41.42,16.48,546.03,484.31,104.25,217.56,46.48,226.02,NaN,76.58,144.38,1.01,716.08,294.85,9.89,38.2,75.84,117.4701,34.97,110.88,181.24,5.24,1568.87,18.42,7.16,86.07,769.06,38.53,8.47,72.06,78.04,46.67,45.01,305.95,118.8,706.91,83.78,379.99,87.93,86.97,114.3,183.64
2026-08-20,13.52,311.3,469.455,30.05,260.11,129.98,308.77,32.92,364.03,215.1,35.81,117.9,32.15,NaN,815.39,75.39,47.99,172.35,933.51,83.66,81.06,107.32,17.55,61.22,150.79,56.28,89.59,18.04,338.2,340.67,95.1,41.2,50.53,62.4561,92.13,41.53,40.36,267.37,108.69,17.93,39.89,15.99,545.83,481.15,112.39,216.85,46.14,222.97,NaN,74.71,142.97,1.0,710.93,292.79,9.53,37.97,72.95,114.31,34.65,109.79,179.98,5.21,1600.62,17.92,6.97,85.58,762.6,39.37,8.69,70.48,78.55,45.69,43.84,302.83,118.36,701.01,83.17,376.58,87.17,87.03,103.84,183.1
2026-08-21,13.82,309.35,473.25,30.01,258.63,132.69,305.77,33.25,368.45,214.2,36.04,117.96,34.08,NaN,827.9,75.51,49.37,186.49,947.74,87.98,82.41,107.78,18.24,61.65,153.51,59.63,91.32,18.21,341.75,344.82,108.13,43.68,50.53,62.2844,90.07,44.86,41.49,270.24,109.31,18.32,40.38,16.44,549.9,483.24,119.25,214.72,46.74,225.56,NaN,74.21,144.68,0.9971,713.44,293.76,9.62,39.07,72.57,114.8329,34.83,112.3,180.76,5.24,1596.08,18.91,7.32,85.95,765.72,39.02,9.19,71.17,78.8,45.92,46.07,304.76,118.42,703.71,83.46,378.24,87.5,87.71,103.7,183.31
2026-08-24,13.63,310.34,456.745,28.92,262.07,132.79,298.59,32.45,358.76,210.46,35.25,117.93,34.84,NaN,811.02,76.4,49.14,179.48,971.4,87.72,82.48,110.61,18.66,62.02,151.99,60.96,92.02,18.04,344.59,348.06,103.62,44.64,50.53,61.82,87.26,41.06,41.04,273.04,111.37,16.66,40.71,16.5,559.02,487.31,122.63,208.48,46.92,222.44,NaN,71.93,146.6,1.01,706.32,290.81,8.93,38.46,68.28,112.1,34.47,113.65,182.99,5.53,1493.12,18.24,7.0,85.9,763.47,40.19,9.34,69.01,79.29,44.67,45.69,302.9,116.42,701.83,82.88,377.07,86.93,87.2,106.49,180.05
2026-08-25,13.95,309.9,479.18,29.65,261.06,133.18,310.54,32.49,356.74,211.08,35.85,117.95,34.92,NaN,811.29,76.29,48.92,187.16,960.01,92.02,83.62,111.25,18.6,61.76,153.66,61.07,92.35,18.09,343.34,346.96,112.09,44.72,50.55,62.99,87.48,42.05,40.99,273.14,111.02,16.6,40.82,16.64,570.05,491.71,126.83,213.05,48.66,224.75,NaN,72.51,145.4,0.9948,710.72,292.66,9.1,38.39,66.91,111.45,34.6,112.27,183.8,5.92,1480.77,19.0,7.05,86.08,765.91,39.46,9.51,70.27,80.35,44.59,48.14,303.01,117.51,704.02,83.43,378.15,87.4,88.12,105.38,181.74
2026-08-26,13.84,313.45,480.93,29.49,260.28,133.67,308.11,32.45,355.59,212.09,35.63,117.99,34.71,NaN,821.93,75.54,48.99,181.78,956.12,89.91,83.08,109.63,18.65,61.8842,157.54,60.73,90.9,17.97,339.1,342.0,108.54,44.46,50.55,62.09,88.24,40.03,41.39,270.0,110.34,16.11,40.67,16.76,576.14,496.37,123.19,209.66,47.19,223.15,NaN,73.22,145.0,0.9771,711.37,292.9,8.93,38.27,66.18,112.1,34.71,109.39,188.55,5.42,1499.37,18.84,7.01,86.51,766.08,39.38,9.23,70.47,78.49,44.51,48.05,303.96,117.99,704.2,83.34,378.23,87.41,87.82,104.34,182.84
2026-08-27,13.72,314.58,476.67,29.84,256.26,133.44,312.63,32.82,371.54,209.89,36.14,118.0,35.34,NaN,817.0,75.03,49.24,190.72,934.66,94.24,81.14,106.82,18.87,61.49,172.78,61.86,91.17,18.25,337.71,340.65,109.76,45.29,50.55,62.11,92.09,42.46,39.88,265.77,109.98,16.18,39.76,16.02,571.1,505.06,137.4,227.98,46.26,225.86,NaN,74.8,143.14,0.9898,721.11,296.92,9.28,37.76,67.53,112.6326,34.77,108.05,192.86,5.33,1484.95,19.18,7.22,86.15,771.1,37.775,9.68,73.3,76.95,44.84,48.37,304.28,121.91,708.75,84.62,380.63,88.9,87.93,102.63,188.61
2026-08-28,13.64,319.7,465.58,28.49,266.43,135.04,317.76,32.35,368.79,209.82,35.75,118.06,34.3,NaN,800.25,76.14,49.09,178.64,945.47,87.14,80.07,108.1,18.37,61.31,166.0,60.01,88.2,17.87,342.88,346.59,104.26,43.9,50.54,61.57,89.47,39.2,39.31,268.04,109.55,15.37,39.64,16.38,578.02,513.53,127.31,217.55,45.61,223.58,NaN,72.61,143.78,0.9611,716.43,295.0,8.49,37.26,64.39,110.7662,34.24,110.16,191.23,5.43,1484.98,18.06,7.11,85.71,769.35,38.54,9.18,71.85,78.82,43.98,45.57,300.75,120.07,707.24,84.17,379.36,88.54,87.52,103.09,185.69
2026-08-31,13.43,316.85,470.72,28.71,259.77,136.58,312.06,32.38,370.34,207.78,35.89,118.07,34.88,NaN,797.47,76.14,48.39,188.12,943.89,95.55,78.0,107.55,18.72,60.9755,170.93,61.02,88.11,18.38,335.41,339.35,104.81,44.67,50.55,61.93,89.51,39.31,37.93,265.85,107.95,15.36,38.53,16.23,572.34,507.29,132.94,220.78,45.33,224.64,NaN,74.09,145.12,0.9536,716.76,295.18,8.59,37.97,63.92,109.97,34.16,109.82,192.49,5.55,1566.7,17.88,7.16,85.4,767.05,38.51,9.04,71.92,75.65,43.62,45.51,299.15,120.49,704.89,83.95,378.15,88.24,87.32,104.87,186.5
2026-09-01,12.95,325.13,459.61,28.56,254.92,131.69,311.74,31.83,369.68,205.66,35.15,118.11,34.17,NaN,779.16,75.84,46.54,176.82,939.96,89.48,76.38,106.22,18.23,60.6,161.85,59.76,85.59,18.81,332.03,335.02,103.51,43.76,50.385,61.5454,88.97,37.78,36.46,271.19,107.08,14.72,37.68,15.6,578.54,501.02,124.88,217.44,45.12,222.4,NaN,72.65,146.21,0.9512,707.64,291.4,8.25,37.97,62.54,108.49,33.73,108.28,174.92,5.35,1536.87,17.05,6.85,84.5,761.78,39.97,8.44,69.15,75.24,42.75,43.94,295.9,118.87,700.28,83.1,375.17,87.37,86.71,105.92,183.64
2026-09-02,13.11,324.96,457.06,28.49,254.98,132.29,319.05,31.85,367.24,208.87,35.19,118.06,34.2,NaN,792.28,75.38,47.14,174.96,928.48,88.64,78.14,107.98,18.05,60.75,154.54,59.8,86.89,18.97,333.78,337.12,106.99,43.79,50.4,61.6759,90.05,37.64,36.3,275.21,109.29,14.86,38.61,15.63,592.85,496.82,123.19,224.41,46.77,228.5,NaN,72.34,147.64,0.9745,709.24,292.02,8.32,37.98,63.1,108.155,34.04,108.24,175.25,5.59,1553.4,17.84,6.78,84.77,765.16,39.71,8.32,69.6,76.45,43.14,44.32,297.68,119.13,703.41,83.49,376.88,87.6,87.16,106.09,183.6
2026-09-03,12.97,328.21,456.16,29.01,258.9,134.49,313.58,32.35,357.16,210.51,35.81,118.08,36.16,NaN,800.14,77.26,47.75,192.7,925.41,103.23,78.75,107.16,19.02,61.1,156.36,63.24,88.52,19.23,339.08,342.48,124.72,46.35,50.41,61.3198,91.67,39.02,36.44,278.43,107.95,14.7,38.73,15.96,610.68,510.12,144.82,228.45,47.51,224.99,NaN,73.65,146.92,0.9792,717.67,295.51,8.54,37.22,63.81,108.5133,34.21,110.38,175.21,5.7,1554.99,18.51,6.74,85.13,773.17,38.34,8.4,72.03,75.96,43.53,45.7,299.85,120.88,710.72,84.61,380.93,88.88,87.97,108.42,185.97
2026-09-04,13.13,319.97,477.57,29.55,258.51,133.67,320.56,32.22,357.895,212.25,35.95,118.13,35.31,NaN,813.94,75.83,46.97,184.64,915.74,102.05,80.17,105.31,18.52,60.78,156.29,61.73,87.73,19.16,335.31,338.46,122.11,45.23,50.42,61.1771,95.8,39.52,37.24,275.23,104.96,14.81,39.62,15.16,616.77,499.7,142.8,230.36,46.6,227.835,NaN,74.38,146.44,0.968,718.96,296.07,8.37,38.49,64.26,108.8193,34.55,109.29,173.38,5.47,1740.0,18.22,6.74,85.32,770.19,38.18,8.45,72.37,75.76,43.7,46.06,300.01,121.27,708.01,84.5,379.73,88.45,88.41,107.14,187.28
2026-09-08,12.91,316.22,505.74,30.44,256.97,131.81,312.01,32.52,368.56,210.73,35.61,118.13,34.68,NaN,822.48,75.97,45.95,178.94,910.18,96.18,78.96,105.06,18.72,59.8,157.47,60.65,86.23,18.89,335.38,338.36,117.34,44.39,50.41,60.7715,104.47,40.47,36.49,269.12,102.93,15.68,38.67,15.5,613.48,493.95,136.52,225.73,45.16,223.87,NaN,71.08,145.58,0.945,718.36,295.76,8.695,38.09,65.87,109.2382,34.46,106.87,175.13,5.43,1737.99,18.01,6.57,85.06,765.96,38.31,8.9,72.16,73.13,44.34,47.5,297.76,121.05,704.07,84.08,377.6,88.12,88.08,106.05,187.87
2026-09-09,12.94,315.34,521.095,29.31,252.4,130.98,305.06,31.84,364.38,206.42,35.18,118.13,34.59,NaN,815.56,75.18,44.11,174.72,902.6,92.99,78.75,104.18,18.58,59.34,157.22,60.47,87.03,19.89,328.38,330.65,115.28,44.29,50.41,60.23,106.24,38.14,34.64,267.08,98.7,14.94,38.68,15.235,653.69,491.65,132.7,223.67,44.56,223.32,NaN,70.98,142.64,0.9503,716.31,294.97,8.13,38.12,63.07,107.02,34.1,106.54,169.3,5.31,1764.17,17.33,6.48,84.43,762.4,38.64,8.93,71.55,71.08,43.06,46.86,294.09,120.89,700.87,83.76,375.56,87.68,87.41,105.83,187.87
2026-09-10,12.85,326.57,503.6,28.66,251.89,127.91,314.49,31.665,360.83,204.8,34.76,118.135,34.07,NaN,805.0,73.87,43.07,172.28,902.38,90.32,78.24,105.82,18.56,59.12,158.85,59.65,85.51,20.39,330.39,332.6,113.33,43.68,50.39,59.5262,100.32,36.84,34.29,266.35,98.48,14.62,38.69,15.02,644.38,492.44,128.56,218.36,44.01,226.465,NaN,70.17,142.97,0.9275,708.69,291.8,8.08,37.59,61.96,106.7071,33.65,107.33,162.58,5.52,1692.59,17.21,6.28,83.75,757.83,39.9,8.02,69.21,72.56,42.79,45.0,291.18,119.63,696.65,83.07,373.24,87.21,86.28,105.73,185.22
2026-09-11,13.01,332.27,516.13,29.53,256.78,128.98,323.96,31.84,361.99,210.45,35.28,118.19,34.15,NaN,818.57,75.62,42.34,175.26,904.77,90.6,79.91,106.55,19.16,59.55,156.07,59.77,86.0,21.15,335.45,338.5,112.57,43.77,50.38,60.04,102.94,36.75,34.36,265.58,98.15,14.35,39.24,14.72,648.03,495.63,130.97,218.29,43.07,236.62,NaN,76.14,145.27,0.8601,714.88,294.39,7.96,37.72,62.95,107.6437,33.79,107.25,160.8,5.68,1633.35,17.32,6.26,84.57,764.29,38.87,8.14,70.98,71.67,43.28,43.53,293.45,121.07,702.56,83.74,376.31,88.02,87.14,107.15,187.67
2026-09-14,13.1,333.08,493.41,27.28,253.54,128.31,334.24,31.65,344.72,210.27,34.76,118.16,34.91,NaN,784.0,74.17,41.82,191.45,918.91,97.42,79.8,108.59,19.17,60.065,170.18,61.07,84.73,21.62,345.71,349.39,114.33,44.74,50.38,59.725,97.19,37.5,34.25,266.32,99.09,13.88,39.52,14.88,665.6,505.41,136.94,210.96,43.45,224.23,NaN,71.65,146.13,0.8605,709.18,292.02,7.8,37.63,62.55,105.701,33.41,107.31,169.62,5.84,1551.99,17.65,6.47,83.82,760.88,39.83,7.84,69.27,72.63,42.96,42.19,292.37,119.17,699.3,83.16,374.68,87.71,86.04,109.08,184.28
2026-09-15,12.77,331.34,504.2,27.7,248.42,127.0,331.46,31.51,339.27,209.69,34.63,118.17,33.64,NaN,783.54,73.25,41.42,172.11,901.35,86.3,78.89,106.42,18.2,59.72,172.37,58.84,85.0,21.44,341.43,344.98,110.45,43.11,50.38,58.98,97.14,37.05,33.99,267.2,98.675,13.87,39.28,13.14,670.24,497.12,129.6,212.17,42.53,226.35,NaN,73.2,146.67,0.8999,704.54,290.09,7.965,37.23,63.55,105.8423,33.15,107.79,167.09,5.83,1530.895,17.07,6.15,83.38,757.39,40.62,7.98,67.9,71.43,42.89,41.77,290.89,118.79,696.2,82.71,372.84,87.06,85.69,108.09,183.74
2026-09-16,12.7,332.41,512.5,27.81,245.96,124.53,326.56,31.58,339.51,201.96,34.72,118.2,33.61,NaN,782.72,73.22,40.01,164.51,893.74,80.45,77.87,106.99,18.15,59.215,171.77,58.75,84.53,21.98,339.36,342.87,104.42,43.04,50.37,58.91,101.05,36.84,34.06,267.28,98.1,13.87,39.15,14.25,673.31,490.3,126.18,213.9,41.71,218.98,NaN,66.6,147.02,1.01,704.72,290.2,7.095,37.08,63.7,105.9674,33.06,105.16,170.68,5.72,1519.97,16.84,5.93,82.95,754.05,40.61,7.95,67.93,70.97,42.96,41.37,288.98,118.92,693.24,82.63,371.26,87.06,85.41,107.5,183.93
2026-09-17,12.94,337.0,545.09,29.15,251.19,126.0,321.6,32.3,347.3,197.0,35.115,118.22,33.82,NaN,798.57,73.74,40.17,173.97,893.93,85.09,79.43,105.35,18.47,59.4162,172.58,59.14,85.95,22.77,343.68,347.33,109.81,43.3,50.4,59.82,108.8,40.34,35.55,270.22,98.19,14.79,40.34,13.11,682.31,497.75,132.25,219.34,43.19,227.95,NaN,68.3,147.55,1.02,716.92,295.2,7.095,40.14,67.82,106.722,33.32,104.63,166.16,5.65,1614.39,16.73,6.0,83.43,762.6,38.53,8.38,71.38,70.87,43.66,42.68,290.91,121.48,701.03,83.86,375.34,88.43,86.5,106.79,188.06
2026-09-18,12.96,336.13,559.82,30.19,253.71,125.91,308.06,32.12,357.61,198.2,35.11,118.24,35.91,NaN,808.99,73.06,40.1,194.25,895.31,91.78,79.62,102.67,19.92,58.85,169.84,62.81,86.59,22.64,344.41,349.54,119.82,46.02,50.38,59.699,108.6,39.13,34.53,269.99,97.86,13.92,40.98,13.21,665.75,493.78,153.92,222.27,43.24,227.99,NaN,69.98,146.39,1.02,721.45,296.91,6.75,40.96,64.57,105.76,33.44,105.25,165.75,5.53,1791.82,16.96,5.93,83.93,761.69,37.87,8.64,72.64,70.5,43.21,41.65,289.61,122.31,701.78,84.35,375.43,88.75,85.88,106.73,189.6
2026-09-21,13.57,338.98,615.52,30.24,258.45,127.91,330.17,32.9,362.66,201.15,35.82,118.25,38.25,NaN,816.5,73.22,40.86,201.05,898.48,94.49,82.5,104.23,20.85,58.94,175.23,66.88,85.96,22.76,350.87,354.97,123.3,49.01,50.38,60.54,121.78,40.51,35.33,269.47,97.74,15.72,41.77,13.5,741.245,501.61,168.5,227.38,39.8,232.41,NaN,71.72,146.08,0.9616,741.47,305.27,6.95,41.52,69.89,107.641,33.61,106.88,167.5,5.7,1766.64,16.97,6.17,84.81,773.5,34.6,8.67,78.91,70.84,44.17,42.98,291.09,125.56,712.78,86.26,381.1,91.02,87.15,107.44,194.85
2026-09-22,13.61,339.75,623.77,31.24,254.98,124.15,328.73,33.04,364.54,197.72,36.01,118.26,38.11,NaN,808.01,72.37,40.23,201.07,899.41,94.59,83.92,103.82,20.76,58.93,174.26,66.63,86.33,24.03,347.41,351.16,124.25,48.83,50.39,60.3,123.86,40.74,35.71,269.19,98.91,16.24,42.08,13.8,736.595,498.0,167.33,228.87,39.4,237.57,NaN,73.6,148.22,0.9305,747.46,307.78,6.94,41.94,71.98,107.4,33.76,100.35,169.01,5.62,1887.04,17.16,6.12,84.98,773.38,33.77,9.36,80.83,69.89,44.24,43.74,292.33,126.41,712.78,86.37,381.27,91.12,87.49,110.12,196.27
